injected,dropped,trial,accepted,prefix_removed,ext_missing,status,received
0,0,0,True,False,False,accepted,12
0,0,1,True,False,False,accepted,12
0,0,2,True,False,False,accepted,12
0,0,3,True,False,False,accepted,12
0,0,4,True,False,False,accepted,12
0,0,5,True,False,False,accepted,12
0,0,6,True,False,False,accepted,12
0,0,7,True,False,False,accepted,12
0,0,8,True,False,False,accepted,12
0,0,9,True,False,False,accepted,12
0,0,10,True,False,False,accepted,12
0,0,11,True,False,False,accepted,12
0,0,12,True,False,False,accepted,12
0,0,13,True,False,False,accepted,12
0,0,14,True,False,False,accepted,12
0,0,15,True,False,False,accepted,12
0,0,16,True,False,False,accepted,12
0,0,17,True,False,False,accepted,12
0,0,18,True,False,False,accepted,12
0,0,19,True,False,False,accepted,12
0,0,20,True,False,False,accepted,12
0,0,21,True,False,False,accepted,12
0,0,22,True,False,False,accepted,12
0,0,23,True,False,False,accepted,12
0,0,24,True,False,False,accepted,12
0,0,25,True,False,False,accepted,12
0,0,26,True,False,False,accepted,12
0,0,27,True,False,False,accepted,12
0,0,28,True,False,False,accepted,12
0,0,29,True,False,False,accepted,12
0,0,30,True,False,False,accepted,12
0,0,31,True,False,False,accepted,12
0,0,32,True,False,False,accepted,12
0,0,33,True,False,False,accepted,12
0,0,34,True,False,False,accepted,12
0,0,35,True,False,False,accepted,12
0,0,36,True,False,False,accepted,12
0,0,37,True,False,False,accepted,12
0,0,38,True,False,False,accepted,12
0,0,39,True,False,False,accepted,12
0,0,40,True,False,False,accepted,12
0,0,41,True,False,False,accepted,12
0,0,42,True,False,False,accepted,12
0,0,43,True,False,False,accepted,12
0,0,44,True,False,False,accepted,12
0,0,45,True,False,False,accepted,12
0,0,46,True,False,False,accepted,12
0,0,47,True,False,False,accepted,12
0,0,48,True,False,False,accepted,12
0,0,49,True,False,False,accepted,12
0,0,50,True,False,False,accepted,12
0,0,51,True,False,False,accepted,12
0,0,52,True,False,False,accepted,12
0,0,53,True,False,False,accepted,12
0,0,54,True,False,False,accepted,12
0,0,55,True,False,False,accepted,12
0,0,56,True,False,False,accepted,12
0,0,57,True,False,False,accepted,12
0,0,58,True,False,False,accepted,12
0,0,59,True,False,False,accepted,12
0,0,60,True,False,False,accepted,12
0,0,61,True,False,False,accepted,12
0,0,62,True,False,False,accepted,12
0,0,63,True,False,False,accepted,12
0,0,64,True,False,False,accepted,12
0,0,65,True,False,False,accepted,12
0,0,66,True,False,False,accepted,12
0,0,67,True,False,False,accepted,12
0,0,68,True,False,False,accepted,12
0,0,69,True,False,False,accepted,12
0,0,70,True,False,False,accepted,12
0,0,71,True,False,False,accepted,12
0,0,72,True,False,False,accepted,12
0,0,73,True,False,False,accepted,12
0,0,74,True,False,False,accepted,12
0,0,75,True,False,False,accepted,12
0,0,76,True,False,False,accepted,12
0,0,77,True,False,False,accepted,12
0,0,78,True,False,False,accepted,12
0,0,79,True,False,False,accepted,12
0,0,80,True,False,False,accepted,12
0,0,81,True,False,False,accepted,12
0,0,82,True,False,False,accepted,12
0,0,83,True,False,False,accepted,12
0,0,84,True,False,False,accepted,12
0,0,85,True,False,False,accepted,12
0,0,86,True,False,False,accepted,12
0,0,87,True,False,False,accepted,12
0,0,88,True,False,False,accepted,12
0,0,89,True,False,False,accepted,12
0,0,90,True,False,False,accepted,12
0,0,91,True,False,False,accepted,12
0,0,92,True,False,False,accepted,12
0,0,93,True,False,False,accepted,12
0,0,94,True,False,False,accepted,12
0,0,95,True,False,False,accepted,12
0,0,96,True,False,False,accepted,12
0,0,97,True,False,False,accepted,12
0,0,98,True,False,False,accepted,12
0,0,99,True,False,False,accepted,12
0,1,0,False,False,False,packet_rejected,0
0,1,1,False,False,False,packet_rejected,0
0,1,2,False,False,False,packet_rejected,0
0,1,3,False,False,False,packet_rejected,0
0,1,4,False,False,False,packet_rejected,0
0,1,5,False,False,False,packet_rejected,0
0,1,6,False,False,False,packet_rejected,0
0,1,7,False,False,False,packet_rejected,0
0,1,8,False,False,False,packet_rejected,0
0,1,9,False,False,False,packet_rejected,0
0,1,10,False,False,False,packet_rejected,0
0,1,11,False,False,False,packet_rejected,0
0,1,12,False,False,False,packet_rejected,0
0,1,13,False,False,False,packet_rejected,0
0,1,14,False,False,False,packet_rejected,0
0,1,15,False,False,False,packet_rejected,0
0,1,16,False,False,False,packet_rejected,0
0,1,17,False,False,False,packet_rejected,0
0,1,18,False,False,False,packet_rejected,0
0,1,19,False,False,False,packet_rejected,0
0,1,20,False,False,False,packet_rejected,0
0,1,21,False,False,False,packet_rejected,0
0,1,22,False,False,False,packet_rejected,0
0,1,23,False,False,False,packet_rejected,0
0,1,24,False,False,False,packet_rejected,0
0,1,25,False,False,False,packet_rejected,0
0,1,26,False,False,False,packet_rejected,0
0,1,27,False,False,False,packet_rejected,0
0,1,28,False,False,False,packet_rejected,0
0,1,29,False,False,False,packet_rejected,0
0,1,30,False,False,False,packet_rejected,0
0,1,31,False,False,False,packet_rejected,0
0,1,32,False,False,False,packet_rejected,0
0,1,33,False,False,False,packet_rejected,0
0,1,34,False,False,False,packet_rejected,0
0,1,35,False,False,False,packet_rejected,0
0,1,36,False,False,False,packet_rejected,0
0,1,37,False,False,False,packet_rejected,0
0,1,38,False,False,False,packet_rejected,0
0,1,39,False,False,False,packet_rejected,0
0,1,40,False,False,False,packet_rejected,0
0,1,41,False,False,False,packet_rejected,0
0,1,42,False,False,False,packet_rejected,0
0,1,43,False,False,False,packet_rejected,0
0,1,44,False,False,False,packet_rejected,0
0,1,45,False,False,False,packet_rejected,0
0,1,46,False,False,False,packet_rejected,0
0,1,47,False,False,False,packet_rejected,0
0,1,48,False,False,False,packet_rejected,0
0,1,49,False,False,False,packet_rejected,0
0,1,50,False,False,False,packet_rejected,0
0,1,51,False,False,False,packet_rejected,0
0,1,52,False,False,False,packet_rejected,0
0,1,53,False,False,False,packet_rejected,0
0,1,54,False,False,False,packet_rejected,0
0,1,55,False,False,False,packet_rejected,0
0,1,56,False,False,False,packet_rejected,0
0,1,57,False,False,False,packet_rejected,0
0,1,58,False,False,False,packet_rejected,0
0,1,59,False,False,False,packet_rejected,0
0,1,60,False,False,False,packet_rejected,0
0,1,61,False,False,False,packet_rejected,0
0,1,62,False,False,False,packet_rejected,0
0,1,63,False,False,False,packet_rejected,0
0,1,64,False,False,False,packet_rejected,0
0,1,65,False,False,False,packet_rejected,0
0,1,66,False,False,False,packet_rejected,0
0,1,67,False,False,False,packet_rejected,0
0,1,68,False,False,False,packet_rejected,0
0,1,69,False,False,False,packet_rejected,0
0,1,70,False,False,False,packet_rejected,0
0,1,71,False,False,False,packet_rejected,0
0,1,72,False,False,False,packet_rejected,0
0,1,73,False,False,False,packet_rejected,0
0,1,74,False,False,False,packet_rejected,0
0,1,75,False,False,False,packet_rejected,0
0,1,76,False,False,False,packet_rejected,0
0,1,77,False,False,False,packet_rejected,0
0,1,78,False,False,False,packet_rejected,0
0,1,79,False,False,False,packet_rejected,0
0,1,80,False,False,False,packet_rejected,0
0,1,81,False,False,False,packet_rejected,0
0,1,82,False,False,False,packet_rejected,0
0,1,83,False,False,False,packet_rejected,0
0,1,84,False,False,False,packet_rejected,0
0,1,85,False,False,False,packet_rejected,0
0,1,86,False,False,False,packet_rejected,0
0,1,87,False,False,False,packet_rejected,0
0,1,88,False,False,False,packet_rejected,0
0,1,89,False,False,False,packet_rejected,0
0,1,90,False,False,False,packet_rejected,0
0,1,91,False,False,False,packet_rejected,0
0,1,92,False,False,False,packet_rejected,0
0,1,93,False,False,False,packet_rejected,0
0,1,94,False,False,False,packet_rejected,0
0,1,95,False,False,False,packet_rejected,0
0,1,96,False,False,False,packet_rejected,0
0,1,97,False,False,False,packet_rejected,0
0,1,98,False,False,False,packet_rejected,0
0,1,99,False,False,False,packet_rejected,0
0,2,0,False,False,False,packet_rejected,0
0,2,1,False,False,False,packet_rejected,0
0,2,2,False,False,False,packet_rejected,0
0,2,3,False,False,False,packet_rejected,0
0,2,4,False,False,False,packet_rejected,0
0,2,5,False,False,False,packet_rejected,0
0,2,6,False,False,False,packet_rejected,0
0,2,7,False,False,False,packet_rejected,0
0,2,8,False,False,False,packet_rejected,0
0,2,9,False,False,False,packet_rejected,0
0,2,10,False,False,False,packet_rejected,0
0,2,11,False,False,False,packet_rejected,0
0,2,12,False,False,False,packet_rejected,0
0,2,13,False,False,False,packet_rejected,0
0,2,14,False,False,False,packet_rejected,0
0,2,15,False,False,False,packet_rejected,0
0,2,16,False,False,False,packet_rejected,0
0,2,17,False,False,False,packet_rejected,0
0,2,18,False,False,False,packet_rejected,0
0,2,19,False,False,False,packet_rejected,0
0,2,20,False,False,False,packet_rejected,0
0,2,21,False,False,False,packet_rejected,0
0,2,22,False,False,False,packet_rejected,0
0,2,23,False,False,False,packet_rejected,0
0,2,24,False,False,False,packet_rejected,0
0,2,25,False,False,False,packet_rejected,0
0,2,26,False,False,False,packet_rejected,0
0,2,27,False,False,False,packet_rejected,0
0,2,28,False,False,False,packet_rejected,0
0,2,29,False,False,False,packet_rejected,0
0,2,30,False,False,False,packet_rejected,0
0,2,31,False,False,False,packet_rejected,0
0,2,32,False,False,False,packet_rejected,0
0,2,33,False,False,False,packet_rejected,0
0,2,34,False,False,False,packet_rejected,0
0,2,35,False,False,False,packet_rejected,0
0,2,36,False,False,False,packet_rejected,0
0,2,37,False,False,False,packet_rejected,0
0,2,38,False,False,False,packet_rejected,0
0,2,39,False,False,False,packet_rejected,0
0,2,40,False,False,False,packet_rejected,0
0,2,41,False,False,False,packet_rejected,0
0,2,42,False,False,False,packet_rejected,0
0,2,43,False,False,False,packet_rejected,0
0,2,44,False,False,False,packet_rejected,0
0,2,45,False,False,False,packet_rejected,0
0,2,46,False,False,False,packet_rejected,0
0,2,47,False,False,False,packet_rejected,0
0,2,48,False,False,False,packet_rejected,0
0,2,49,False,False,False,packet_rejected,0
0,2,50,False,False,False,packet_rejected,0
0,2,51,False,False,False,packet_rejected,0
0,2,52,False,False,False,packet_rejected,0
0,2,53,False,False,False,packet_rejected,0
0,2,54,False,False,False,packet_rejected,0
0,2,55,False,False,False,packet_rejected,0
0,2,56,False,False,False,packet_rejected,0
0,2,57,False,False,False,packet_rejected,0
0,2,58,False,False,False,packet_rejected,0
0,2,59,False,False,False,packet_rejected,0
0,2,60,False,False,False,packet_rejected,0
0,2,61,False,False,False,packet_rejected,0
0,2,62,False,False,False,packet_rejected,0
0,2,63,False,False,False,packet_rejected,0
0,2,64,False,False,False,packet_rejected,0
0,2,65,False,False,False,packet_rejected,0
0,2,66,False,False,False,packet_rejected,0
0,2,67,False,False,False,packet_rejected,0
0,2,68,False,False,False,packet_rejected,0
0,2,69,False,False,False,packet_rejected,0
0,2,70,False,False,False,packet_rejected,0
0,2,71,False,False,False,packet_rejected,0
0,2,72,False,False,False,packet_rejected,0
0,2,73,False,False,False,packet_rejected,0
0,2,74,False,False,False,packet_rejected,0
0,2,75,False,False,False,packet_rejected,0
0,2,76,False,False,False,packet_rejected,0
0,2,77,False,False,False,packet_rejected,0
0,2,78,False,False,False,packet_rejected,0
0,2,79,False,False,False,packet_rejected,0
0,2,80,False,False,False,packet_rejected,0
0,2,81,False,False,False,packet_rejected,0
0,2,82,False,False,False,packet_rejected,0
0,2,83,False,False,False,packet_rejected,0
0,2,84,False,False,False,packet_rejected,0
0,2,85,False,False,False,packet_rejected,0
0,2,86,False,False,False,packet_rejected,0
0,2,87,False,False,False,packet_rejected,0
0,2,88,False,False,False,packet_rejected,0
0,2,89,False,False,False,packet_rejected,0
0,2,90,False,False,False,packet_rejected,0
0,2,91,False,False,False,packet_rejected,0
0,2,92,False,False,False,packet_rejected,0
0,2,93,False,False,False,packet_rejected,0
0,2,94,False,False,False,packet_rejected,0
0,2,95,False,False,False,packet_rejected,0
0,2,96,False,False,False,packet_rejected,0
0,2,97,False,False,False,packet_rejected,0
0,2,98,False,False,False,packet_rejected,0
0,2,99,False,False,False,packet_rejected,0
0,3,0,False,False,False,packet_rejected,0
0,3,1,False,False,False,packet_rejected,0
0,3,2,False,False,False,packet_rejected,0
0,3,3,False,False,False,packet_rejected,0
0,3,4,False,False,False,packet_rejected,0
0,3,5,False,False,False,packet_rejected,0
0,3,6,False,False,False,packet_rejected,0
0,3,7,False,False,False,packet_rejected,0
0,3,8,False,False,False,packet_rejected,0
0,3,9,False,False,False,packet_rejected,0
0,3,10,False,False,False,packet_rejected,0
0,3,11,False,False,False,packet_rejected,0
0,3,12,False,False,False,packet_rejected,0
0,3,13,False,False,False,packet_rejected,0
0,3,14,False,False,False,packet_rejected,0
0,3,15,False,False,False,packet_rejected,0
0,3,16,False,False,False,packet_rejected,0
0,3,17,False,False,False,packet_rejected,0
0,3,18,False,False,False,packet_rejected,0
0,3,19,False,False,False,packet_rejected,0
0,3,20,False,False,False,packet_rejected,0
0,3,21,False,False,False,packet_rejected,0
0,3,22,False,False,False,packet_rejected,0
0,3,23,False,False,False,packet_rejected,0
0,3,24,False,False,False,packet_rejected,0
0,3,25,False,False,False,packet_rejected,0
0,3,26,False,False,False,packet_rejected,0
0,3,27,False,False,False,packet_rejected,0
0,3,28,False,False,False,packet_rejected,0
0,3,29,False,False,False,packet_rejected,0
0,3,30,False,False,False,packet_rejected,0
0,3,31,False,False,False,packet_rejected,0
0,3,32,False,False,False,packet_rejected,0
0,3,33,False,False,False,packet_rejected,0
0,3,34,False,False,False,packet_rejected,0
0,3,35,False,False,False,packet_rejected,0
0,3,36,False,False,False,packet_rejected,0
0,3,37,False,False,False,packet_rejected,0
0,3,38,False,False,False,packet_rejected,0
0,3,39,False,False,False,packet_rejected,0
0,3,40,False,False,False,packet_rejected,0
0,3,41,False,False,False,packet_rejected,0
0,3,42,False,False,False,packet_rejected,0
0,3,43,False,False,False,packet_rejected,0
0,3,44,False,False,False,packet_rejected,0
0,3,45,False,False,False,packet_rejected,0
0,3,46,False,False,False,packet_rejected,0
0,3,47,False,False,False,packet_rejected,0
0,3,48,False,False,False,packet_rejected,0
0,3,49,False,False,False,packet_rejected,0
0,3,50,False,False,False,packet_rejected,0
0,3,51,False,False,False,packet_rejected,0
0,3,52,False,False,False,packet_rejected,0
0,3,53,False,False,False,packet_rejected,0
0,3,54,False,False,False,packet_rejected,0
0,3,55,False,False,False,packet_rejected,0
0,3,56,False,False,False,packet_rejected,0
0,3,57,False,False,False,packet_rejected,0
0,3,58,False,False,False,packet_rejected,0
0,3,59,False,False,False,packet_rejected,0
0,3,60,False,False,False,packet_rejected,0
0,3,61,False,False,False,packet_rejected,0
0,3,62,False,False,False,packet_rejected,0
0,3,63,False,False,False,packet_rejected,0
0,3,64,False,False,False,packet_rejected,0
0,3,65,False,False,False,packet_rejected,0
0,3,66,False,False,False,packet_rejected,0
0,3,67,False,False,False,packet_rejected,0
0,3,68,False,False,False,packet_rejected,0
0,3,69,False,False,False,packet_rejected,0
0,3,70,False,False,False,packet_rejected,0
0,3,71,False,False,False,packet_rejected,0
0,3,72,False,False,False,packet_rejected,0
0,3,73,False,False,False,packet_rejected,0
0,3,74,False,False,False,packet_rejected,0
0,3,75,False,False,False,packet_rejected,0
0,3,76,False,False,False,packet_rejected,0
0,3,77,False,False,False,packet_rejected,0
0,3,78,False,False,False,packet_rejected,0
0,3,79,False,False,False,packet_rejected,0
0,3,80,False,False,False,packet_rejected,0
0,3,81,False,False,False,packet_rejected,0
0,3,82,False,False,False,packet_rejected,0
0,3,83,False,False,False,packet_rejected,0
0,3,84,False,False,False,packet_rejected,0
0,3,85,False,False,False,packet_rejected,0
0,3,86,False,False,False,packet_rejected,0
0,3,87,False,False,False,packet_rejected,0
0,3,88,False,False,False,packet_rejected,0
0,3,89,False,False,False,packet_rejected,0
0,3,90,False,False,False,packet_rejected,0
0,3,91,False,False,False,packet_rejected,0
0,3,92,False,False,False,packet_rejected,0
0,3,93,False,False,False,packet_rejected,0
0,3,94,False,False,False,packet_rejected,0
0,3,95,False,False,False,packet_rejected,0
0,3,96,False,False,False,packet_rejected,0
0,3,97,False,False,False,packet_rejected,0
0,3,98,False,False,False,packet_rejected,0
0,3,99,False,False,False,packet_rejected,0
0,4,0,False,False,False,packet_rejected,0
0,4,1,False,False,False,packet_rejected,0
0,4,2,False,False,False,packet_rejected,0
0,4,3,False,False,False,packet_rejected,0
0,4,4,False,False,False,packet_rejected,0
0,4,5,False,False,False,packet_rejected,0
0,4,6,False,False,False,packet_rejected,0
0,4,7,False,False,False,packet_rejected,0
0,4,8,False,False,False,packet_rejected,0
0,4,9,False,False,False,packet_rejected,0
0,4,10,False,False,False,packet_rejected,0
0,4,11,False,False,False,packet_rejected,0
0,4,12,False,False,False,packet_rejected,0
0,4,13,False,False,False,packet_rejected,0
0,4,14,False,False,False,packet_rejected,0
0,4,15,False,False,False,packet_rejected,0
0,4,16,False,False,False,packet_rejected,0
0,4,17,False,False,False,packet_rejected,0
0,4,18,False,False,False,packet_rejected,0
0,4,19,False,False,False,packet_rejected,0
0,4,20,False,False,False,packet_rejected,0
0,4,21,False,False,False,packet_rejected,0
0,4,22,False,False,False,packet_rejected,0
0,4,23,False,False,False,packet_rejected,0
0,4,24,False,False,False,packet_rejected,0
0,4,25,False,False,False,packet_rejected,0
0,4,26,False,False,False,packet_rejected,0
0,4,27,False,False,False,packet_rejected,0
0,4,28,False,False,False,packet_rejected,0
0,4,29,False,False,False,packet_rejected,0
0,4,30,False,False,False,packet_rejected,0
0,4,31,False,False,False,packet_rejected,0
0,4,32,False,False,False,packet_rejected,0
0,4,33,False,False,False,packet_rejected,0
0,4,34,False,False,False,packet_rejected,0
0,4,35,False,False,False,packet_rejected,0
0,4,36,False,False,False,packet_rejected,0
0,4,37,False,False,False,packet_rejected,0
0,4,38,False,False,False,packet_rejected,0
0,4,39,False,False,False,packet_rejected,0
0,4,40,False,False,False,packet_rejected,0
0,4,41,False,False,False,packet_rejected,0
0,4,42,False,False,False,packet_rejected,0
0,4,43,False,False,False,packet_rejected,0
0,4,44,False,False,False,packet_rejected,0
0,4,45,False,False,False,packet_rejected,0
0,4,46,False,False,False,packet_rejected,0
0,4,47,False,False,False,packet_rejected,0
0,4,48,False,False,False,packet_rejected,0
0,4,49,False,False,False,packet_rejected,0
0,4,50,False,False,False,packet_rejected,0
0,4,51,False,False,False,packet_rejected,0
0,4,52,False,False,False,packet_rejected,0
0,4,53,False,False,False,packet_rejected,0
0,4,54,False,False,False,packet_rejected,0
0,4,55,False,False,False,packet_rejected,0
0,4,56,False,False,False,packet_rejected,0
0,4,57,False,False,False,packet_rejected,0
0,4,58,False,False,False,packet_rejected,0
0,4,59,False,False,False,packet_rejected,0
0,4,60,False,False,False,packet_rejected,0
0,4,61,False,False,False,packet_rejected,0
0,4,62,False,False,False,packet_rejected,0
0,4,63,False,False,False,packet_rejected,0
0,4,64,False,False,False,packet_rejected,0
0,4,65,False,False,False,packet_rejected,0
0,4,66,False,False,False,packet_rejected,0
0,4,67,False,False,False,packet_rejected,0
0,4,68,False,False,False,packet_rejected,0
0,4,69,False,False,False,packet_rejected,0
0,4,70,False,False,False,packet_rejected,0
0,4,71,False,False,False,packet_rejected,0
0,4,72,False,False,False,packet_rejected,0
0,4,73,False,False,False,packet_rejected,0
0,4,74,False,False,False,packet_rejected,0
0,4,75,False,False,False,packet_rejected,0
0,4,76,False,False,False,packet_rejected,0
0,4,77,False,False,False,packet_rejected,0
0,4,78,False,False,False,packet_rejected,0
0,4,79,False,False,False,packet_rejected,0
0,4,80,False,False,False,packet_rejected,0
0,4,81,False,False,False,packet_rejected,0
0,4,82,False,False,False,packet_rejected,0
0,4,83,False,False,False,packet_rejected,0
0,4,84,False,False,False,packet_rejected,0
0,4,85,False,False,False,packet_rejected,0
0,4,86,False,False,False,packet_rejected,0
0,4,87,False,False,False,packet_rejected,0
0,4,88,False,False,False,packet_rejected,0
0,4,89,False,False,False,packet_rejected,0
0,4,90,False,False,False,packet_rejected,0
0,4,91,False,False,False,packet_rejected,0
0,4,92,False,False,False,packet_rejected,0
0,4,93,False,False,False,packet_rejected,0
0,4,94,False,False,False,packet_rejected,0
0,4,95,False,False,False,packet_rejected,0
0,4,96,False,False,False,packet_rejected,0
0,4,97,False,False,False,packet_rejected,0
0,4,98,False,False,False,packet_rejected,0
0,4,99,False,False,False,packet_rejected,0
0,5,0,False,False,False,packet_rejected,0
0,5,1,False,False,False,packet_rejected,0
0,5,2,False,False,False,packet_rejected,0
0,5,3,False,False,False,packet_rejected,0
0,5,4,False,False,False,packet_rejected,0
0,5,5,False,False,False,packet_rejected,0
0,5,6,False,False,False,packet_rejected,0
0,5,7,False,False,False,packet_rejected,0
0,5,8,False,False,False,packet_rejected,0
0,5,9,False,False,False,packet_rejected,0
0,5,10,False,False,False,packet_rejected,0
0,5,11,False,False,False,packet_rejected,0
0,5,12,False,False,False,packet_rejected,0
0,5,13,False,False,False,packet_rejected,0
0,5,14,False,False,False,packet_rejected,0
0,5,15,False,False,False,packet_rejected,0
0,5,16,False,False,False,packet_rejected,0
0,5,17,False,False,False,packet_rejected,0
0,5,18,False,False,False,packet_rejected,0
0,5,19,False,False,False,packet_rejected,0
0,5,20,False,False,False,packet_rejected,0
0,5,21,False,False,False,packet_rejected,0
0,5,22,False,False,False,packet_rejected,0
0,5,23,False,False,False,packet_rejected,0
0,5,24,False,False,False,packet_rejected,0
0,5,25,False,False,False,packet_rejected,0
0,5,26,False,False,False,packet_rejected,0
0,5,27,False,False,False,packet_rejected,0
0,5,28,False,False,False,packet_rejected,0
0,5,29,False,False,False,packet_rejected,0
0,5,30,False,False,False,packet_rejected,0
0,5,31,False,False,False,packet_rejected,0
0,5,32,False,False,False,packet_rejected,0
0,5,33,False,False,False,packet_rejected,0
0,5,34,False,False,False,packet_rejected,0
0,5,35,False,False,False,packet_rejected,0
0,5,36,False,False,False,packet_rejected,0
0,5,37,False,False,False,packet_rejected,0
0,5,38,False,False,False,packet_rejected,0
0,5,39,False,False,False,packet_rejected,0
0,5,40,False,False,False,packet_rejected,0
0,5,41,False,False,False,packet_rejected,0
0,5,42,False,False,False,packet_rejected,0
0,5,43,False,False,False,packet_rejected,0
0,5,44,False,False,False,packet_rejected,0
0,5,45,False,False,False,packet_rejected,0
0,5,46,False,False,False,packet_rejected,0
0,5,47,False,False,False,packet_rejected,0
0,5,48,False,False,False,packet_rejected,0
0,5,49,False,False,False,packet_rejected,0
0,5,50,False,False,False,packet_rejected,0
0,5,51,False,False,False,packet_rejected,0
0,5,52,False,False,False,packet_rejected,0
0,5,53,False,False,False,packet_rejected,0
0,5,54,False,False,False,packet_rejected,0
0,5,55,False,False,False,packet_rejected,0
0,5,56,False,False,False,packet_rejected,0
0,5,57,False,False,False,packet_rejected,0
0,5,58,False,False,False,packet_rejected,0
0,5,59,False,False,False,packet_rejected,0
0,5,60,False,False,False,packet_rejected,0
0,5,61,False,False,False,packet_rejected,0
0,5,62,False,False,False,packet_rejected,0
0,5,63,False,False,False,packet_rejected,0
0,5,64,False,False,False,packet_rejected,0
0,5,65,False,False,False,packet_rejected,0
0,5,66,False,False,False,packet_rejected,0
0,5,67,False,False,False,packet_rejected,0
0,5,68,False,False,False,packet_rejected,0
0,5,69,False,False,False,packet_rejected,0
0,5,70,False,False,False,packet_rejected,0
0,5,71,False,False,False,packet_rejected,0
0,5,72,False,False,False,packet_rejected,0
0,5,73,False,False,False,packet_rejected,0
0,5,74,False,False,False,packet_rejected,0
0,5,75,False,False,False,packet_rejected,0
0,5,76,False,False,False,packet_rejected,0
0,5,77,False,False,False,packet_rejected,0
0,5,78,False,False,False,packet_rejected,0
0,5,79,False,False,False,packet_rejected,0
0,5,80,False,False,False,packet_rejected,0
0,5,81,False,False,False,packet_rejected,0
0,5,82,False,False,False,packet_rejected,0
0,5,83,False,False,False,packet_rejected,0
0,5,84,False,False,False,packet_rejected,0
0,5,85,False,False,False,packet_rejected,0
0,5,86,False,False,False,packet_rejected,0
0,5,87,False,False,False,packet_rejected,0
0,5,88,False,False,False,packet_rejected,0
0,5,89,False,False,False,packet_rejected,0
0,5,90,False,False,False,packet_rejected,0
0,5,91,False,False,False,packet_rejected,0
0,5,92,False,False,False,packet_rejected,0
0,5,93,False,False,False,packet_rejected,0
0,5,94,False,False,False,packet_rejected,0
0,5,95,False,False,False,packet_rejected,0
0,5,96,False,False,False,packet_rejected,0
0,5,97,False,False,False,packet_rejected,0
0,5,98,False,False,False,packet_rejected,0
0,5,99,False,False,False,packet_rejected,0
0,6,0,False,False,False,packet_rejected,0
0,6,1,False,False,False,packet_rejected,0
0,6,2,False,False,False,packet_rejected,0
0,6,3,False,False,False,packet_rejected,0
0,6,4,False,False,False,packet_rejected,0
0,6,5,False,False,False,packet_rejected,0
0,6,6,False,False,False,packet_rejected,0
0,6,7,False,False,False,packet_rejected,0
0,6,8,False,False,False,packet_rejected,0
0,6,9,False,False,False,packet_rejected,0
0,6,10,False,False,False,packet_rejected,0
0,6,11,False,False,False,packet_rejected,0
0,6,12,False,False,False,packet_rejected,0
0,6,13,False,False,False,packet_rejected,0
0,6,14,False,False,False,packet_rejected,0
0,6,15,False,False,False,packet_rejected,0
0,6,16,False,False,False,packet_rejected,0
0,6,17,False,False,False,packet_rejected,0
0,6,18,False,False,False,packet_rejected,0
0,6,19,False,False,False,packet_rejected,0
0,6,20,False,False,False,packet_rejected,0
0,6,21,False,False,False,packet_rejected,0
0,6,22,False,False,False,packet_rejected,0
0,6,23,False,False,False,packet_rejected,0
0,6,24,False,False,False,packet_rejected,0
0,6,25,False,False,False,packet_rejected,0
0,6,26,False,False,False,packet_rejected,0
0,6,27,False,False,False,packet_rejected,0
0,6,28,False,False,False,packet_rejected,0
0,6,29,False,False,False,packet_rejected,0
0,6,30,False,False,False,packet_rejected,0
0,6,31,False,False,False,packet_rejected,0
0,6,32,False,False,False,packet_rejected,0
0,6,33,False,False,False,packet_rejected,0
0,6,34,False,False,False,packet_rejected,0
0,6,35,False,False,False,packet_rejected,0
0,6,36,False,False,False,packet_rejected,0
0,6,37,False,False,False,packet_rejected,0
0,6,38,False,False,False,packet_rejected,0
0,6,39,False,False,False,packet_rejected,0
0,6,40,False,False,False,packet_rejected,0
0,6,41,False,False,False,packet_rejected,0
0,6,42,False,False,False,packet_rejected,0
0,6,43,False,False,False,packet_rejected,0
0,6,44,False,False,False,packet_rejected,0
0,6,45,False,False,False,packet_rejected,0
0,6,46,False,False,False,packet_rejected,0
0,6,47,False,False,False,packet_rejected,0
0,6,48,False,False,False,packet_rejected,0
0,6,49,False,False,False,packet_rejected,0
0,6,50,False,False,False,packet_rejected,0
0,6,51,False,False,False,packet_rejected,0
0,6,52,False,False,False,packet_rejected,0
0,6,53,False,False,False,packet_rejected,0
0,6,54,False,False,False,packet_rejected,0
0,6,55,False,False,False,packet_rejected,0
0,6,56,False,False,False,packet_rejected,0
0,6,57,False,False,False,packet_rejected,0
0,6,58,False,False,False,packet_rejected,0
0,6,59,False,False,False,packet_rejected,0
0,6,60,False,False,False,packet_rejected,0
0,6,61,False,False,False,packet_rejected,0
0,6,62,False,False,False,packet_rejected,0
0,6,63,False,False,False,packet_rejected,0
0,6,64,False,False,False,packet_rejected,0
0,6,65,False,False,False,packet_rejected,0
0,6,66,False,False,False,packet_rejected,0
0,6,67,False,False,False,packet_rejected,0
0,6,68,False,False,False,packet_rejected,0
0,6,69,False,False,False,packet_rejected,0
0,6,70,False,False,False,packet_rejected,0
0,6,71,False,False,False,packet_rejected,0
0,6,72,False,False,False,packet_rejected,0
0,6,73,False,False,False,packet_rejected,0
0,6,74,False,False,False,packet_rejected,0
0,6,75,False,False,False,packet_rejected,0
0,6,76,False,False,False,packet_rejected,0
0,6,77,False,False,False,packet_rejected,0
0,6,78,False,False,False,packet_rejected,0
0,6,79,False,False,False,packet_rejected,0
0,6,80,False,False,False,packet_rejected,0
0,6,81,False,False,False,packet_rejected,0
0,6,82,False,False,False,packet_rejected,0
0,6,83,False,False,False,packet_rejected,0
0,6,84,False,False,False,packet_rejected,0
0,6,85,False,False,False,packet_rejected,0
0,6,86,False,False,False,packet_rejected,0
0,6,87,False,False,False,packet_rejected,0
0,6,88,False,False,False,packet_rejected,0
0,6,89,False,False,False,packet_rejected,0
0,6,90,False,False,False,packet_rejected,0
0,6,91,False,False,False,packet_rejected,0
0,6,92,False,False,False,packet_rejected,0
0,6,93,False,False,False,packet_rejected,0
0,6,94,False,False,False,packet_rejected,0
0,6,95,False,False,False,packet_rejected,0
0,6,96,False,False,False,packet_rejected,0
0,6,97,False,False,False,packet_rejected,0
0,6,98,False,False,False,packet_rejected,0
0,6,99,False,False,False,packet_rejected,0
0,7,0,False,False,False,packet_rejected,0
0,7,1,False,False,False,packet_rejected,0
0,7,2,False,False,False,packet_rejected,0
0,7,3,False,False,False,packet_rejected,0
0,7,4,False,False,False,packet_rejected,0
0,7,5,False,False,False,packet_rejected,0
0,7,6,False,False,False,packet_rejected,0
0,7,7,False,False,False,packet_rejected,0
0,7,8,False,False,False,packet_rejected,0
0,7,9,False,False,False,packet_rejected,0
0,7,10,False,False,False,packet_rejected,0
0,7,11,False,False,False,packet_rejected,0
0,7,12,False,False,False,packet_rejected,0
0,7,13,False,False,False,packet_rejected,0
0,7,14,False,False,False,packet_rejected,0
0,7,15,False,False,False,packet_rejected,0
0,7,16,False,False,False,packet_rejected,0
0,7,17,False,False,False,packet_rejected,0
0,7,18,False,False,False,packet_rejected,0
0,7,19,False,False,False,packet_rejected,0
0,7,20,False,False,False,packet_rejected,0
0,7,21,False,False,False,packet_rejected,0
0,7,22,False,False,False,packet_rejected,0
0,7,23,False,False,False,packet_rejected,0
0,7,24,False,False,False,packet_rejected,0
0,7,25,False,False,False,packet_rejected,0
0,7,26,False,False,False,packet_rejected,0
0,7,27,False,False,False,packet_rejected,0
0,7,28,False,False,False,packet_rejected,0
0,7,29,False,False,False,packet_rejected,0
0,7,30,False,False,False,packet_rejected,0
0,7,31,False,False,False,packet_rejected,0
0,7,32,False,False,False,packet_rejected,0
0,7,33,False,False,False,packet_rejected,0
0,7,34,False,False,False,packet_rejected,0
0,7,35,False,False,False,packet_rejected,0
0,7,36,False,False,False,packet_rejected,0
0,7,37,False,False,False,packet_rejected,0
0,7,38,False,False,False,packet_rejected,0
0,7,39,False,False,False,packet_rejected,0
0,7,40,False,False,False,packet_rejected,0
0,7,41,False,False,False,packet_rejected,0
0,7,42,False,False,False,packet_rejected,0
0,7,43,False,False,False,packet_rejected,0
0,7,44,False,False,False,packet_rejected,0
0,7,45,False,False,False,packet_rejected,0
0,7,46,False,False,False,packet_rejected,0
0,7,47,False,False,False,packet_rejected,0
0,7,48,False,False,False,packet_rejected,0
0,7,49,False,False,False,packet_rejected,0
0,7,50,False,False,False,packet_rejected,0
0,7,51,False,False,False,packet_rejected,0
0,7,52,False,False,False,packet_rejected,0
0,7,53,False,False,False,packet_rejected,0
0,7,54,False,False,False,packet_rejected,0
0,7,55,False,False,False,packet_rejected,0
0,7,56,False,False,False,packet_rejected,0
0,7,57,False,False,False,packet_rejected,0
0,7,58,False,False,False,packet_rejected,0
0,7,59,False,False,False,packet_rejected,0
0,7,60,False,False,False,packet_rejected,0
0,7,61,False,False,False,packet_rejected,0
0,7,62,False,False,False,packet_rejected,0
0,7,63,False,False,False,packet_rejected,0
0,7,64,False,False,False,packet_rejected,0
0,7,65,False,False,False,packet_rejected,0
0,7,66,False,False,False,packet_rejected,0
0,7,67,False,False,False,packet_rejected,0
0,7,68,False,False,False,packet_rejected,0
0,7,69,False,False,False,packet_rejected,0
0,7,70,False,False,False,packet_rejected,0
0,7,71,False,False,False,packet_rejected,0
0,7,72,False,False,False,packet_rejected,0
0,7,73,False,False,False,packet_rejected,0
0,7,74,False,False,False,packet_rejected,0
0,7,75,False,False,False,packet_rejected,0
0,7,76,False,False,False,packet_rejected,0
0,7,77,False,False,False,packet_rejected,0
0,7,78,False,False,False,packet_rejected,0
0,7,79,False,False,False,packet_rejected,0
0,7,80,False,False,False,packet_rejected,0
0,7,81,False,False,False,packet_rejected,0
0,7,82,False,False,False,packet_rejected,0
0,7,83,False,False,False,packet_rejected,0
0,7,84,False,False,False,packet_rejected,0
0,7,85,False,False,False,packet_rejected,0
0,7,86,False,False,False,packet_rejected,0
0,7,87,False,False,False,packet_rejected,0
0,7,88,False,False,False,packet_rejected,0
0,7,89,False,False,False,packet_rejected,0
0,7,90,False,False,False,packet_rejected,0
0,7,91,False,False,False,packet_rejected,0
0,7,92,False,False,False,packet_rejected,0
0,7,93,False,False,False,packet_rejected,0
0,7,94,False,False,False,packet_rejected,0
0,7,95,False,False,False,packet_rejected,0
0,7,96,False,False,False,packet_rejected,0
0,7,97,False,False,False,packet_rejected,0
0,7,98,False,False,False,packet_rejected,0
0,7,99,False,False,False,packet_rejected,0
0,8,0,False,False,False,packet_rejected,0
0,8,1,False,False,False,packet_rejected,0
0,8,2,False,False,False,packet_rejected,0
0,8,3,False,False,False,packet_rejected,0
0,8,4,False,False,False,packet_rejected,0
0,8,5,False,False,False,packet_rejected,0
0,8,6,False,False,False,packet_rejected,0
0,8,7,False,False,False,packet_rejected,0
0,8,8,False,False,False,packet_rejected,0
0,8,9,False,False,False,packet_rejected,0
0,8,10,False,False,False,packet_rejected,0
0,8,11,False,False,False,packet_rejected,0
0,8,12,False,False,False,packet_rejected,0
0,8,13,False,False,False,packet_rejected,0
0,8,14,False,False,False,packet_rejected,0
0,8,15,False,False,False,packet_rejected,0
0,8,16,False,False,False,packet_rejected,0
0,8,17,False,False,False,packet_rejected,0
0,8,18,False,False,False,packet_rejected,0
0,8,19,False,False,False,packet_rejected,0
0,8,20,False,False,False,packet_rejected,0
0,8,21,False,False,False,packet_rejected,0
0,8,22,False,False,False,packet_rejected,0
0,8,23,False,False,False,packet_rejected,0
0,8,24,False,False,False,packet_rejected,0
0,8,25,False,False,False,packet_rejected,0
0,8,26,False,False,False,packet_rejected,0
0,8,27,False,False,False,packet_rejected,0
0,8,28,False,False,False,packet_rejected,0
0,8,29,False,False,False,packet_rejected,0
0,8,30,False,False,False,packet_rejected,0
0,8,31,False,False,False,packet_rejected,0
0,8,32,False,False,False,packet_rejected,0
0,8,33,False,False,False,packet_rejected,0
0,8,34,False,False,False,packet_rejected,0
0,8,35,False,False,False,packet_rejected,0
0,8,36,False,False,False,packet_rejected,0
0,8,37,False,False,False,packet_rejected,0
0,8,38,False,False,False,packet_rejected,0
0,8,39,False,False,False,packet_rejected,0
0,8,40,False,False,False,packet_rejected,0
0,8,41,False,False,False,packet_rejected,0
0,8,42,False,False,False,packet_rejected,0
0,8,43,False,False,False,packet_rejected,0
0,8,44,False,False,False,packet_rejected,0
0,8,45,False,False,False,packet_rejected,0
0,8,46,False,False,False,packet_rejected,0
0,8,47,False,False,False,packet_rejected,0
0,8,48,False,False,False,packet_rejected,0
0,8,49,False,False,False,packet_rejected,0
0,8,50,False,False,False,packet_rejected,0
0,8,51,False,False,False,packet_rejected,0
0,8,52,False,False,False,packet_rejected,0
0,8,53,False,False,False,packet_rejected,0
0,8,54,False,False,False,packet_rejected,0
0,8,55,False,False,False,packet_rejected,0
0,8,56,False,False,False,packet_rejected,0
0,8,57,False,False,False,packet_rejected,0
0,8,58,False,False,False,packet_rejected,0
0,8,59,False,False,False,packet_rejected,0
0,8,60,False,False,False,packet_rejected,0
0,8,61,False,False,False,packet_rejected,0
0,8,62,False,False,False,packet_rejected,0
0,8,63,False,False,False,packet_rejected,0
0,8,64,False,False,False,packet_rejected,0
0,8,65,False,False,False,packet_rejected,0
0,8,66,False,False,False,packet_rejected,0
0,8,67,False,False,False,packet_rejected,0
0,8,68,False,False,False,packet_rejected,0
0,8,69,False,False,False,packet_rejected,0
0,8,70,False,False,False,packet_rejected,0
0,8,71,False,False,False,packet_rejected,0
0,8,72,False,False,False,packet_rejected,0
0,8,73,False,False,False,packet_rejected,0
0,8,74,False,False,False,packet_rejected,0
0,8,75,False,False,False,packet_rejected,0
0,8,76,False,False,False,packet_rejected,0
0,8,77,False,False,False,packet_rejected,0
0,8,78,False,False,False,packet_rejected,0
0,8,79,False,False,False,packet_rejected,0
0,8,80,False,False,False,packet_rejected,0
0,8,81,False,False,False,packet_rejected,0
0,8,82,False,False,False,packet_rejected,0
0,8,83,False,False,False,packet_rejected,0
0,8,84,False,False,False,packet_rejected,0
0,8,85,False,False,False,packet_rejected,0
0,8,86,False,False,False,packet_rejected,0
0,8,87,False,False,False,packet_rejected,0
0,8,88,False,False,False,packet_rejected,0
0,8,89,False,False,False,packet_rejected,0
0,8,90,False,False,False,packet_rejected,0
0,8,91,False,False,False,packet_rejected,0
0,8,92,False,False,False,packet_rejected,0
0,8,93,False,False,False,packet_rejected,0
0,8,94,False,False,False,packet_rejected,0
0,8,95,False,False,False,packet_rejected,0
0,8,96,False,False,False,packet_rejected,0
0,8,97,False,False,False,packet_rejected,0
0,8,98,False,False,False,packet_rejected,0
0,8,99,False,False,False,packet_rejected,0
1,0,0,False,False,False,packet_rejected,0
1,0,1,False,False,False,packet_rejected,0
1,0,2,False,False,False,packet_rejected,0
1,0,3,False,False,False,packet_rejected,0
1,0,4,False,False,False,packet_rejected,0
1,0,5,False,False,False,packet_rejected,0
1,0,6,False,False,False,packet_rejected,0
1,0,7,False,False,False,packet_rejected,0
1,0,8,False,False,False,packet_rejected,0
1,0,9,False,False,False,packet_rejected,0
1,0,10,False,False,False,packet_rejected,0
1,0,11,False,False,False,packet_rejected,0
1,0,12,False,False,False,packet_rejected,0
1,0,13,False,False,False,packet_rejected,0
1,0,14,False,False,False,packet_rejected,0
1,0,15,False,False,False,packet_rejected,0
1,0,16,False,False,False,packet_rejected,0
1,0,17,False,False,False,packet_rejected,0
1,0,18,False,False,False,packet_rejected,0
1,0,19,False,False,False,packet_rejected,0
1,0,20,False,False,False,packet_rejected,0
1,0,21,False,False,False,packet_rejected,0
1,0,22,False,False,False,packet_rejected,0
1,0,23,False,False,False,packet_rejected,0
1,0,24,False,False,False,packet_rejected,0
1,0,25,False,False,False,packet_rejected,0
1,0,26,False,False,False,packet_rejected,0
1,0,27,False,False,False,packet_rejected,0
1,0,28,False,False,False,packet_rejected,0
1,0,29,False,False,False,packet_rejected,0
1,0,30,False,False,False,packet_rejected,0
1,0,31,False,False,False,packet_rejected,0
1,0,32,False,False,False,packet_rejected,0
1,0,33,False,False,False,packet_rejected,0
1,0,34,False,False,False,packet_rejected,0
1,0,35,False,False,False,packet_rejected,0
1,0,36,False,False,False,packet_rejected,0
1,0,37,False,False,False,packet_rejected,0
1,0,38,False,False,False,packet_rejected,0
1,0,39,False,False,False,packet_rejected,0
1,0,40,False,False,False,packet_rejected,0
1,0,41,False,False,False,packet_rejected,0
1,0,42,False,False,False,packet_rejected,0
1,0,43,False,False,False,packet_rejected,0
1,0,44,False,False,False,packet_rejected,0
1,0,45,False,False,False,packet_rejected,0
1,0,46,False,False,False,packet_rejected,0
1,0,47,False,False,False,packet_rejected,0
1,0,48,False,False,False,packet_rejected,0
1,0,49,False,False,False,packet_rejected,0
1,0,50,False,False,False,packet_rejected,0
1,0,51,False,False,False,packet_rejected,0
1,0,52,False,False,False,packet_rejected,0
1,0,53,False,False,False,packet_rejected,0
1,0,54,False,False,False,packet_rejected,0
1,0,55,False,False,False,packet_rejected,0
1,0,56,False,False,False,packet_rejected,0
1,0,57,False,False,False,packet_rejected,0
1,0,58,False,False,False,packet_rejected,0
1,0,59,False,False,False,packet_rejected,0
1,0,60,False,False,False,packet_rejected,0
1,0,61,False,False,False,packet_rejected,0
1,0,62,False,False,False,packet_rejected,0
1,0,63,False,False,False,packet_rejected,0
1,0,64,False,False,False,packet_rejected,0
1,0,65,False,False,False,packet_rejected,0
1,0,66,False,False,False,packet_rejected,0
1,0,67,False,False,False,packet_rejected,0
1,0,68,False,False,False,packet_rejected,0
1,0,69,False,False,False,packet_rejected,0
1,0,70,False,False,False,packet_rejected,0
1,0,71,False,False,False,packet_rejected,0
1,0,72,False,False,False,packet_rejected,0
1,0,73,False,False,False,packet_rejected,0
1,0,74,False,False,False,packet_rejected,0
1,0,75,False,False,False,packet_rejected,0
1,0,76,False,False,False,packet_rejected,0
1,0,77,False,False,False,packet_rejected,0
1,0,78,False,False,False,packet_rejected,0
1,0,79,False,False,False,packet_rejected,0
1,0,80,False,False,False,packet_rejected,0
1,0,81,False,False,False,packet_rejected,0
1,0,82,False,False,False,packet_rejected,0
1,0,83,False,False,False,packet_rejected,0
1,0,84,False,False,False,packet_rejected,0
1,0,85,False,False,False,packet_rejected,0
1,0,86,False,False,False,packet_rejected,0
1,0,87,False,False,False,packet_rejected,0
1,0,88,False,False,False,packet_rejected,0
1,0,89,False,False,False,packet_rejected,0
1,0,90,False,False,False,packet_rejected,0
1,0,91,False,False,False,packet_rejected,0
1,0,92,False,False,False,packet_rejected,0
1,0,93,False,False,False,packet_rejected,0
1,0,94,False,False,False,packet_rejected,0
1,0,95,False,False,False,packet_rejected,0
1,0,96,False,False,False,packet_rejected,0
1,0,97,False,False,False,packet_rejected,0
1,0,98,False,False,False,packet_rejected,0
1,0,99,False,False,False,packet_rejected,0
1,1,0,True,True,True,accepted,11
1,1,1,True,True,True,accepted,11
1,1,2,True,True,True,accepted,11
1,1,3,True,True,True,accepted,11
1,1,4,True,True,True,accepted,11
1,1,5,True,True,True,accepted,11
1,1,6,True,True,True,accepted,11
1,1,7,True,True,True,accepted,11
1,1,8,True,True,True,accepted,11
1,1,9,True,True,True,accepted,11
1,1,10,True,True,True,accepted,11
1,1,11,True,True,True,accepted,11
1,1,12,True,True,True,accepted,11
1,1,13,True,True,True,accepted,11
1,1,14,True,True,True,accepted,11
1,1,15,True,True,True,accepted,11
1,1,16,True,True,True,accepted,11
1,1,17,True,True,True,accepted,11
1,1,18,True,True,True,accepted,11
1,1,19,True,True,True,accepted,11
1,1,20,True,True,True,accepted,11
1,1,21,True,True,True,accepted,11
1,1,22,True,True,True,accepted,11
1,1,23,True,True,True,accepted,11
1,1,24,True,True,True,accepted,11
1,1,25,True,True,True,accepted,11
1,1,26,True,True,True,accepted,11
1,1,27,True,True,True,accepted,11
1,1,28,True,True,True,accepted,11
1,1,29,True,True,True,accepted,11
1,1,30,True,True,True,accepted,11
1,1,31,True,True,True,accepted,11
1,1,32,True,True,True,accepted,11
1,1,33,True,True,True,accepted,11
1,1,34,True,True,True,accepted,11
1,1,35,True,True,True,accepted,11
1,1,36,True,True,True,accepted,11
1,1,37,True,True,True,accepted,11
1,1,38,True,True,True,accepted,11
1,1,39,True,True,True,accepted,11
1,1,40,True,True,True,accepted,11
1,1,41,True,True,True,accepted,11
1,1,42,True,True,True,accepted,11
1,1,43,True,True,True,accepted,11
1,1,44,True,True,True,accepted,11
1,1,45,True,True,True,accepted,11
1,1,46,True,True,True,accepted,11
1,1,47,True,True,True,accepted,11
1,1,48,True,True,True,accepted,11
1,1,49,True,True,True,accepted,11
1,1,50,True,True,True,accepted,11
1,1,51,True,True,True,accepted,11
1,1,52,True,True,True,accepted,11
1,1,53,True,True,True,accepted,11
1,1,54,True,True,True,accepted,11
1,1,55,True,True,True,accepted,11
1,1,56,True,True,True,accepted,11
1,1,57,True,True,True,accepted,11
1,1,58,True,True,True,accepted,11
1,1,59,True,True,True,accepted,11
1,1,60,True,True,True,accepted,11
1,1,61,True,True,True,accepted,11
1,1,62,True,True,True,accepted,11
1,1,63,True,True,True,accepted,11
1,1,64,True,True,True,accepted,11
1,1,65,True,True,True,accepted,11
1,1,66,True,True,True,accepted,11
1,1,67,True,True,True,accepted,11
1,1,68,True,True,True,accepted,11
1,1,69,True,True,True,accepted,11
1,1,70,True,True,True,accepted,11
1,1,71,True,True,True,accepted,11
1,1,72,True,True,True,accepted,11
1,1,73,True,True,True,accepted,11
1,1,74,True,True,True,accepted,11
1,1,75,True,True,True,accepted,11
1,1,76,True,True,True,accepted,11
1,1,77,True,True,True,accepted,11
1,1,78,True,True,True,accepted,11
1,1,79,True,True,True,accepted,11
1,1,80,True,True,True,accepted,11
1,1,81,True,True,True,accepted,11
1,1,82,True,True,True,accepted,11
1,1,83,True,True,True,accepted,11
1,1,84,True,True,True,accepted,11
1,1,85,True,True,True,accepted,11
1,1,86,True,True,True,accepted,11
1,1,87,True,True,True,accepted,11
1,1,88,True,True,True,accepted,11
1,1,89,True,True,True,accepted,11
1,1,90,True,True,True,accepted,11
1,1,91,True,True,True,accepted,11
1,1,92,True,True,True,accepted,11
1,1,93,True,True,True,accepted,11
1,1,94,True,True,True,accepted,11
1,1,95,True,True,True,accepted,11
1,1,96,True,True,True,accepted,11
1,1,97,True,True,True,accepted,11
1,1,98,True,True,True,accepted,11
1,1,99,True,True,True,accepted,11
1,2,0,False,False,False,packet_rejected,0
1,2,1,False,False,False,packet_rejected,0
1,2,2,False,False,False,packet_rejected,0
1,2,3,False,False,False,packet_rejected,0
1,2,4,False,False,False,packet_rejected,0
1,2,5,False,False,False,packet_rejected,0
1,2,6,False,False,False,packet_rejected,0
1,2,7,False,False,False,packet_rejected,0
1,2,8,False,False,False,packet_rejected,0
1,2,9,False,False,False,packet_rejected,0
1,2,10,False,False,False,packet_rejected,0
1,2,11,False,False,False,packet_rejected,0
1,2,12,False,False,False,packet_rejected,0
1,2,13,False,False,False,packet_rejected,0
1,2,14,False,False,False,packet_rejected,0
1,2,15,False,False,False,packet_rejected,0
1,2,16,False,False,False,packet_rejected,0
1,2,17,False,False,False,packet_rejected,0
1,2,18,False,False,False,packet_rejected,0
1,2,19,False,False,False,packet_rejected,0
1,2,20,False,False,False,packet_rejected,0
1,2,21,False,False,False,packet_rejected,0
1,2,22,False,False,False,packet_rejected,0
1,2,23,False,False,False,packet_rejected,0
1,2,24,False,False,False,packet_rejected,0
1,2,25,False,False,False,packet_rejected,0
1,2,26,False,False,False,packet_rejected,0
1,2,27,False,False,False,packet_rejected,0
1,2,28,False,False,False,packet_rejected,0
1,2,29,False,False,False,packet_rejected,0
1,2,30,False,False,False,packet_rejected,0
1,2,31,False,False,False,packet_rejected,0
1,2,32,False,False,False,packet_rejected,0
1,2,33,False,False,False,packet_rejected,0
1,2,34,False,False,False,packet_rejected,0
1,2,35,False,False,False,packet_rejected,0
1,2,36,False,False,False,packet_rejected,0
1,2,37,False,False,False,packet_rejected,0
1,2,38,False,False,False,packet_rejected,0
1,2,39,False,False,False,packet_rejected,0
1,2,40,False,False,False,packet_rejected,0
1,2,41,False,False,False,packet_rejected,0
1,2,42,False,False,False,packet_rejected,0
1,2,43,False,False,False,packet_rejected,0
1,2,44,False,False,False,packet_rejected,0
1,2,45,False,False,False,packet_rejected,0
1,2,46,False,False,False,packet_rejected,0
1,2,47,False,False,False,packet_rejected,0
1,2,48,False,False,False,packet_rejected,0
1,2,49,False,False,False,packet_rejected,0
1,2,50,False,False,False,packet_rejected,0
1,2,51,False,False,False,packet_rejected,0
1,2,52,False,False,False,packet_rejected,0
1,2,53,False,False,False,packet_rejected,0
1,2,54,False,False,False,packet_rejected,0
1,2,55,False,False,False,packet_rejected,0
1,2,56,False,False,False,packet_rejected,0
1,2,57,False,False,False,packet_rejected,0
1,2,58,False,False,False,packet_rejected,0
1,2,59,False,False,False,packet_rejected,0
1,2,60,False,False,False,packet_rejected,0
1,2,61,False,False,False,packet_rejected,0
1,2,62,False,False,False,packet_rejected,0
1,2,63,False,False,False,packet_rejected,0
1,2,64,False,False,False,packet_rejected,0
1,2,65,False,False,False,packet_rejected,0
1,2,66,False,False,False,packet_rejected,0
1,2,67,False,False,False,packet_rejected,0
1,2,68,False,False,False,packet_rejected,0
1,2,69,False,False,False,packet_rejected,0
1,2,70,False,False,False,packet_rejected,0
1,2,71,False,False,False,packet_rejected,0
1,2,72,False,False,False,packet_rejected,0
1,2,73,False,False,False,packet_rejected,0
1,2,74,False,False,False,packet_rejected,0
1,2,75,False,False,False,packet_rejected,0
1,2,76,False,False,False,packet_rejected,0
1,2,77,False,False,False,packet_rejected,0
1,2,78,False,False,False,packet_rejected,0
1,2,79,False,False,False,packet_rejected,0
1,2,80,False,False,False,packet_rejected,0
1,2,81,False,False,False,packet_rejected,0
1,2,82,False,False,False,packet_rejected,0
1,2,83,False,False,False,packet_rejected,0
1,2,84,False,False,False,packet_rejected,0
1,2,85,False,False,False,packet_rejected,0
1,2,86,False,False,False,packet_rejected,0
1,2,87,False,False,False,packet_rejected,0
1,2,88,False,False,False,packet_rejected,0
1,2,89,False,False,False,packet_rejected,0
1,2,90,False,False,False,packet_rejected,0
1,2,91,False,False,False,packet_rejected,0
1,2,92,False,False,False,packet_rejected,0
1,2,93,False,False,False,packet_rejected,0
1,2,94,False,False,False,packet_rejected,0
1,2,95,False,False,False,packet_rejected,0
1,2,96,False,False,False,packet_rejected,0
1,2,97,False,False,False,packet_rejected,0
1,2,98,False,False,False,packet_rejected,0
1,2,99,False,False,False,packet_rejected,0
1,3,0,False,False,False,packet_rejected,0
1,3,1,False,False,False,packet_rejected,0
1,3,2,False,False,False,packet_rejected,0
1,3,3,False,False,False,packet_rejected,0
1,3,4,False,False,False,packet_rejected,0
1,3,5,False,False,False,packet_rejected,0
1,3,6,False,False,False,packet_rejected,0
1,3,7,False,False,False,packet_rejected,0
1,3,8,False,False,False,packet_rejected,0
1,3,9,False,False,False,packet_rejected,0
1,3,10,False,False,False,packet_rejected,0
1,3,11,False,False,False,packet_rejected,0
1,3,12,False,False,False,packet_rejected,0
1,3,13,False,False,False,packet_rejected,0
1,3,14,False,False,False,packet_rejected,0
1,3,15,False,False,False,packet_rejected,0
1,3,16,False,False,False,packet_rejected,0
1,3,17,False,False,False,packet_rejected,0
1,3,18,False,False,False,packet_rejected,0
1,3,19,False,False,False,packet_rejected,0
1,3,20,False,False,False,packet_rejected,0
1,3,21,False,False,False,packet_rejected,0
1,3,22,False,False,False,packet_rejected,0
1,3,23,False,False,False,packet_rejected,0
1,3,24,False,False,False,packet_rejected,0
1,3,25,False,False,False,packet_rejected,0
1,3,26,False,False,False,packet_rejected,0
1,3,27,False,False,False,packet_rejected,0
1,3,28,False,False,False,packet_rejected,0
1,3,29,False,False,False,packet_rejected,0
1,3,30,False,False,False,packet_rejected,0
1,3,31,False,False,False,packet_rejected,0
1,3,32,False,False,False,packet_rejected,0
1,3,33,False,False,False,packet_rejected,0
1,3,34,False,False,False,packet_rejected,0
1,3,35,False,False,False,packet_rejected,0
1,3,36,False,False,False,packet_rejected,0
1,3,37,False,False,False,packet_rejected,0
1,3,38,False,False,False,packet_rejected,0
1,3,39,False,False,False,packet_rejected,0
1,3,40,False,False,False,packet_rejected,0
1,3,41,False,False,False,packet_rejected,0
1,3,42,False,False,False,packet_rejected,0
1,3,43,False,False,False,packet_rejected,0
1,3,44,False,False,False,packet_rejected,0
1,3,45,False,False,False,packet_rejected,0
1,3,46,False,False,False,packet_rejected,0
1,3,47,False,False,False,packet_rejected,0
1,3,48,False,False,False,packet_rejected,0
1,3,49,False,False,False,packet_rejected,0
1,3,50,False,False,False,packet_rejected,0
1,3,51,False,False,False,packet_rejected,0
1,3,52,False,False,False,packet_rejected,0
1,3,53,False,False,False,packet_rejected,0
1,3,54,False,False,False,packet_rejected,0
1,3,55,False,False,False,packet_rejected,0
1,3,56,False,False,False,packet_rejected,0
1,3,57,False,False,False,packet_rejected,0
1,3,58,False,False,False,packet_rejected,0
1,3,59,False,False,False,packet_rejected,0
1,3,60,False,False,False,packet_rejected,0
1,3,61,False,False,False,packet_rejected,0
1,3,62,False,False,False,packet_rejected,0
1,3,63,False,False,False,packet_rejected,0
1,3,64,False,False,False,packet_rejected,0
1,3,65,False,False,False,packet_rejected,0
1,3,66,False,False,False,packet_rejected,0
1,3,67,False,False,False,packet_rejected,0
1,3,68,False,False,False,packet_rejected,0
1,3,69,False,False,False,packet_rejected,0
1,3,70,False,False,False,packet_rejected,0
1,3,71,False,False,False,packet_rejected,0
1,3,72,False,False,False,packet_rejected,0
1,3,73,False,False,False,packet_rejected,0
1,3,74,False,False,False,packet_rejected,0
1,3,75,False,False,False,packet_rejected,0
1,3,76,False,False,False,packet_rejected,0
1,3,77,False,False,False,packet_rejected,0
1,3,78,False,False,False,packet_rejected,0
1,3,79,False,False,False,packet_rejected,0
1,3,80,False,False,False,packet_rejected,0
1,3,81,False,False,False,packet_rejected,0
1,3,82,False,False,False,packet_rejected,0
1,3,83,False,False,False,packet_rejected,0
1,3,84,False,False,False,packet_rejected,0
1,3,85,False,False,False,packet_rejected,0
1,3,86,False,False,False,packet_rejected,0
1,3,87,False,False,False,packet_rejected,0
1,3,88,False,False,False,packet_rejected,0
1,3,89,False,False,False,packet_rejected,0
1,3,90,False,False,False,packet_rejected,0
1,3,91,False,False,False,packet_rejected,0
1,3,92,False,False,False,packet_rejected,0
1,3,93,False,False,False,packet_rejected,0
1,3,94,False,False,False,packet_rejected,0
1,3,95,False,False,False,packet_rejected,0
1,3,96,False,False,False,packet_rejected,0
1,3,97,False,False,False,packet_rejected,0
1,3,98,False,False,False,packet_rejected,0
1,3,99,False,False,False,packet_rejected,0
1,4,0,False,False,False,packet_rejected,0
1,4,1,False,False,False,packet_rejected,0
1,4,2,False,False,False,packet_rejected,0
1,4,3,False,False,False,packet_rejected,0
1,4,4,False,False,False,packet_rejected,0
1,4,5,False,False,False,packet_rejected,0
1,4,6,False,False,False,packet_rejected,0
1,4,7,False,False,False,packet_rejected,0
1,4,8,False,False,False,packet_rejected,0
1,4,9,False,False,False,packet_rejected,0
1,4,10,False,False,False,packet_rejected,0
1,4,11,False,False,False,packet_rejected,0
1,4,12,False,False,False,packet_rejected,0
1,4,13,False,False,False,packet_rejected,0
1,4,14,False,False,False,packet_rejected,0
1,4,15,False,False,False,packet_rejected,0
1,4,16,False,False,False,packet_rejected,0
1,4,17,False,False,False,packet_rejected,0
1,4,18,False,False,False,packet_rejected,0
1,4,19,False,False,False,packet_rejected,0
1,4,20,False,False,False,packet_rejected,0
1,4,21,False,False,False,packet_rejected,0
1,4,22,False,False,False,packet_rejected,0
1,4,23,False,False,False,packet_rejected,0
1,4,24,False,False,False,packet_rejected,0
1,4,25,False,False,False,packet_rejected,0
1,4,26,False,False,False,packet_rejected,0
1,4,27,False,False,False,packet_rejected,0
1,4,28,False,False,False,packet_rejected,0
1,4,29,False,False,False,packet_rejected,0
1,4,30,False,False,False,packet_rejected,0
1,4,31,False,False,False,packet_rejected,0
1,4,32,False,False,False,packet_rejected,0
1,4,33,False,False,False,packet_rejected,0
1,4,34,False,False,False,packet_rejected,0
1,4,35,False,False,False,packet_rejected,0
1,4,36,False,False,False,packet_rejected,0
1,4,37,False,False,False,packet_rejected,0
1,4,38,False,False,False,packet_rejected,0
1,4,39,False,False,False,packet_rejected,0
1,4,40,False,False,False,packet_rejected,0
1,4,41,False,False,False,packet_rejected,0
1,4,42,False,False,False,packet_rejected,0
1,4,43,False,False,False,packet_rejected,0
1,4,44,False,False,False,packet_rejected,0
1,4,45,False,False,False,packet_rejected,0
1,4,46,False,False,False,packet_rejected,0
1,4,47,False,False,False,packet_rejected,0
1,4,48,False,False,False,packet_rejected,0
1,4,49,False,False,False,packet_rejected,0
1,4,50,False,False,False,packet_rejected,0
1,4,51,False,False,False,packet_rejected,0
1,4,52,False,False,False,packet_rejected,0
1,4,53,False,False,False,packet_rejected,0
1,4,54,False,False,False,packet_rejected,0
1,4,55,False,False,False,packet_rejected,0
1,4,56,False,False,False,packet_rejected,0
1,4,57,False,False,False,packet_rejected,0
1,4,58,False,False,False,packet_rejected,0
1,4,59,False,False,False,packet_rejected,0
1,4,60,False,False,False,packet_rejected,0
1,4,61,False,False,False,packet_rejected,0
1,4,62,False,False,False,packet_rejected,0
1,4,63,False,False,False,packet_rejected,0
1,4,64,False,False,False,packet_rejected,0
1,4,65,False,False,False,packet_rejected,0
1,4,66,False,False,False,packet_rejected,0
1,4,67,False,False,False,packet_rejected,0
1,4,68,False,False,False,packet_rejected,0
1,4,69,False,False,False,packet_rejected,0
1,4,70,False,False,False,packet_rejected,0
1,4,71,False,False,False,packet_rejected,0
1,4,72,False,False,False,packet_rejected,0
1,4,73,False,False,False,packet_rejected,0
1,4,74,False,False,False,packet_rejected,0
1,4,75,False,False,False,packet_rejected,0
1,4,76,False,False,False,packet_rejected,0
1,4,77,False,False,False,packet_rejected,0
1,4,78,False,False,False,packet_rejected,0
1,4,79,False,False,False,packet_rejected,0
1,4,80,False,False,False,packet_rejected,0
1,4,81,False,False,False,packet_rejected,0
1,4,82,False,False,False,packet_rejected,0
1,4,83,False,False,False,packet_rejected,0
1,4,84,False,False,False,packet_rejected,0
1,4,85,False,False,False,packet_rejected,0
1,4,86,False,False,False,packet_rejected,0
1,4,87,False,False,False,packet_rejected,0
1,4,88,False,False,False,packet_rejected,0
1,4,89,False,False,False,packet_rejected,0
1,4,90,False,False,False,packet_rejected,0
1,4,91,False,False,False,packet_rejected,0
1,4,92,False,False,False,packet_rejected,0
1,4,93,False,False,False,packet_rejected,0
1,4,94,False,False,False,packet_rejected,0
1,4,95,False,False,False,packet_rejected,0
1,4,96,False,False,False,packet_rejected,0
1,4,97,False,False,False,packet_rejected,0
1,4,98,False,False,False,packet_rejected,0
1,4,99,False,False,False,packet_rejected,0
1,5,0,False,False,False,packet_rejected,0
1,5,1,False,False,False,packet_rejected,0
1,5,2,False,False,False,packet_rejected,0
1,5,3,False,False,False,packet_rejected,0
1,5,4,False,False,False,packet_rejected,0
1,5,5,False,False,False,packet_rejected,0
1,5,6,False,False,False,packet_rejected,0
1,5,7,False,False,False,packet_rejected,0
1,5,8,False,False,False,packet_rejected,0
1,5,9,False,False,False,packet_rejected,0
1,5,10,False,False,False,packet_rejected,0
1,5,11,False,False,False,packet_rejected,0
1,5,12,False,False,False,packet_rejected,0
1,5,13,False,False,False,packet_rejected,0
1,5,14,False,False,False,packet_rejected,0
1,5,15,False,False,False,packet_rejected,0
1,5,16,False,False,False,packet_rejected,0
1,5,17,False,False,False,packet_rejected,0
1,5,18,False,False,False,packet_rejected,0
1,5,19,False,False,False,packet_rejected,0
1,5,20,False,False,False,packet_rejected,0
1,5,21,False,False,False,packet_rejected,0
1,5,22,False,False,False,packet_rejected,0
1,5,23,False,False,False,packet_rejected,0
1,5,24,False,False,False,packet_rejected,0
1,5,25,False,False,False,packet_rejected,0
1,5,26,False,False,False,packet_rejected,0
1,5,27,False,False,False,packet_rejected,0
1,5,28,False,False,False,packet_rejected,0
1,5,29,False,False,False,packet_rejected,0
1,5,30,False,False,False,packet_rejected,0
1,5,31,False,False,False,packet_rejected,0
1,5,32,False,False,False,packet_rejected,0
1,5,33,False,False,False,packet_rejected,0
1,5,34,False,False,False,packet_rejected,0
1,5,35,False,False,False,packet_rejected,0
1,5,36,False,False,False,packet_rejected,0
1,5,37,False,False,False,packet_rejected,0
1,5,38,False,False,False,packet_rejected,0
1,5,39,False,False,False,packet_rejected,0
1,5,40,False,False,False,packet_rejected,0
1,5,41,False,False,False,packet_rejected,0
1,5,42,False,False,False,packet_rejected,0
1,5,43,False,False,False,packet_rejected,0
1,5,44,False,False,False,packet_rejected,0
1,5,45,False,False,False,packet_rejected,0
1,5,46,False,False,False,packet_rejected,0
1,5,47,False,False,False,packet_rejected,0
1,5,48,False,False,False,packet_rejected,0
1,5,49,False,False,False,packet_rejected,0
1,5,50,False,False,False,packet_rejected,0
1,5,51,False,False,False,packet_rejected,0
1,5,52,False,False,False,packet_rejected,0
1,5,53,False,False,False,packet_rejected,0
1,5,54,False,False,False,packet_rejected,0
1,5,55,False,False,False,packet_rejected,0
1,5,56,False,False,False,packet_rejected,0
1,5,57,False,False,False,packet_rejected,0
1,5,58,False,False,False,packet_rejected,0
1,5,59,False,False,False,packet_rejected,0
1,5,60,False,False,False,packet_rejected,0
1,5,61,False,False,False,packet_rejected,0
1,5,62,False,False,False,packet_rejected,0
1,5,63,False,False,False,packet_rejected,0
1,5,64,False,False,False,packet_rejected,0
1,5,65,False,False,False,packet_rejected,0
1,5,66,False,False,False,packet_rejected,0
1,5,67,False,False,False,packet_rejected,0
1,5,68,False,False,False,packet_rejected,0
1,5,69,False,False,False,packet_rejected,0
1,5,70,False,False,False,packet_rejected,0
1,5,71,False,False,False,packet_rejected,0
1,5,72,False,False,False,packet_rejected,0
1,5,73,False,False,False,packet_rejected,0
1,5,74,False,False,False,packet_rejected,0
1,5,75,False,False,False,packet_rejected,0
1,5,76,False,False,False,packet_rejected,0
1,5,77,False,False,False,packet_rejected,0
1,5,78,False,False,False,packet_rejected,0
1,5,79,False,False,False,packet_rejected,0
1,5,80,False,False,False,packet_rejected,0
1,5,81,False,False,False,packet_rejected,0
1,5,82,False,False,False,packet_rejected,0
1,5,83,False,False,False,packet_rejected,0
1,5,84,False,False,False,packet_rejected,0
1,5,85,False,False,False,packet_rejected,0
1,5,86,False,False,False,packet_rejected,0
1,5,87,False,False,False,packet_rejected,0
1,5,88,False,False,False,packet_rejected,0
1,5,89,False,False,False,packet_rejected,0
1,5,90,False,False,False,packet_rejected,0
1,5,91,False,False,False,packet_rejected,0
1,5,92,False,False,False,packet_rejected,0
1,5,93,False,False,False,packet_rejected,0
1,5,94,False,False,False,packet_rejected,0
1,5,95,False,False,False,packet_rejected,0
1,5,96,False,False,False,packet_rejected,0
1,5,97,False,False,False,packet_rejected,0
1,5,98,False,False,False,packet_rejected,0
1,5,99,False,False,False,packet_rejected,0
1,6,0,False,False,False,packet_rejected,0
1,6,1,False,False,False,packet_rejected,0
1,6,2,False,False,False,packet_rejected,0
1,6,3,False,False,False,packet_rejected,0
1,6,4,False,False,False,packet_rejected,0
1,6,5,False,False,False,packet_rejected,0
1,6,6,False,False,False,packet_rejected,0
1,6,7,False,False,False,packet_rejected,0
1,6,8,False,False,False,packet_rejected,0
1,6,9,False,False,False,packet_rejected,0
1,6,10,False,False,False,packet_rejected,0
1,6,11,False,False,False,packet_rejected,0
1,6,12,False,False,False,packet_rejected,0
1,6,13,False,False,False,packet_rejected,0
1,6,14,False,False,False,packet_rejected,0
1,6,15,False,False,False,packet_rejected,0
1,6,16,False,False,False,packet_rejected,0
1,6,17,False,False,False,packet_rejected,0
1,6,18,False,False,False,packet_rejected,0
1,6,19,False,False,False,packet_rejected,0
1,6,20,False,False,False,packet_rejected,0
1,6,21,False,False,False,packet_rejected,0
1,6,22,False,False,False,packet_rejected,0
1,6,23,False,False,False,packet_rejected,0
1,6,24,False,False,False,packet_rejected,0
1,6,25,False,False,False,packet_rejected,0
1,6,26,False,False,False,packet_rejected,0
1,6,27,False,False,False,packet_rejected,0
1,6,28,False,False,False,packet_rejected,0
1,6,29,False,False,False,packet_rejected,0
1,6,30,False,False,False,packet_rejected,0
1,6,31,False,False,False,packet_rejected,0
1,6,32,False,False,False,packet_rejected,0
1,6,33,False,False,False,packet_rejected,0
1,6,34,False,False,False,packet_rejected,0
1,6,35,False,False,False,packet_rejected,0
1,6,36,False,False,False,packet_rejected,0
1,6,37,False,False,False,packet_rejected,0
1,6,38,False,False,False,packet_rejected,0
1,6,39,False,False,False,packet_rejected,0
1,6,40,False,False,False,packet_rejected,0
1,6,41,False,False,False,packet_rejected,0
1,6,42,False,False,False,packet_rejected,0
1,6,43,False,False,False,packet_rejected,0
1,6,44,False,False,False,packet_rejected,0
1,6,45,False,False,False,packet_rejected,0
1,6,46,False,False,False,packet_rejected,0
1,6,47,False,False,False,packet_rejected,0
1,6,48,False,False,False,packet_rejected,0
1,6,49,False,False,False,packet_rejected,0
1,6,50,False,False,False,packet_rejected,0
1,6,51,False,False,False,packet_rejected,0
1,6,52,False,False,False,packet_rejected,0
1,6,53,False,False,False,packet_rejected,0
1,6,54,False,False,False,packet_rejected,0
1,6,55,False,False,False,packet_rejected,0
1,6,56,False,False,False,packet_rejected,0
1,6,57,False,False,False,packet_rejected,0
1,6,58,False,False,False,packet_rejected,0
1,6,59,False,False,False,packet_rejected,0
1,6,60,False,False,False,packet_rejected,0
1,6,61,False,False,False,packet_rejected,0
1,6,62,False,False,False,packet_rejected,0
1,6,63,False,False,False,packet_rejected,0
1,6,64,False,False,False,packet_rejected,0
1,6,65,False,False,False,packet_rejected,0
1,6,66,False,False,False,packet_rejected,0
1,6,67,False,False,False,packet_rejected,0
1,6,68,False,False,False,packet_rejected,0
1,6,69,False,False,False,packet_rejected,0
1,6,70,False,False,False,packet_rejected,0
1,6,71,False,False,False,packet_rejected,0
1,6,72,False,False,False,packet_rejected,0
1,6,73,False,False,False,packet_rejected,0
1,6,74,False,False,False,packet_rejected,0
1,6,75,False,False,False,packet_rejected,0
1,6,76,False,False,False,packet_rejected,0
1,6,77,False,False,False,packet_rejected,0
1,6,78,False,False,False,packet_rejected,0
1,6,79,False,False,False,packet_rejected,0
1,6,80,False,False,False,packet_rejected,0
1,6,81,False,False,False,packet_rejected,0
1,6,82,False,False,False,packet_rejected,0
1,6,83,False,False,False,packet_rejected,0
1,6,84,False,False,False,packet_rejected,0
1,6,85,False,False,False,packet_rejected,0
1,6,86,False,False,False,packet_rejected,0
1,6,87,False,False,False,packet_rejected,0
1,6,88,False,False,False,packet_rejected,0
1,6,89,False,False,False,packet_rejected,0
1,6,90,False,False,False,packet_rejected,0
1,6,91,False,False,False,packet_rejected,0
1,6,92,False,False,False,packet_rejected,0
1,6,93,False,False,False,packet_rejected,0
1,6,94,False,False,False,packet_rejected,0
1,6,95,False,False,False,packet_rejected,0
1,6,96,False,False,False,packet_rejected,0
1,6,97,False,False,False,packet_rejected,0
1,6,98,False,False,False,packet_rejected,0
1,6,99,False,False,False,packet_rejected,0
1,7,0,False,False,False,packet_rejected,0
1,7,1,False,False,False,packet_rejected,0
1,7,2,False,False,False,packet_rejected,0
1,7,3,False,False,False,packet_rejected,0
1,7,4,False,False,False,packet_rejected,0
1,7,5,False,False,False,packet_rejected,0
1,7,6,False,False,False,packet_rejected,0
1,7,7,False,False,False,packet_rejected,0
1,7,8,False,False,False,packet_rejected,0
1,7,9,False,False,False,packet_rejected,0
1,7,10,False,False,False,packet_rejected,0
1,7,11,False,False,False,packet_rejected,0
1,7,12,False,False,False,packet_rejected,0
1,7,13,False,False,False,packet_rejected,0
1,7,14,False,False,False,packet_rejected,0
1,7,15,False,False,False,packet_rejected,0
1,7,16,False,False,False,packet_rejected,0
1,7,17,False,False,False,packet_rejected,0
1,7,18,False,False,False,packet_rejected,0
1,7,19,False,False,False,packet_rejected,0
1,7,20,False,False,False,packet_rejected,0
1,7,21,False,False,False,packet_rejected,0
1,7,22,False,False,False,packet_rejected,0
1,7,23,False,False,False,packet_rejected,0
1,7,24,False,False,False,packet_rejected,0
1,7,25,False,False,False,packet_rejected,0
1,7,26,False,False,False,packet_rejected,0
1,7,27,False,False,False,packet_rejected,0
1,7,28,False,False,False,packet_rejected,0
1,7,29,False,False,False,packet_rejected,0
1,7,30,False,False,False,packet_rejected,0
1,7,31,False,False,False,packet_rejected,0
1,7,32,False,False,False,packet_rejected,0
1,7,33,False,False,False,packet_rejected,0
1,7,34,False,False,False,packet_rejected,0
1,7,35,False,False,False,packet_rejected,0
1,7,36,False,False,False,packet_rejected,0
1,7,37,False,False,False,packet_rejected,0
1,7,38,False,False,False,packet_rejected,0
1,7,39,False,False,False,packet_rejected,0
1,7,40,False,False,False,packet_rejected,0
1,7,41,False,False,False,packet_rejected,0
1,7,42,False,False,False,packet_rejected,0
1,7,43,False,False,False,packet_rejected,0
1,7,44,False,False,False,packet_rejected,0
1,7,45,False,False,False,packet_rejected,0
1,7,46,False,False,False,packet_rejected,0
1,7,47,False,False,False,packet_rejected,0
1,7,48,False,False,False,packet_rejected,0
1,7,49,False,False,False,packet_rejected,0
1,7,50,False,False,False,packet_rejected,0
1,7,51,False,False,False,packet_rejected,0
1,7,52,False,False,False,packet_rejected,0
1,7,53,False,False,False,packet_rejected,0
1,7,54,False,False,False,packet_rejected,0
1,7,55,False,False,False,packet_rejected,0
1,7,56,False,False,False,packet_rejected,0
1,7,57,False,False,False,packet_rejected,0
1,7,58,False,False,False,packet_rejected,0
1,7,59,False,False,False,packet_rejected,0
1,7,60,False,False,False,packet_rejected,0
1,7,61,False,False,False,packet_rejected,0
1,7,62,False,False,False,packet_rejected,0
1,7,63,False,False,False,packet_rejected,0
1,7,64,False,False,False,packet_rejected,0
1,7,65,False,False,False,packet_rejected,0
1,7,66,False,False,False,packet_rejected,0
1,7,67,False,False,False,packet_rejected,0
1,7,68,False,False,False,packet_rejected,0
1,7,69,False,False,False,packet_rejected,0
1,7,70,False,False,False,packet_rejected,0
1,7,71,False,False,False,packet_rejected,0
1,7,72,False,False,False,packet_rejected,0
1,7,73,False,False,False,packet_rejected,0
1,7,74,False,False,False,packet_rejected,0
1,7,75,False,False,False,packet_rejected,0
1,7,76,False,False,False,packet_rejected,0
1,7,77,False,False,False,packet_rejected,0
1,7,78,False,False,False,packet_rejected,0
1,7,79,False,False,False,packet_rejected,0
1,7,80,False,False,False,packet_rejected,0
1,7,81,False,False,False,packet_rejected,0
1,7,82,False,False,False,packet_rejected,0
1,7,83,False,False,False,packet_rejected,0
1,7,84,False,False,False,packet_rejected,0
1,7,85,False,False,False,packet_rejected,0
1,7,86,False,False,False,packet_rejected,0
1,7,87,False,False,False,packet_rejected,0
1,7,88,False,False,False,packet_rejected,0
1,7,89,False,False,False,packet_rejected,0
1,7,90,False,False,False,packet_rejected,0
1,7,91,False,False,False,packet_rejected,0
1,7,92,False,False,False,packet_rejected,0
1,7,93,False,False,False,packet_rejected,0
1,7,94,False,False,False,packet_rejected,0
1,7,95,False,False,False,packet_rejected,0
1,7,96,False,False,False,packet_rejected,0
1,7,97,False,False,False,packet_rejected,0
1,7,98,False,False,False,packet_rejected,0
1,7,99,False,False,False,packet_rejected,0
1,8,0,False,False,False,packet_rejected,0
1,8,1,False,False,False,packet_rejected,0
1,8,2,False,False,False,packet_rejected,0
1,8,3,False,False,False,packet_rejected,0
1,8,4,False,False,False,packet_rejected,0
1,8,5,False,False,False,packet_rejected,0
1,8,6,False,False,False,packet_rejected,0
1,8,7,False,False,False,packet_rejected,0
1,8,8,False,False,False,packet_rejected,0
1,8,9,False,False,False,packet_rejected,0
1,8,10,False,False,False,packet_rejected,0
1,8,11,False,False,False,packet_rejected,0
1,8,12,False,False,False,packet_rejected,0
1,8,13,False,False,False,packet_rejected,0
1,8,14,False,False,False,packet_rejected,0
1,8,15,False,False,False,packet_rejected,0
1,8,16,False,False,False,packet_rejected,0
1,8,17,False,False,False,packet_rejected,0
1,8,18,False,False,False,packet_rejected,0
1,8,19,False,False,False,packet_rejected,0
1,8,20,False,False,False,packet_rejected,0
1,8,21,False,False,False,packet_rejected,0
1,8,22,False,False,False,packet_rejected,0
1,8,23,False,False,False,packet_rejected,0
1,8,24,False,False,False,packet_rejected,0
1,8,25,False,False,False,packet_rejected,0
1,8,26,False,False,False,packet_rejected,0
1,8,27,False,False,False,packet_rejected,0
1,8,28,False,False,False,packet_rejected,0
1,8,29,False,False,False,packet_rejected,0
1,8,30,False,False,False,packet_rejected,0
1,8,31,False,False,False,packet_rejected,0
1,8,32,False,False,False,packet_rejected,0
1,8,33,False,False,False,packet_rejected,0
1,8,34,False,False,False,packet_rejected,0
1,8,35,False,False,False,packet_rejected,0
1,8,36,False,False,False,packet_rejected,0
1,8,37,False,False,False,packet_rejected,0
1,8,38,False,False,False,packet_rejected,0
1,8,39,False,False,False,packet_rejected,0
1,8,40,False,False,False,packet_rejected,0
1,8,41,False,False,False,packet_rejected,0
1,8,42,False,False,False,packet_rejected,0
1,8,43,False,False,False,packet_rejected,0
1,8,44,False,False,False,packet_rejected,0
1,8,45,False,False,False,packet_rejected,0
1,8,46,False,False,False,packet_rejected,0
1,8,47,False,False,False,packet_rejected,0
1,8,48,False,False,False,packet_rejected,0
1,8,49,False,False,False,packet_rejected,0
1,8,50,False,False,False,packet_rejected,0
1,8,51,False,False,False,packet_rejected,0
1,8,52,False,False,False,packet_rejected,0
1,8,53,False,False,False,packet_rejected,0
1,8,54,False,False,False,packet_rejected,0
1,8,55,False,False,False,packet_rejected,0
1,8,56,False,False,False,packet_rejected,0
1,8,57,False,False,False,packet_rejected,0
1,8,58,False,False,False,packet_rejected,0
1,8,59,False,False,False,packet_rejected,0
1,8,60,False,False,False,packet_rejected,0
1,8,61,False,False,False,packet_rejected,0
1,8,62,False,False,False,packet_rejected,0
1,8,63,False,False,False,packet_rejected,0
1,8,64,False,False,False,packet_rejected,0
1,8,65,False,False,False,packet_rejected,0
1,8,66,False,False,False,packet_rejected,0
1,8,67,False,False,False,packet_rejected,0
1,8,68,False,False,False,packet_rejected,0
1,8,69,False,False,False,packet_rejected,0
1,8,70,False,False,False,packet_rejected,0
1,8,71,False,False,False,packet_rejected,0
1,8,72,False,False,False,packet_rejected,0
1,8,73,False,False,False,packet_rejected,0
1,8,74,False,False,False,packet_rejected,0
1,8,75,False,False,False,packet_rejected,0
1,8,76,False,False,False,packet_rejected,0
1,8,77,False,False,False,packet_rejected,0
1,8,78,False,False,False,packet_rejected,0
1,8,79,False,False,False,packet_rejected,0
1,8,80,False,False,False,packet_rejected,0
1,8,81,False,False,False,packet_rejected,0
1,8,82,False,False,False,packet_rejected,0
1,8,83,False,False,False,packet_rejected,0
1,8,84,False,False,False,packet_rejected,0
1,8,85,False,False,False,packet_rejected,0
1,8,86,False,False,False,packet_rejected,0
1,8,87,False,False,False,packet_rejected,0
1,8,88,False,False,False,packet_rejected,0
1,8,89,False,False,False,packet_rejected,0
1,8,90,False,False,False,packet_rejected,0
1,8,91,False,False,False,packet_rejected,0
1,8,92,False,False,False,packet_rejected,0
1,8,93,False,False,False,packet_rejected,0
1,8,94,False,False,False,packet_rejected,0
1,8,95,False,False,False,packet_rejected,0
1,8,96,False,False,False,packet_rejected,0
1,8,97,False,False,False,packet_rejected,0
1,8,98,False,False,False,packet_rejected,0
1,8,99,False,False,False,packet_rejected,0
2,0,0,False,False,False,packet_rejected,0
2,0,1,False,False,False,packet_rejected,0
2,0,2,False,False,False,packet_rejected,0
2,0,3,False,False,False,packet_rejected,0
2,0,4,False,False,False,packet_rejected,0
2,0,5,False,False,False,packet_rejected,0
2,0,6,False,False,False,packet_rejected,0
2,0,7,False,False,False,packet_rejected,0
2,0,8,False,False,False,packet_rejected,0
2,0,9,False,False,False,packet_rejected,0
2,0,10,False,False,False,packet_rejected,0
2,0,11,False,False,False,packet_rejected,0
2,0,12,False,False,False,packet_rejected,0
2,0,13,False,False,False,packet_rejected,0
2,0,14,False,False,False,packet_rejected,0
2,0,15,False,False,False,packet_rejected,0
2,0,16,False,False,False,packet_rejected,0
2,0,17,False,False,False,packet_rejected,0
2,0,18,False,False,False,packet_rejected,0
2,0,19,False,False,False,packet_rejected,0
2,0,20,False,False,False,packet_rejected,0
2,0,21,False,False,False,packet_rejected,0
2,0,22,False,False,False,packet_rejected,0
2,0,23,False,False,False,packet_rejected,0
2,0,24,False,False,False,packet_rejected,0
2,0,25,False,False,False,packet_rejected,0
2,0,26,False,False,False,packet_rejected,0
2,0,27,False,False,False,packet_rejected,0
2,0,28,False,False,False,packet_rejected,0
2,0,29,False,False,False,packet_rejected,0
2,0,30,False,False,False,packet_rejected,0
2,0,31,False,False,False,packet_rejected,0
2,0,32,False,False,False,packet_rejected,0
2,0,33,False,False,False,packet_rejected,0
2,0,34,False,False,False,packet_rejected,0
2,0,35,False,False,False,packet_rejected,0
2,0,36,False,False,False,packet_rejected,0
2,0,37,False,False,False,packet_rejected,0
2,0,38,False,False,False,packet_rejected,0
2,0,39,False,False,False,packet_rejected,0
2,0,40,False,False,False,packet_rejected,0
2,0,41,False,False,False,packet_rejected,0
2,0,42,False,False,False,packet_rejected,0
2,0,43,False,False,False,packet_rejected,0
2,0,44,False,False,False,packet_rejected,0
2,0,45,False,False,False,packet_rejected,0
2,0,46,False,False,False,packet_rejected,0
2,0,47,False,False,False,packet_rejected,0
2,0,48,False,False,False,packet_rejected,0
2,0,49,False,False,False,packet_rejected,0
2,0,50,False,False,False,packet_rejected,0
2,0,51,False,False,False,packet_rejected,0
2,0,52,False,False,False,packet_rejected,0
2,0,53,False,False,False,packet_rejected,0
2,0,54,False,False,False,packet_rejected,0
2,0,55,False,False,False,packet_rejected,0
2,0,56,False,False,False,packet_rejected,0
2,0,57,False,False,False,packet_rejected,0
2,0,58,False,False,False,packet_rejected,0
2,0,59,False,False,False,packet_rejected,0
2,0,60,False,False,False,packet_rejected,0
2,0,61,False,False,False,packet_rejected,0
2,0,62,False,False,False,packet_rejected,0
2,0,63,False,False,False,packet_rejected,0
2,0,64,False,False,False,packet_rejected,0
2,0,65,False,False,False,packet_rejected,0
2,0,66,False,False,False,packet_rejected,0
2,0,67,False,False,False,packet_rejected,0
2,0,68,False,False,False,packet_rejected,0
2,0,69,False,False,False,packet_rejected,0
2,0,70,False,False,False,packet_rejected,0
2,0,71,False,False,False,packet_rejected,0
2,0,72,False,False,False,packet_rejected,0
2,0,73,False,False,False,packet_rejected,0
2,0,74,False,False,False,packet_rejected,0
2,0,75,False,False,False,packet_rejected,0
2,0,76,False,False,False,packet_rejected,0
2,0,77,False,False,False,packet_rejected,0
2,0,78,False,False,False,packet_rejected,0
2,0,79,False,False,False,packet_rejected,0
2,0,80,False,False,False,packet_rejected,0
2,0,81,False,False,False,packet_rejected,0
2,0,82,False,False,False,packet_rejected,0
2,0,83,False,False,False,packet_rejected,0
2,0,84,False,False,False,packet_rejected,0
2,0,85,False,False,False,packet_rejected,0
2,0,86,False,False,False,packet_rejected,0
2,0,87,False,False,False,packet_rejected,0
2,0,88,False,False,False,packet_rejected,0
2,0,89,False,False,False,packet_rejected,0
2,0,90,False,False,False,packet_rejected,0
2,0,91,False,False,False,packet_rejected,0
2,0,92,False,False,False,packet_rejected,0
2,0,93,False,False,False,packet_rejected,0
2,0,94,False,False,False,packet_rejected,0
2,0,95,False,False,False,packet_rejected,0
2,0,96,False,False,False,packet_rejected,0
2,0,97,False,False,False,packet_rejected,0
2,0,98,False,False,False,packet_rejected,0
2,0,99,False,False,False,packet_rejected,0
2,1,0,False,False,False,packet_rejected,0
2,1,1,False,False,False,packet_rejected,0
2,1,2,False,False,False,packet_rejected,0
2,1,3,False,False,False,packet_rejected,0
2,1,4,False,False,False,packet_rejected,0
2,1,5,False,False,False,packet_rejected,0
2,1,6,False,False,False,packet_rejected,0
2,1,7,False,False,False,packet_rejected,0
2,1,8,False,False,False,packet_rejected,0
2,1,9,False,False,False,packet_rejected,0
2,1,10,False,False,False,packet_rejected,0
2,1,11,False,False,False,packet_rejected,0
2,1,12,False,False,False,packet_rejected,0
2,1,13,False,False,False,packet_rejected,0
2,1,14,False,False,False,packet_rejected,0
2,1,15,False,False,False,packet_rejected,0
2,1,16,False,False,False,packet_rejected,0
2,1,17,False,False,False,packet_rejected,0
2,1,18,False,False,False,packet_rejected,0
2,1,19,False,False,False,packet_rejected,0
2,1,20,False,False,False,packet_rejected,0
2,1,21,False,False,False,packet_rejected,0
2,1,22,False,False,False,packet_rejected,0
2,1,23,False,False,False,packet_rejected,0
2,1,24,False,False,False,packet_rejected,0
2,1,25,False,False,False,packet_rejected,0
2,1,26,False,False,False,packet_rejected,0
2,1,27,False,False,False,packet_rejected,0
2,1,28,False,False,False,packet_rejected,0
2,1,29,False,False,False,packet_rejected,0
2,1,30,False,False,False,packet_rejected,0
2,1,31,False,False,False,packet_rejected,0
2,1,32,False,False,False,packet_rejected,0
2,1,33,False,False,False,packet_rejected,0
2,1,34,False,False,False,packet_rejected,0
2,1,35,False,False,False,packet_rejected,0
2,1,36,False,False,False,packet_rejected,0
2,1,37,False,False,False,packet_rejected,0
2,1,38,False,False,False,packet_rejected,0
2,1,39,False,False,False,packet_rejected,0
2,1,40,False,False,False,packet_rejected,0
2,1,41,False,False,False,packet_rejected,0
2,1,42,False,False,False,packet_rejected,0
2,1,43,False,False,False,packet_rejected,0
2,1,44,False,False,False,packet_rejected,0
2,1,45,False,False,False,packet_rejected,0
2,1,46,False,False,False,packet_rejected,0
2,1,47,False,False,False,packet_rejected,0
2,1,48,False,False,False,packet_rejected,0
2,1,49,False,False,False,packet_rejected,0
2,1,50,False,False,False,packet_rejected,0
2,1,51,False,False,False,packet_rejected,0
2,1,52,False,False,False,packet_rejected,0
2,1,53,False,False,False,packet_rejected,0
2,1,54,False,False,False,packet_rejected,0
2,1,55,False,False,False,packet_rejected,0
2,1,56,False,False,False,packet_rejected,0
2,1,57,False,False,False,packet_rejected,0
2,1,58,False,False,False,packet_rejected,0
2,1,59,False,False,False,packet_rejected,0
2,1,60,False,False,False,packet_rejected,0
2,1,61,False,False,False,packet_rejected,0
2,1,62,False,False,False,packet_rejected,0
2,1,63,False,False,False,packet_rejected,0
2,1,64,False,False,False,packet_rejected,0
2,1,65,False,False,False,packet_rejected,0
2,1,66,False,False,False,packet_rejected,0
2,1,67,False,False,False,packet_rejected,0
2,1,68,False,False,False,packet_rejected,0
2,1,69,False,False,False,packet_rejected,0
2,1,70,False,False,False,packet_rejected,0
2,1,71,False,False,False,packet_rejected,0
2,1,72,False,False,False,packet_rejected,0
2,1,73,False,False,False,packet_rejected,0
2,1,74,False,False,False,packet_rejected,0
2,1,75,False,False,False,packet_rejected,0
2,1,76,False,False,False,packet_rejected,0
2,1,77,False,False,False,packet_rejected,0
2,1,78,False,False,False,packet_rejected,0
2,1,79,False,False,False,packet_rejected,0
2,1,80,False,False,False,packet_rejected,0
2,1,81,False,False,False,packet_rejected,0
2,1,82,False,False,False,packet_rejected,0
2,1,83,False,False,False,packet_rejected,0
2,1,84,False,False,False,packet_rejected,0
2,1,85,False,False,False,packet_rejected,0
2,1,86,False,False,False,packet_rejected,0
2,1,87,False,False,False,packet_rejected,0
2,1,88,False,False,False,packet_rejected,0
2,1,89,False,False,False,packet_rejected,0
2,1,90,False,False,False,packet_rejected,0
2,1,91,False,False,False,packet_rejected,0
2,1,92,False,False,False,packet_rejected,0
2,1,93,False,False,False,packet_rejected,0
2,1,94,False,False,False,packet_rejected,0
2,1,95,False,False,False,packet_rejected,0
2,1,96,False,False,False,packet_rejected,0
2,1,97,False,False,False,packet_rejected,0
2,1,98,False,False,False,packet_rejected,0
2,1,99,False,False,False,packet_rejected,0
2,2,0,True,True,True,accepted,10
2,2,1,True,True,True,accepted,10
2,2,2,True,True,True,accepted,10
2,2,3,True,True,True,accepted,10
2,2,4,True,True,True,accepted,10
2,2,5,True,True,True,accepted,10
2,2,6,True,True,True,accepted,10
2,2,7,True,True,True,accepted,10
2,2,8,True,True,True,accepted,10
2,2,9,True,True,True,accepted,10
2,2,10,True,True,True,accepted,10
2,2,11,True,True,True,accepted,10
2,2,12,True,True,True,accepted,10
2,2,13,True,True,True,accepted,10
2,2,14,True,True,True,accepted,10
2,2,15,True,True,True,accepted,10
2,2,16,True,True,True,accepted,10
2,2,17,True,True,True,accepted,10
2,2,18,True,True,True,accepted,10
2,2,19,True,True,True,accepted,10
2,2,20,True,True,True,accepted,10
2,2,21,True,True,True,accepted,10
2,2,22,True,True,True,accepted,10
2,2,23,True,True,True,accepted,10
2,2,24,True,True,True,accepted,10
2,2,25,True,True,True,accepted,10
2,2,26,True,True,True,accepted,10
2,2,27,True,True,True,accepted,10
2,2,28,True,True,True,accepted,10
2,2,29,True,True,True,accepted,10
2,2,30,True,True,True,accepted,10
2,2,31,True,True,True,accepted,10
2,2,32,True,True,True,accepted,10
2,2,33,True,True,True,accepted,10
2,2,34,True,True,True,accepted,10
2,2,35,True,True,True,accepted,10
2,2,36,True,True,True,accepted,10
2,2,37,True,True,True,accepted,10
2,2,38,True,True,True,accepted,10
2,2,39,True,True,True,accepted,10
2,2,40,True,True,True,accepted,10
2,2,41,True,True,True,accepted,10
2,2,42,True,True,True,accepted,10
2,2,43,True,True,True,accepted,10
2,2,44,True,True,True,accepted,10
2,2,45,True,True,True,accepted,10
2,2,46,True,True,True,accepted,10
2,2,47,True,True,True,accepted,10
2,2,48,True,True,True,accepted,10
2,2,49,True,True,True,accepted,10
2,2,50,True,True,True,accepted,10
2,2,51,True,True,True,accepted,10
2,2,52,True,True,True,accepted,10
2,2,53,True,True,True,accepted,10
2,2,54,True,True,True,accepted,10
2,2,55,True,True,True,accepted,10
2,2,56,True,True,True,accepted,10
2,2,57,True,True,True,accepted,10
2,2,58,True,True,True,accepted,10
2,2,59,True,True,True,accepted,10
2,2,60,True,True,True,accepted,10
2,2,61,True,True,True,accepted,10
2,2,62,True,True,True,accepted,10
2,2,63,True,True,True,accepted,10
2,2,64,True,True,True,accepted,10
2,2,65,True,True,True,accepted,10
2,2,66,True,True,True,accepted,10
2,2,67,True,True,True,accepted,10
2,2,68,True,True,True,accepted,10
2,2,69,True,True,True,accepted,10
2,2,70,True,True,True,accepted,10
2,2,71,True,True,True,accepted,10
2,2,72,True,True,True,accepted,10
2,2,73,True,True,True,accepted,10
2,2,74,True,True,True,accepted,10
2,2,75,True,True,True,accepted,10
2,2,76,True,True,True,accepted,10
2,2,77,True,True,True,accepted,10
2,2,78,True,True,True,accepted,10
2,2,79,True,True,True,accepted,10
2,2,80,True,True,True,accepted,10
2,2,81,True,True,True,accepted,10
2,2,82,True,True,True,accepted,10
2,2,83,True,True,True,accepted,10
2,2,84,True,True,True,accepted,10
2,2,85,True,True,True,accepted,10
2,2,86,True,True,True,accepted,10
2,2,87,True,True,True,accepted,10
2,2,88,True,True,True,accepted,10
2,2,89,True,True,True,accepted,10
2,2,90,True,True,True,accepted,10
2,2,91,True,True,True,accepted,10
2,2,92,True,True,True,accepted,10
2,2,93,True,True,True,accepted,10
2,2,94,True,True,True,accepted,10
2,2,95,True,True,True,accepted,10
2,2,96,True,True,True,accepted,10
2,2,97,True,True,True,accepted,10
2,2,98,True,True,True,accepted,10
2,2,99,True,True,True,accepted,10
2,3,0,False,False,False,packet_rejected,0
2,3,1,False,False,False,packet_rejected,0
2,3,2,False,False,False,packet_rejected,0
2,3,3,False,False,False,packet_rejected,0
2,3,4,False,False,False,packet_rejected,0
2,3,5,False,False,False,packet_rejected,0
2,3,6,False,False,False,packet_rejected,0
2,3,7,False,False,False,packet_rejected,0
2,3,8,False,False,False,packet_rejected,0
2,3,9,False,False,False,packet_rejected,0
2,3,10,False,False,False,packet_rejected,0
2,3,11,False,False,False,packet_rejected,0
2,3,12,False,False,False,packet_rejected,0
2,3,13,False,False,False,packet_rejected,0
2,3,14,False,False,False,packet_rejected,0
2,3,15,False,False,False,packet_rejected,0
2,3,16,False,False,False,packet_rejected,0
2,3,17,False,False,False,packet_rejected,0
2,3,18,False,False,False,packet_rejected,0
2,3,19,False,False,False,packet_rejected,0
2,3,20,False,False,False,packet_rejected,0
2,3,21,False,False,False,packet_rejected,0
2,3,22,False,False,False,packet_rejected,0
2,3,23,False,False,False,packet_rejected,0
2,3,24,False,False,False,packet_rejected,0
2,3,25,False,False,False,packet_rejected,0
2,3,26,False,False,False,packet_rejected,0
2,3,27,False,False,False,packet_rejected,0
2,3,28,False,False,False,packet_rejected,0
2,3,29,False,False,False,packet_rejected,0
2,3,30,False,False,False,packet_rejected,0
2,3,31,False,False,False,packet_rejected,0
2,3,32,False,False,False,packet_rejected,0
2,3,33,False,False,False,packet_rejected,0
2,3,34,False,False,False,packet_rejected,0
2,3,35,False,False,False,packet_rejected,0
2,3,36,False,False,False,packet_rejected,0
2,3,37,False,False,False,packet_rejected,0
2,3,38,False,False,False,packet_rejected,0
2,3,39,False,False,False,packet_rejected,0
2,3,40,False,False,False,packet_rejected,0
2,3,41,False,False,False,packet_rejected,0
2,3,42,False,False,False,packet_rejected,0
2,3,43,False,False,False,packet_rejected,0
2,3,44,False,False,False,packet_rejected,0
2,3,45,False,False,False,packet_rejected,0
2,3,46,False,False,False,packet_rejected,0
2,3,47,False,False,False,packet_rejected,0
2,3,48,False,False,False,packet_rejected,0
2,3,49,False,False,False,packet_rejected,0
2,3,50,False,False,False,packet_rejected,0
2,3,51,False,False,False,packet_rejected,0
2,3,52,False,False,False,packet_rejected,0
2,3,53,False,False,False,packet_rejected,0
2,3,54,False,False,False,packet_rejected,0
2,3,55,False,False,False,packet_rejected,0
2,3,56,False,False,False,packet_rejected,0
2,3,57,False,False,False,packet_rejected,0
2,3,58,False,False,False,packet_rejected,0
2,3,59,False,False,False,packet_rejected,0
2,3,60,False,False,False,packet_rejected,0
2,3,61,False,False,False,packet_rejected,0
2,3,62,False,False,False,packet_rejected,0
2,3,63,False,False,False,packet_rejected,0
2,3,64,False,False,False,packet_rejected,0
2,3,65,False,False,False,packet_rejected,0
2,3,66,False,False,False,packet_rejected,0
2,3,67,False,False,False,packet_rejected,0
2,3,68,False,False,False,packet_rejected,0
2,3,69,False,False,False,packet_rejected,0
2,3,70,False,False,False,packet_rejected,0
2,3,71,False,False,False,packet_rejected,0
2,3,72,False,False,False,packet_rejected,0
2,3,73,False,False,False,packet_rejected,0
2,3,74,False,False,False,packet_rejected,0
2,3,75,False,False,False,packet_rejected,0
2,3,76,False,False,False,packet_rejected,0
2,3,77,False,False,False,packet_rejected,0
2,3,78,False,False,False,packet_rejected,0
2,3,79,False,False,False,packet_rejected,0
2,3,80,False,False,False,packet_rejected,0
2,3,81,False,False,False,packet_rejected,0
2,3,82,False,False,False,packet_rejected,0
2,3,83,False,False,False,packet_rejected,0
2,3,84,False,False,False,packet_rejected,0
2,3,85,False,False,False,packet_rejected,0
2,3,86,False,False,False,packet_rejected,0
2,3,87,False,False,False,packet_rejected,0
2,3,88,False,False,False,packet_rejected,0
2,3,89,False,False,False,packet_rejected,0
2,3,90,False,False,False,packet_rejected,0
2,3,91,False,False,False,packet_rejected,0
2,3,92,False,False,False,packet_rejected,0
2,3,93,False,False,False,packet_rejected,0
2,3,94,False,False,False,packet_rejected,0
2,3,95,False,False,False,packet_rejected,0
2,3,96,False,False,False,packet_rejected,0
2,3,97,False,False,False,packet_rejected,0
2,3,98,False,False,False,packet_rejected,0
2,3,99,False,False,False,packet_rejected,0
2,4,0,False,False,False,packet_rejected,0
2,4,1,False,False,False,packet_rejected,0
2,4,2,False,False,False,packet_rejected,0
2,4,3,False,False,False,packet_rejected,0
2,4,4,False,False,False,packet_rejected,0
2,4,5,False,False,False,packet_rejected,0
2,4,6,False,False,False,packet_rejected,0
2,4,7,False,False,False,packet_rejected,0
2,4,8,False,False,False,packet_rejected,0
2,4,9,False,False,False,packet_rejected,0
2,4,10,False,False,False,packet_rejected,0
2,4,11,False,False,False,packet_rejected,0
2,4,12,False,False,False,packet_rejected,0
2,4,13,False,False,False,packet_rejected,0
2,4,14,False,False,False,packet_rejected,0
2,4,15,False,False,False,packet_rejected,0
2,4,16,False,False,False,packet_rejected,0
2,4,17,False,False,False,packet_rejected,0
2,4,18,False,False,False,packet_rejected,0
2,4,19,False,False,False,packet_rejected,0
2,4,20,False,False,False,packet_rejected,0
2,4,21,False,False,False,packet_rejected,0
2,4,22,False,False,False,packet_rejected,0
2,4,23,False,False,False,packet_rejected,0
2,4,24,False,False,False,packet_rejected,0
2,4,25,False,False,False,packet_rejected,0
2,4,26,False,False,False,packet_rejected,0
2,4,27,False,False,False,packet_rejected,0
2,4,28,False,False,False,packet_rejected,0
2,4,29,False,False,False,packet_rejected,0
2,4,30,False,False,False,packet_rejected,0
2,4,31,False,False,False,packet_rejected,0
2,4,32,False,False,False,packet_rejected,0
2,4,33,False,False,False,packet_rejected,0
2,4,34,False,False,False,packet_rejected,0
2,4,35,False,False,False,packet_rejected,0
2,4,36,False,False,False,packet_rejected,0
2,4,37,False,False,False,packet_rejected,0
2,4,38,False,False,False,packet_rejected,0
2,4,39,False,False,False,packet_rejected,0
2,4,40,False,False,False,packet_rejected,0
2,4,41,False,False,False,packet_rejected,0
2,4,42,False,False,False,packet_rejected,0
2,4,43,False,False,False,packet_rejected,0
2,4,44,False,False,False,packet_rejected,0
2,4,45,False,False,False,packet_rejected,0
2,4,46,False,False,False,packet_rejected,0
2,4,47,False,False,False,packet_rejected,0
2,4,48,False,False,False,packet_rejected,0
2,4,49,False,False,False,packet_rejected,0
2,4,50,False,False,False,packet_rejected,0
2,4,51,False,False,False,packet_rejected,0
2,4,52,False,False,False,packet_rejected,0
2,4,53,False,False,False,packet_rejected,0
2,4,54,False,False,False,packet_rejected,0
2,4,55,False,False,False,packet_rejected,0
2,4,56,False,False,False,packet_rejected,0
2,4,57,False,False,False,packet_rejected,0
2,4,58,False,False,False,packet_rejected,0
2,4,59,False,False,False,packet_rejected,0
2,4,60,False,False,False,packet_rejected,0
2,4,61,False,False,False,packet_rejected,0
2,4,62,False,False,False,packet_rejected,0
2,4,63,False,False,False,packet_rejected,0
2,4,64,False,False,False,packet_rejected,0
2,4,65,False,False,False,packet_rejected,0
2,4,66,False,False,False,packet_rejected,0
2,4,67,False,False,False,packet_rejected,0
2,4,68,False,False,False,packet_rejected,0
2,4,69,False,False,False,packet_rejected,0
2,4,70,False,False,False,packet_rejected,0
2,4,71,False,False,False,packet_rejected,0
2,4,72,False,False,False,packet_rejected,0
2,4,73,False,False,False,packet_rejected,0
2,4,74,False,False,False,packet_rejected,0
2,4,75,False,False,False,packet_rejected,0
2,4,76,False,False,False,packet_rejected,0
2,4,77,False,False,False,packet_rejected,0
2,4,78,False,False,False,packet_rejected,0
2,4,79,False,False,False,packet_rejected,0
2,4,80,False,False,False,packet_rejected,0
2,4,81,False,False,False,packet_rejected,0
2,4,82,False,False,False,packet_rejected,0
2,4,83,False,False,False,packet_rejected,0
2,4,84,False,False,False,packet_rejected,0
2,4,85,False,False,False,packet_rejected,0
2,4,86,False,False,False,packet_rejected,0
2,4,87,False,False,False,packet_rejected,0
2,4,88,False,False,False,packet_rejected,0
2,4,89,False,False,False,packet_rejected,0
2,4,90,False,False,False,packet_rejected,0
2,4,91,False,False,False,packet_rejected,0
2,4,92,False,False,False,packet_rejected,0
2,4,93,False,False,False,packet_rejected,0
2,4,94,False,False,False,packet_rejected,0
2,4,95,False,False,False,packet_rejected,0
2,4,96,False,False,False,packet_rejected,0
2,4,97,False,False,False,packet_rejected,0
2,4,98,False,False,False,packet_rejected,0
2,4,99,False,False,False,packet_rejected,0
2,5,0,False,False,False,packet_rejected,0
2,5,1,False,False,False,packet_rejected,0
2,5,2,False,False,False,packet_rejected,0
2,5,3,False,False,False,packet_rejected,0
2,5,4,False,False,False,packet_rejected,0
2,5,5,False,False,False,packet_rejected,0
2,5,6,False,False,False,packet_rejected,0
2,5,7,False,False,False,packet_rejected,0
2,5,8,False,False,False,packet_rejected,0
2,5,9,False,False,False,packet_rejected,0
2,5,10,False,False,False,packet_rejected,0
2,5,11,False,False,False,packet_rejected,0
2,5,12,False,False,False,packet_rejected,0
2,5,13,False,False,False,packet_rejected,0
2,5,14,False,False,False,packet_rejected,0
2,5,15,False,False,False,packet_rejected,0
2,5,16,False,False,False,packet_rejected,0
2,5,17,False,False,False,packet_rejected,0
2,5,18,False,False,False,packet_rejected,0
2,5,19,False,False,False,packet_rejected,0
2,5,20,False,False,False,packet_rejected,0
2,5,21,False,False,False,packet_rejected,0
2,5,22,False,False,False,packet_rejected,0
2,5,23,False,False,False,packet_rejected,0
2,5,24,False,False,False,packet_rejected,0
2,5,25,False,False,False,packet_rejected,0
2,5,26,False,False,False,packet_rejected,0
2,5,27,False,False,False,packet_rejected,0
2,5,28,False,False,False,packet_rejected,0
2,5,29,False,False,False,packet_rejected,0
2,5,30,False,False,False,packet_rejected,0
2,5,31,False,False,False,packet_rejected,0
2,5,32,False,False,False,packet_rejected,0
2,5,33,False,False,False,packet_rejected,0
2,5,34,False,False,False,packet_rejected,0
2,5,35,False,False,False,packet_rejected,0
2,5,36,False,False,False,packet_rejected,0
2,5,37,False,False,False,packet_rejected,0
2,5,38,False,False,False,packet_rejected,0
2,5,39,False,False,False,packet_rejected,0
2,5,40,False,False,False,packet_rejected,0
2,5,41,False,False,False,packet_rejected,0
2,5,42,False,False,False,packet_rejected,0
2,5,43,False,False,False,packet_rejected,0
2,5,44,False,False,False,packet_rejected,0
2,5,45,False,False,False,packet_rejected,0
2,5,46,False,False,False,packet_rejected,0
2,5,47,False,False,False,packet_rejected,0
2,5,48,False,False,False,packet_rejected,0
2,5,49,False,False,False,packet_rejected,0
2,5,50,False,False,False,packet_rejected,0
2,5,51,False,False,False,packet_rejected,0
2,5,52,False,False,False,packet_rejected,0
2,5,53,False,False,False,packet_rejected,0
2,5,54,False,False,False,packet_rejected,0
2,5,55,False,False,False,packet_rejected,0
2,5,56,False,False,False,packet_rejected,0
2,5,57,False,False,False,packet_rejected,0
2,5,58,False,False,False,packet_rejected,0
2,5,59,False,False,False,packet_rejected,0
2,5,60,False,False,False,packet_rejected,0
2,5,61,False,False,False,packet_rejected,0
2,5,62,False,False,False,packet_rejected,0
2,5,63,False,False,False,packet_rejected,0
2,5,64,False,False,False,packet_rejected,0
2,5,65,False,False,False,packet_rejected,0
2,5,66,False,False,False,packet_rejected,0
2,5,67,False,False,False,packet_rejected,0
2,5,68,False,False,False,packet_rejected,0
2,5,69,False,False,False,packet_rejected,0
2,5,70,False,False,False,packet_rejected,0
2,5,71,False,False,False,packet_rejected,0
2,5,72,False,False,False,packet_rejected,0
2,5,73,False,False,False,packet_rejected,0
2,5,74,False,False,False,packet_rejected,0
2,5,75,False,False,False,packet_rejected,0
2,5,76,False,False,False,packet_rejected,0
2,5,77,False,False,False,packet_rejected,0
2,5,78,False,False,False,packet_rejected,0
2,5,79,False,False,False,packet_rejected,0
2,5,80,False,False,False,packet_rejected,0
2,5,81,False,False,False,packet_rejected,0
2,5,82,False,False,False,packet_rejected,0
2,5,83,False,False,False,packet_rejected,0
2,5,84,False,False,False,packet_rejected,0
2,5,85,False,False,False,packet_rejected,0
2,5,86,False,False,False,packet_rejected,0
2,5,87,False,False,False,packet_rejected,0
2,5,88,False,False,False,packet_rejected,0
2,5,89,False,False,False,packet_rejected,0
2,5,90,False,False,False,packet_rejected,0
2,5,91,False,False,False,packet_rejected,0
2,5,92,False,False,False,packet_rejected,0
2,5,93,False,False,False,packet_rejected,0
2,5,94,False,False,False,packet_rejected,0
2,5,95,False,False,False,packet_rejected,0
2,5,96,False,False,False,packet_rejected,0
2,5,97,False,False,False,packet_rejected,0
2,5,98,False,False,False,packet_rejected,0
2,5,99,False,False,False,packet_rejected,0
2,6,0,False,False,False,packet_rejected,0
2,6,1,False,False,False,packet_rejected,0
2,6,2,False,False,False,packet_rejected,0
2,6,3,False,False,False,packet_rejected,0
2,6,4,False,False,False,packet_rejected,0
2,6,5,False,False,False,packet_rejected,0
2,6,6,False,False,False,packet_rejected,0
2,6,7,False,False,False,packet_rejected,0
2,6,8,False,False,False,packet_rejected,0
2,6,9,False,False,False,packet_rejected,0
2,6,10,False,False,False,packet_rejected,0
2,6,11,False,False,False,packet_rejected,0
2,6,12,False,False,False,packet_rejected,0
2,6,13,False,False,False,packet_rejected,0
2,6,14,False,False,False,packet_rejected,0
2,6,15,False,False,False,packet_rejected,0
2,6,16,False,False,False,packet_rejected,0
2,6,17,False,False,False,packet_rejected,0
2,6,18,False,False,False,packet_rejected,0
2,6,19,False,False,False,packet_rejected,0
2,6,20,False,False,False,packet_rejected,0
2,6,21,False,False,False,packet_rejected,0
2,6,22,False,False,False,packet_rejected,0
2,6,23,False,False,False,packet_rejected,0
2,6,24,False,False,False,packet_rejected,0
2,6,25,False,False,False,packet_rejected,0
2,6,26,False,False,False,packet_rejected,0
2,6,27,False,False,False,packet_rejected,0
2,6,28,False,False,False,packet_rejected,0
2,6,29,False,False,False,packet_rejected,0
2,6,30,False,False,False,packet_rejected,0
2,6,31,False,False,False,packet_rejected,0
2,6,32,False,False,False,packet_rejected,0
2,6,33,False,False,False,packet_rejected,0
2,6,34,False,False,False,packet_rejected,0
2,6,35,False,False,False,packet_rejected,0
2,6,36,False,False,False,packet_rejected,0
2,6,37,False,False,False,packet_rejected,0
2,6,38,False,False,False,packet_rejected,0
2,6,39,False,False,False,packet_rejected,0
2,6,40,False,False,False,packet_rejected,0
2,6,41,False,False,False,packet_rejected,0
2,6,42,False,False,False,packet_rejected,0
2,6,43,False,False,False,packet_rejected,0
2,6,44,False,False,False,packet_rejected,0
2,6,45,False,False,False,packet_rejected,0
2,6,46,False,False,False,packet_rejected,0
2,6,47,False,False,False,packet_rejected,0
2,6,48,False,False,False,packet_rejected,0
2,6,49,False,False,False,packet_rejected,0
2,6,50,False,False,False,packet_rejected,0
2,6,51,False,False,False,packet_rejected,0
2,6,52,False,False,False,packet_rejected,0
2,6,53,False,False,False,packet_rejected,0
2,6,54,False,False,False,packet_rejected,0
2,6,55,False,False,False,packet_rejected,0
2,6,56,False,False,False,packet_rejected,0
2,6,57,False,False,False,packet_rejected,0
2,6,58,False,False,False,packet_rejected,0
2,6,59,False,False,False,packet_rejected,0
2,6,60,False,False,False,packet_rejected,0
2,6,61,False,False,False,packet_rejected,0
2,6,62,False,False,False,packet_rejected,0
2,6,63,False,False,False,packet_rejected,0
2,6,64,False,False,False,packet_rejected,0
2,6,65,False,False,False,packet_rejected,0
2,6,66,False,False,False,packet_rejected,0
2,6,67,False,False,False,packet_rejected,0
2,6,68,False,False,False,packet_rejected,0
2,6,69,False,False,False,packet_rejected,0
2,6,70,False,False,False,packet_rejected,0
2,6,71,False,False,False,packet_rejected,0
2,6,72,False,False,False,packet_rejected,0
2,6,73,False,False,False,packet_rejected,0
2,6,74,False,False,False,packet_rejected,0
2,6,75,False,False,False,packet_rejected,0
2,6,76,False,False,False,packet_rejected,0
2,6,77,False,False,False,packet_rejected,0
2,6,78,False,False,False,packet_rejected,0
2,6,79,False,False,False,packet_rejected,0
2,6,80,False,False,False,packet_rejected,0
2,6,81,False,False,False,packet_rejected,0
2,6,82,False,False,False,packet_rejected,0
2,6,83,False,False,False,packet_rejected,0
2,6,84,False,False,False,packet_rejected,0
2,6,85,False,False,False,packet_rejected,0
2,6,86,False,False,False,packet_rejected,0
2,6,87,False,False,False,packet_rejected,0
2,6,88,False,False,False,packet_rejected,0
2,6,89,False,False,False,packet_rejected,0
2,6,90,False,False,False,packet_rejected,0
2,6,91,False,False,False,packet_rejected,0
2,6,92,False,False,False,packet_rejected,0
2,6,93,False,False,False,packet_rejected,0
2,6,94,False,False,False,packet_rejected,0
2,6,95,False,False,False,packet_rejected,0
2,6,96,False,False,False,packet_rejected,0
2,6,97,False,False,False,packet_rejected,0
2,6,98,False,False,False,packet_rejected,0
2,6,99,False,False,False,packet_rejected,0
2,7,0,False,False,False,packet_rejected,0
2,7,1,False,False,False,packet_rejected,0
2,7,2,False,False,False,packet_rejected,0
2,7,3,False,False,False,packet_rejected,0
2,7,4,False,False,False,packet_rejected,0
2,7,5,False,False,False,packet_rejected,0
2,7,6,False,False,False,packet_rejected,0
2,7,7,False,False,False,packet_rejected,0
2,7,8,False,False,False,packet_rejected,0
2,7,9,False,False,False,packet_rejected,0
2,7,10,False,False,False,packet_rejected,0
2,7,11,False,False,False,packet_rejected,0
2,7,12,False,False,False,packet_rejected,0
2,7,13,False,False,False,packet_rejected,0
2,7,14,False,False,False,packet_rejected,0
2,7,15,False,False,False,packet_rejected,0
2,7,16,False,False,False,packet_rejected,0
2,7,17,False,False,False,packet_rejected,0
2,7,18,False,False,False,packet_rejected,0
2,7,19,False,False,False,packet_rejected,0
2,7,20,False,False,False,packet_rejected,0
2,7,21,False,False,False,packet_rejected,0
2,7,22,False,False,False,packet_rejected,0
2,7,23,False,False,False,packet_rejected,0
2,7,24,False,False,False,packet_rejected,0
2,7,25,False,False,False,packet_rejected,0
2,7,26,False,False,False,packet_rejected,0
2,7,27,False,False,False,packet_rejected,0
2,7,28,False,False,False,packet_rejected,0
2,7,29,False,False,False,packet_rejected,0
2,7,30,False,False,False,packet_rejected,0
2,7,31,False,False,False,packet_rejected,0
2,7,32,False,False,False,packet_rejected,0
2,7,33,False,False,False,packet_rejected,0
2,7,34,False,False,False,packet_rejected,0
2,7,35,False,False,False,packet_rejected,0
2,7,36,False,False,False,packet_rejected,0
2,7,37,False,False,False,packet_rejected,0
2,7,38,False,False,False,packet_rejected,0
2,7,39,False,False,False,packet_rejected,0
2,7,40,False,False,False,packet_rejected,0
2,7,41,False,False,False,packet_rejected,0
2,7,42,False,False,False,packet_rejected,0
2,7,43,False,False,False,packet_rejected,0
2,7,44,False,False,False,packet_rejected,0
2,7,45,False,False,False,packet_rejected,0
2,7,46,False,False,False,packet_rejected,0
2,7,47,False,False,False,packet_rejected,0
2,7,48,False,False,False,packet_rejected,0
2,7,49,False,False,False,packet_rejected,0
2,7,50,False,False,False,packet_rejected,0
2,7,51,False,False,False,packet_rejected,0
2,7,52,False,False,False,packet_rejected,0
2,7,53,False,False,False,packet_rejected,0
2,7,54,False,False,False,packet_rejected,0
2,7,55,False,False,False,packet_rejected,0
2,7,56,False,False,False,packet_rejected,0
2,7,57,False,False,False,packet_rejected,0
2,7,58,False,False,False,packet_rejected,0
2,7,59,False,False,False,packet_rejected,0
2,7,60,False,False,False,packet_rejected,0
2,7,61,False,False,False,packet_rejected,0
2,7,62,False,False,False,packet_rejected,0
2,7,63,False,False,False,packet_rejected,0
2,7,64,False,False,False,packet_rejected,0
2,7,65,False,False,False,packet_rejected,0
2,7,66,False,False,False,packet_rejected,0
2,7,67,False,False,False,packet_rejected,0
2,7,68,False,False,False,packet_rejected,0
2,7,69,False,False,False,packet_rejected,0
2,7,70,False,False,False,packet_rejected,0
2,7,71,False,False,False,packet_rejected,0
2,7,72,False,False,False,packet_rejected,0
2,7,73,False,False,False,packet_rejected,0
2,7,74,False,False,False,packet_rejected,0
2,7,75,False,False,False,packet_rejected,0
2,7,76,False,False,False,packet_rejected,0
2,7,77,False,False,False,packet_rejected,0
2,7,78,False,False,False,packet_rejected,0
2,7,79,False,False,False,packet_rejected,0
2,7,80,False,False,False,packet_rejected,0
2,7,81,False,False,False,packet_rejected,0
2,7,82,False,False,False,packet_rejected,0
2,7,83,False,False,False,packet_rejected,0
2,7,84,False,False,False,packet_rejected,0
2,7,85,False,False,False,packet_rejected,0
2,7,86,False,False,False,packet_rejected,0
2,7,87,False,False,False,packet_rejected,0
2,7,88,False,False,False,packet_rejected,0
2,7,89,False,False,False,packet_rejected,0
2,7,90,False,False,False,packet_rejected,0
2,7,91,False,False,False,packet_rejected,0
2,7,92,False,False,False,packet_rejected,0
2,7,93,False,False,False,packet_rejected,0
2,7,94,False,False,False,packet_rejected,0
2,7,95,False,False,False,packet_rejected,0
2,7,96,False,False,False,packet_rejected,0
2,7,97,False,False,False,packet_rejected,0
2,7,98,False,False,False,packet_rejected,0
2,7,99,False,False,False,packet_rejected,0
2,8,0,False,False,False,packet_rejected,0
2,8,1,False,False,False,packet_rejected,0
2,8,2,False,False,False,packet_rejected,0
2,8,3,False,False,False,packet_rejected,0
2,8,4,False,False,False,packet_rejected,0
2,8,5,False,False,False,packet_rejected,0
2,8,6,False,False,False,packet_rejected,0
2,8,7,False,False,False,packet_rejected,0
2,8,8,False,False,False,packet_rejected,0
2,8,9,False,False,False,packet_rejected,0
2,8,10,False,False,False,packet_rejected,0
2,8,11,False,False,False,packet_rejected,0
2,8,12,False,False,False,packet_rejected,0
2,8,13,False,False,False,packet_rejected,0
2,8,14,False,False,False,packet_rejected,0
2,8,15,False,False,False,packet_rejected,0
2,8,16,False,False,False,packet_rejected,0
2,8,17,False,False,False,packet_rejected,0
2,8,18,False,False,False,packet_rejected,0
2,8,19,False,False,False,packet_rejected,0
2,8,20,False,False,False,packet_rejected,0
2,8,21,False,False,False,packet_rejected,0
2,8,22,False,False,False,packet_rejected,0
2,8,23,False,False,False,packet_rejected,0
2,8,24,False,False,False,packet_rejected,0
2,8,25,False,False,False,packet_rejected,0
2,8,26,False,False,False,packet_rejected,0
2,8,27,False,False,False,packet_rejected,0
2,8,28,False,False,False,packet_rejected,0
2,8,29,False,False,False,packet_rejected,0
2,8,30,False,False,False,packet_rejected,0
2,8,31,False,False,False,packet_rejected,0
2,8,32,False,False,False,packet_rejected,0
2,8,33,False,False,False,packet_rejected,0
2,8,34,False,False,False,packet_rejected,0
2,8,35,False,False,False,packet_rejected,0
2,8,36,False,False,False,packet_rejected,0
2,8,37,False,False,False,packet_rejected,0
2,8,38,False,False,False,packet_rejected,0
2,8,39,False,False,False,packet_rejected,0
2,8,40,False,False,False,packet_rejected,0
2,8,41,False,False,False,packet_rejected,0
2,8,42,False,False,False,packet_rejected,0
2,8,43,False,False,False,packet_rejected,0
2,8,44,False,False,False,packet_rejected,0
2,8,45,False,False,False,packet_rejected,0
2,8,46,False,False,False,packet_rejected,0
2,8,47,False,False,False,packet_rejected,0
2,8,48,False,False,False,packet_rejected,0
2,8,49,False,False,False,packet_rejected,0
2,8,50,False,False,False,packet_rejected,0
2,8,51,False,False,False,packet_rejected,0
2,8,52,False,False,False,packet_rejected,0
2,8,53,False,False,False,packet_rejected,0
2,8,54,False,False,False,packet_rejected,0
2,8,55,False,False,False,packet_rejected,0
2,8,56,False,False,False,packet_rejected,0
2,8,57,False,False,False,packet_rejected,0
2,8,58,False,False,False,packet_rejected,0
2,8,59,False,False,False,packet_rejected,0
2,8,60,False,False,False,packet_rejected,0
2,8,61,False,False,False,packet_rejected,0
2,8,62,False,False,False,packet_rejected,0
2,8,63,False,False,False,packet_rejected,0
2,8,64,False,False,False,packet_rejected,0
2,8,65,False,False,False,packet_rejected,0
2,8,66,False,False,False,packet_rejected,0
2,8,67,False,False,False,packet_rejected,0
2,8,68,False,False,False,packet_rejected,0
2,8,69,False,False,False,packet_rejected,0
2,8,70,False,False,False,packet_rejected,0
2,8,71,False,False,False,packet_rejected,0
2,8,72,False,False,False,packet_rejected,0
2,8,73,False,False,False,packet_rejected,0
2,8,74,False,False,False,packet_rejected,0
2,8,75,False,False,False,packet_rejected,0
2,8,76,False,False,False,packet_rejected,0
2,8,77,False,False,False,packet_rejected,0
2,8,78,False,False,False,packet_rejected,0
2,8,79,False,False,False,packet_rejected,0
2,8,80,False,False,False,packet_rejected,0
2,8,81,False,False,False,packet_rejected,0
2,8,82,False,False,False,packet_rejected,0
2,8,83,False,False,False,packet_rejected,0
2,8,84,False,False,False,packet_rejected,0
2,8,85,False,False,False,packet_rejected,0
2,8,86,False,False,False,packet_rejected,0
2,8,87,False,False,False,packet_rejected,0
2,8,88,False,False,False,packet_rejected,0
2,8,89,False,False,False,packet_rejected,0
2,8,90,False,False,False,packet_rejected,0
2,8,91,False,False,False,packet_rejected,0
2,8,92,False,False,False,packet_rejected,0
2,8,93,False,False,False,packet_rejected,0
2,8,94,False,False,False,packet_rejected,0
2,8,95,False,False,False,packet_rejected,0
2,8,96,False,False,False,packet_rejected,0
2,8,97,False,False,False,packet_rejected,0
2,8,98,False,False,False,packet_rejected,0
2,8,99,False,False,False,packet_rejected,0
3,0,0,False,False,False,packet_rejected,0
3,0,1,False,False,False,packet_rejected,0
3,0,2,False,False,False,packet_rejected,0
3,0,3,False,False,False,packet_rejected,0
3,0,4,False,False,False,packet_rejected,0
3,0,5,False,False,False,packet_rejected,0
3,0,6,False,False,False,packet_rejected,0
3,0,7,False,False,False,packet_rejected,0
3,0,8,False,False,False,packet_rejected,0
3,0,9,False,False,False,packet_rejected,0
3,0,10,False,False,False,packet_rejected,0
3,0,11,False,False,False,packet_rejected,0
3,0,12,False,False,False,packet_rejected,0
3,0,13,False,False,False,packet_rejected,0
3,0,14,False,False,False,packet_rejected,0
3,0,15,False,False,False,packet_rejected,0
3,0,16,False,False,False,packet_rejected,0
3,0,17,False,False,False,packet_rejected,0
3,0,18,False,False,False,packet_rejected,0
3,0,19,False,False,False,packet_rejected,0
3,0,20,False,False,False,packet_rejected,0
3,0,21,False,False,False,packet_rejected,0
3,0,22,False,False,False,packet_rejected,0
3,0,23,False,False,False,packet_rejected,0
3,0,24,False,False,False,packet_rejected,0
3,0,25,False,False,False,packet_rejected,0
3,0,26,False,False,False,packet_rejected,0
3,0,27,False,False,False,packet_rejected,0
3,0,28,False,False,False,packet_rejected,0
3,0,29,False,False,False,packet_rejected,0
3,0,30,False,False,False,packet_rejected,0
3,0,31,False,False,False,packet_rejected,0
3,0,32,False,False,False,packet_rejected,0
3,0,33,False,False,False,packet_rejected,0
3,0,34,False,False,False,packet_rejected,0
3,0,35,False,False,False,packet_rejected,0
3,0,36,False,False,False,packet_rejected,0
3,0,37,False,False,False,packet_rejected,0
3,0,38,False,False,False,packet_rejected,0
3,0,39,False,False,False,packet_rejected,0
3,0,40,False,False,False,packet_rejected,0
3,0,41,False,False,False,packet_rejected,0
3,0,42,False,False,False,packet_rejected,0
3,0,43,False,False,False,packet_rejected,0
3,0,44,False,False,False,packet_rejected,0
3,0,45,False,False,False,packet_rejected,0
3,0,46,False,False,False,packet_rejected,0
3,0,47,False,False,False,packet_rejected,0
3,0,48,False,False,False,packet_rejected,0
3,0,49,False,False,False,packet_rejected,0
3,0,50,False,False,False,packet_rejected,0
3,0,51,False,False,False,packet_rejected,0
3,0,52,False,False,False,packet_rejected,0
3,0,53,False,False,False,packet_rejected,0
3,0,54,False,False,False,packet_rejected,0
3,0,55,False,False,False,packet_rejected,0
3,0,56,False,False,False,packet_rejected,0
3,0,57,False,False,False,packet_rejected,0
3,0,58,False,False,False,packet_rejected,0
3,0,59,False,False,False,packet_rejected,0
3,0,60,False,False,False,packet_rejected,0
3,0,61,False,False,False,packet_rejected,0
3,0,62,False,False,False,packet_rejected,0
3,0,63,False,False,False,packet_rejected,0
3,0,64,False,False,False,packet_rejected,0
3,0,65,False,False,False,packet_rejected,0
3,0,66,False,False,False,packet_rejected,0
3,0,67,False,False,False,packet_rejected,0
3,0,68,False,False,False,packet_rejected,0
3,0,69,False,False,False,packet_rejected,0
3,0,70,False,False,False,packet_rejected,0
3,0,71,False,False,False,packet_rejected,0
3,0,72,False,False,False,packet_rejected,0
3,0,73,False,False,False,packet_rejected,0
3,0,74,False,False,False,packet_rejected,0
3,0,75,False,False,False,packet_rejected,0
3,0,76,False,False,False,packet_rejected,0
3,0,77,False,False,False,packet_rejected,0
3,0,78,False,False,False,packet_rejected,0
3,0,79,False,False,False,packet_rejected,0
3,0,80,False,False,False,packet_rejected,0
3,0,81,False,False,False,packet_rejected,0
3,0,82,False,False,False,packet_rejected,0
3,0,83,False,False,False,packet_rejected,0
3,0,84,False,False,False,packet_rejected,0
3,0,85,False,False,False,packet_rejected,0
3,0,86,False,False,False,packet_rejected,0
3,0,87,False,False,False,packet_rejected,0
3,0,88,False,False,False,packet_rejected,0
3,0,89,False,False,False,packet_rejected,0
3,0,90,False,False,False,packet_rejected,0
3,0,91,False,False,False,packet_rejected,0
3,0,92,False,False,False,packet_rejected,0
3,0,93,False,False,False,packet_rejected,0
3,0,94,False,False,False,packet_rejected,0
3,0,95,False,False,False,packet_rejected,0
3,0,96,False,False,False,packet_rejected,0
3,0,97,False,False,False,packet_rejected,0
3,0,98,False,False,False,packet_rejected,0
3,0,99,False,False,False,packet_rejected,0
3,1,0,False,False,False,packet_rejected,0
3,1,1,False,False,False,packet_rejected,0
3,1,2,False,False,False,packet_rejected,0
3,1,3,False,False,False,packet_rejected,0
3,1,4,False,False,False,packet_rejected,0
3,1,5,False,False,False,packet_rejected,0
3,1,6,False,False,False,packet_rejected,0
3,1,7,False,False,False,packet_rejected,0
3,1,8,False,False,False,packet_rejected,0
3,1,9,False,False,False,packet_rejected,0
3,1,10,False,False,False,packet_rejected,0
3,1,11,False,False,False,packet_rejected,0
3,1,12,False,False,False,packet_rejected,0
3,1,13,False,False,False,packet_rejected,0
3,1,14,False,False,False,packet_rejected,0
3,1,15,False,False,False,packet_rejected,0
3,1,16,False,False,False,packet_rejected,0
3,1,17,False,False,False,packet_rejected,0
3,1,18,False,False,False,packet_rejected,0
3,1,19,False,False,False,packet_rejected,0
3,1,20,False,False,False,packet_rejected,0
3,1,21,False,False,False,packet_rejected,0
3,1,22,False,False,False,packet_rejected,0
3,1,23,False,False,False,packet_rejected,0
3,1,24,False,False,False,packet_rejected,0
3,1,25,False,False,False,packet_rejected,0
3,1,26,False,False,False,packet_rejected,0
3,1,27,False,False,False,packet_rejected,0
3,1,28,False,False,False,packet_rejected,0
3,1,29,False,False,False,packet_rejected,0
3,1,30,False,False,False,packet_rejected,0
3,1,31,False,False,False,packet_rejected,0
3,1,32,False,False,False,packet_rejected,0
3,1,33,False,False,False,packet_rejected,0
3,1,34,False,False,False,packet_rejected,0
3,1,35,False,False,False,packet_rejected,0
3,1,36,False,False,False,packet_rejected,0
3,1,37,False,False,False,packet_rejected,0
3,1,38,False,False,False,packet_rejected,0
3,1,39,False,False,False,packet_rejected,0
3,1,40,False,False,False,packet_rejected,0
3,1,41,False,False,False,packet_rejected,0
3,1,42,False,False,False,packet_rejected,0
3,1,43,False,False,False,packet_rejected,0
3,1,44,False,False,False,packet_rejected,0
3,1,45,False,False,False,packet_rejected,0
3,1,46,False,False,False,packet_rejected,0
3,1,47,False,False,False,packet_rejected,0
3,1,48,False,False,False,packet_rejected,0
3,1,49,False,False,False,packet_rejected,0
3,1,50,False,False,False,packet_rejected,0
3,1,51,False,False,False,packet_rejected,0
3,1,52,False,False,False,packet_rejected,0
3,1,53,False,False,False,packet_rejected,0
3,1,54,False,False,False,packet_rejected,0
3,1,55,False,False,False,packet_rejected,0
3,1,56,False,False,False,packet_rejected,0
3,1,57,False,False,False,packet_rejected,0
3,1,58,False,False,False,packet_rejected,0
3,1,59,False,False,False,packet_rejected,0
3,1,60,False,False,False,packet_rejected,0
3,1,61,False,False,False,packet_rejected,0
3,1,62,False,False,False,packet_rejected,0
3,1,63,False,False,False,packet_rejected,0
3,1,64,False,False,False,packet_rejected,0
3,1,65,False,False,False,packet_rejected,0
3,1,66,False,False,False,packet_rejected,0
3,1,67,False,False,False,packet_rejected,0
3,1,68,False,False,False,packet_rejected,0
3,1,69,False,False,False,packet_rejected,0
3,1,70,False,False,False,packet_rejected,0
3,1,71,False,False,False,packet_rejected,0
3,1,72,False,False,False,packet_rejected,0
3,1,73,False,False,False,packet_rejected,0
3,1,74,False,False,False,packet_rejected,0
3,1,75,False,False,False,packet_rejected,0
3,1,76,False,False,False,packet_rejected,0
3,1,77,False,False,False,packet_rejected,0
3,1,78,False,False,False,packet_rejected,0
3,1,79,False,False,False,packet_rejected,0
3,1,80,False,False,False,packet_rejected,0
3,1,81,False,False,False,packet_rejected,0
3,1,82,False,False,False,packet_rejected,0
3,1,83,False,False,False,packet_rejected,0
3,1,84,False,False,False,packet_rejected,0
3,1,85,False,False,False,packet_rejected,0
3,1,86,False,False,False,packet_rejected,0
3,1,87,False,False,False,packet_rejected,0
3,1,88,False,False,False,packet_rejected,0
3,1,89,False,False,False,packet_rejected,0
3,1,90,False,False,False,packet_rejected,0
3,1,91,False,False,False,packet_rejected,0
3,1,92,False,False,False,packet_rejected,0
3,1,93,False,False,False,packet_rejected,0
3,1,94,False,False,False,packet_rejected,0
3,1,95,False,False,False,packet_rejected,0
3,1,96,False,False,False,packet_rejected,0
3,1,97,False,False,False,packet_rejected,0
3,1,98,False,False,False,packet_rejected,0
3,1,99,False,False,False,packet_rejected,0
3,2,0,False,False,False,packet_rejected,0
3,2,1,False,False,False,packet_rejected,0
3,2,2,False,False,False,packet_rejected,0
3,2,3,False,False,False,packet_rejected,0
3,2,4,False,False,False,packet_rejected,0
3,2,5,False,False,False,packet_rejected,0
3,2,6,False,False,False,packet_rejected,0
3,2,7,False,False,False,packet_rejected,0
3,2,8,False,False,False,packet_rejected,0
3,2,9,False,False,False,packet_rejected,0
3,2,10,False,False,False,packet_rejected,0
3,2,11,False,False,False,packet_rejected,0
3,2,12,False,False,False,packet_rejected,0
3,2,13,False,False,False,packet_rejected,0
3,2,14,False,False,False,packet_rejected,0
3,2,15,False,False,False,packet_rejected,0
3,2,16,False,False,False,packet_rejected,0
3,2,17,False,False,False,packet_rejected,0
3,2,18,False,False,False,packet_rejected,0
3,2,19,False,False,False,packet_rejected,0
3,2,20,False,False,False,packet_rejected,0
3,2,21,False,False,False,packet_rejected,0
3,2,22,False,False,False,packet_rejected,0
3,2,23,False,False,False,packet_rejected,0
3,2,24,False,False,False,packet_rejected,0
3,2,25,False,False,False,packet_rejected,0
3,2,26,False,False,False,packet_rejected,0
3,2,27,False,False,False,packet_rejected,0
3,2,28,False,False,False,packet_rejected,0
3,2,29,False,False,False,packet_rejected,0
3,2,30,False,False,False,packet_rejected,0
3,2,31,False,False,False,packet_rejected,0
3,2,32,False,False,False,packet_rejected,0
3,2,33,False,False,False,packet_rejected,0
3,2,34,False,False,False,packet_rejected,0
3,2,35,False,False,False,packet_rejected,0
3,2,36,False,False,False,packet_rejected,0
3,2,37,False,False,False,packet_rejected,0
3,2,38,False,False,False,packet_rejected,0
3,2,39,False,False,False,packet_rejected,0
3,2,40,False,False,False,packet_rejected,0
3,2,41,False,False,False,packet_rejected,0
3,2,42,False,False,False,packet_rejected,0
3,2,43,False,False,False,packet_rejected,0
3,2,44,False,False,False,packet_rejected,0
3,2,45,False,False,False,packet_rejected,0
3,2,46,False,False,False,packet_rejected,0
3,2,47,False,False,False,packet_rejected,0
3,2,48,False,False,False,packet_rejected,0
3,2,49,False,False,False,packet_rejected,0
3,2,50,False,False,False,packet_rejected,0
3,2,51,False,False,False,packet_rejected,0
3,2,52,False,False,False,packet_rejected,0
3,2,53,False,False,False,packet_rejected,0
3,2,54,False,False,False,packet_rejected,0
3,2,55,False,False,False,packet_rejected,0
3,2,56,False,False,False,packet_rejected,0
3,2,57,False,False,False,packet_rejected,0
3,2,58,False,False,False,packet_rejected,0
3,2,59,False,False,False,packet_rejected,0
3,2,60,False,False,False,packet_rejected,0
3,2,61,False,False,False,packet_rejected,0
3,2,62,False,False,False,packet_rejected,0
3,2,63,False,False,False,packet_rejected,0
3,2,64,False,False,False,packet_rejected,0
3,2,65,False,False,False,packet_rejected,0
3,2,66,False,False,False,packet_rejected,0
3,2,67,False,False,False,packet_rejected,0
3,2,68,False,False,False,packet_rejected,0
3,2,69,False,False,False,packet_rejected,0
3,2,70,False,False,False,packet_rejected,0
3,2,71,False,False,False,packet_rejected,0
3,2,72,False,False,False,packet_rejected,0
3,2,73,False,False,False,packet_rejected,0
3,2,74,False,False,False,packet_rejected,0
3,2,75,False,False,False,packet_rejected,0
3,2,76,False,False,False,packet_rejected,0
3,2,77,False,False,False,packet_rejected,0
3,2,78,False,False,False,packet_rejected,0
3,2,79,False,False,False,packet_rejected,0
3,2,80,False,False,False,packet_rejected,0
3,2,81,False,False,False,packet_rejected,0
3,2,82,False,False,False,packet_rejected,0
3,2,83,False,False,False,packet_rejected,0
3,2,84,False,False,False,packet_rejected,0
3,2,85,False,False,False,packet_rejected,0
3,2,86,False,False,False,packet_rejected,0
3,2,87,False,False,False,packet_rejected,0
3,2,88,False,False,False,packet_rejected,0
3,2,89,False,False,False,packet_rejected,0
3,2,90,False,False,False,packet_rejected,0
3,2,91,False,False,False,packet_rejected,0
3,2,92,False,False,False,packet_rejected,0
3,2,93,False,False,False,packet_rejected,0
3,2,94,False,False,False,packet_rejected,0
3,2,95,False,False,False,packet_rejected,0
3,2,96,False,False,False,packet_rejected,0
3,2,97,False,False,False,packet_rejected,0
3,2,98,False,False,False,packet_rejected,0
3,2,99,False,False,False,packet_rejected,0
3,3,0,True,True,True,accepted,9
3,3,1,True,True,True,accepted,9
3,3,2,True,True,True,accepted,9
3,3,3,True,True,True,accepted,9
3,3,4,True,True,True,accepted,9
3,3,5,True,True,True,accepted,9
3,3,6,True,True,True,accepted,9
3,3,7,True,True,True,accepted,9
3,3,8,True,True,True,accepted,9
3,3,9,True,True,True,accepted,9
3,3,10,True,True,True,accepted,9
3,3,11,True,True,True,accepted,9
3,3,12,True,True,True,accepted,9
3,3,13,True,True,True,accepted,9
3,3,14,True,True,True,accepted,9
3,3,15,True,True,True,accepted,9
3,3,16,True,True,True,accepted,9
3,3,17,True,True,True,accepted,9
3,3,18,True,True,True,accepted,9
3,3,19,True,True,True,accepted,9
3,3,20,True,True,True,accepted,9
3,3,21,True,True,True,accepted,9
3,3,22,True,True,True,accepted,9
3,3,23,True,True,True,accepted,9
3,3,24,True,True,True,accepted,9
3,3,25,True,True,True,accepted,9
3,3,26,True,True,True,accepted,9
3,3,27,True,True,True,accepted,9
3,3,28,True,True,True,accepted,9
3,3,29,True,True,True,accepted,9
3,3,30,True,True,True,accepted,9
3,3,31,True,True,True,accepted,9
3,3,32,True,True,True,accepted,9
3,3,33,True,True,True,accepted,9
3,3,34,True,True,True,accepted,9
3,3,35,True,True,True,accepted,9
3,3,36,True,True,True,accepted,9
3,3,37,True,True,True,accepted,9
3,3,38,True,True,True,accepted,9
3,3,39,True,True,True,accepted,9
3,3,40,True,True,True,accepted,9
3,3,41,True,True,True,accepted,9
3,3,42,True,True,True,accepted,9
3,3,43,True,True,True,accepted,9
3,3,44,True,True,True,accepted,9
3,3,45,True,True,True,accepted,9
3,3,46,True,True,True,accepted,9
3,3,47,True,True,True,accepted,9
3,3,48,True,True,True,accepted,9
3,3,49,True,True,True,accepted,9
3,3,50,True,True,True,accepted,9
3,3,51,True,True,True,accepted,9
3,3,52,True,True,True,accepted,9
3,3,53,True,True,True,accepted,9
3,3,54,True,True,True,accepted,9
3,3,55,True,True,True,accepted,9
3,3,56,True,True,True,accepted,9
3,3,57,True,True,True,accepted,9
3,3,58,True,True,True,accepted,9
3,3,59,True,True,True,accepted,9
3,3,60,True,True,True,accepted,9
3,3,61,True,True,True,accepted,9
3,3,62,True,True,True,accepted,9
3,3,63,True,True,True,accepted,9
3,3,64,True,True,True,accepted,9
3,3,65,True,True,True,accepted,9
3,3,66,True,True,True,accepted,9
3,3,67,True,True,True,accepted,9
3,3,68,True,True,True,accepted,9
3,3,69,True,True,True,accepted,9
3,3,70,True,True,True,accepted,9
3,3,71,True,True,True,accepted,9
3,3,72,True,True,True,accepted,9
3,3,73,True,True,True,accepted,9
3,3,74,True,True,True,accepted,9
3,3,75,True,True,True,accepted,9
3,3,76,True,True,True,accepted,9
3,3,77,True,True,True,accepted,9
3,3,78,True,True,True,accepted,9
3,3,79,True,True,True,accepted,9
3,3,80,True,True,True,accepted,9
3,3,81,True,True,True,accepted,9
3,3,82,True,True,True,accepted,9
3,3,83,True,True,True,accepted,9
3,3,84,True,True,True,accepted,9
3,3,85,True,True,True,accepted,9
3,3,86,True,True,True,accepted,9
3,3,87,True,True,True,accepted,9
3,3,88,True,True,True,accepted,9
3,3,89,True,True,True,accepted,9
3,3,90,True,True,True,accepted,9
3,3,91,True,True,True,accepted,9
3,3,92,True,True,True,accepted,9
3,3,93,True,True,True,accepted,9
3,3,94,True,True,True,accepted,9
3,3,95,True,True,True,accepted,9
3,3,96,True,True,True,accepted,9
3,3,97,True,True,True,accepted,9
3,3,98,True,True,True,accepted,9
3,3,99,True,True,True,accepted,9
3,4,0,False,False,False,packet_rejected,0
3,4,1,False,False,False,packet_rejected,0
3,4,2,False,False,False,packet_rejected,0
3,4,3,False,False,False,packet_rejected,0
3,4,4,False,False,False,packet_rejected,0
3,4,5,False,False,False,packet_rejected,0
3,4,6,False,False,False,packet_rejected,0
3,4,7,False,False,False,packet_rejected,0
3,4,8,False,False,False,packet_rejected,0
3,4,9,False,False,False,packet_rejected,0
3,4,10,False,False,False,packet_rejected,0
3,4,11,False,False,False,packet_rejected,0
3,4,12,False,False,False,packet_rejected,0
3,4,13,False,False,False,packet_rejected,0
3,4,14,False,False,False,packet_rejected,0
3,4,15,False,False,False,packet_rejected,0
3,4,16,False,False,False,packet_rejected,0
3,4,17,False,False,False,packet_rejected,0
3,4,18,False,False,False,packet_rejected,0
3,4,19,False,False,False,packet_rejected,0
3,4,20,False,False,False,packet_rejected,0
3,4,21,False,False,False,packet_rejected,0
3,4,22,False,False,False,packet_rejected,0
3,4,23,False,False,False,packet_rejected,0
3,4,24,False,False,False,packet_rejected,0
3,4,25,False,False,False,packet_rejected,0
3,4,26,False,False,False,packet_rejected,0
3,4,27,False,False,False,packet_rejected,0
3,4,28,False,False,False,packet_rejected,0
3,4,29,False,False,False,packet_rejected,0
3,4,30,False,False,False,packet_rejected,0
3,4,31,False,False,False,packet_rejected,0
3,4,32,False,False,False,packet_rejected,0
3,4,33,False,False,False,packet_rejected,0
3,4,34,False,False,False,packet_rejected,0
3,4,35,False,False,False,packet_rejected,0
3,4,36,False,False,False,packet_rejected,0
3,4,37,False,False,False,packet_rejected,0
3,4,38,False,False,False,packet_rejected,0
3,4,39,False,False,False,packet_rejected,0
3,4,40,False,False,False,packet_rejected,0
3,4,41,False,False,False,packet_rejected,0
3,4,42,False,False,False,packet_rejected,0
3,4,43,False,False,False,packet_rejected,0
3,4,44,False,False,False,packet_rejected,0
3,4,45,False,False,False,packet_rejected,0
3,4,46,False,False,False,packet_rejected,0
3,4,47,False,False,False,packet_rejected,0
3,4,48,False,False,False,packet_rejected,0
3,4,49,False,False,False,packet_rejected,0
3,4,50,False,False,False,packet_rejected,0
3,4,51,False,False,False,packet_rejected,0
3,4,52,False,False,False,packet_rejected,0
3,4,53,False,False,False,packet_rejected,0
3,4,54,False,False,False,packet_rejected,0
3,4,55,False,False,False,packet_rejected,0
3,4,56,False,False,False,packet_rejected,0
3,4,57,False,False,False,packet_rejected,0
3,4,58,False,False,False,packet_rejected,0
3,4,59,False,False,False,packet_rejected,0
3,4,60,False,False,False,packet_rejected,0
3,4,61,False,False,False,packet_rejected,0
3,4,62,False,False,False,packet_rejected,0
3,4,63,False,False,False,packet_rejected,0
3,4,64,False,False,False,packet_rejected,0
3,4,65,False,False,False,packet_rejected,0
3,4,66,False,False,False,packet_rejected,0
3,4,67,False,False,False,packet_rejected,0
3,4,68,False,False,False,packet_rejected,0
3,4,69,False,False,False,packet_rejected,0
3,4,70,False,False,False,packet_rejected,0
3,4,71,False,False,False,packet_rejected,0
3,4,72,False,False,False,packet_rejected,0
3,4,73,False,False,False,packet_rejected,0
3,4,74,False,False,False,packet_rejected,0
3,4,75,False,False,False,packet_rejected,0
3,4,76,False,False,False,packet_rejected,0
3,4,77,False,False,False,packet_rejected,0
3,4,78,False,False,False,packet_rejected,0
3,4,79,False,False,False,packet_rejected,0
3,4,80,False,False,False,packet_rejected,0
3,4,81,False,False,False,packet_rejected,0
3,4,82,False,False,False,packet_rejected,0
3,4,83,False,False,False,packet_rejected,0
3,4,84,False,False,False,packet_rejected,0
3,4,85,False,False,False,packet_rejected,0
3,4,86,False,False,False,packet_rejected,0
3,4,87,False,False,False,packet_rejected,0
3,4,88,False,False,False,packet_rejected,0
3,4,89,False,False,False,packet_rejected,0
3,4,90,False,False,False,packet_rejected,0
3,4,91,False,False,False,packet_rejected,0
3,4,92,False,False,False,packet_rejected,0
3,4,93,False,False,False,packet_rejected,0
3,4,94,False,False,False,packet_rejected,0
3,4,95,False,False,False,packet_rejected,0
3,4,96,False,False,False,packet_rejected,0
3,4,97,False,False,False,packet_rejected,0
3,4,98,False,False,False,packet_rejected,0
3,4,99,False,False,False,packet_rejected,0
3,5,0,False,False,False,packet_rejected,0
3,5,1,False,False,False,packet_rejected,0
3,5,2,False,False,False,packet_rejected,0
3,5,3,False,False,False,packet_rejected,0
3,5,4,False,False,False,packet_rejected,0
3,5,5,False,False,False,packet_rejected,0
3,5,6,False,False,False,packet_rejected,0
3,5,7,False,False,False,packet_rejected,0
3,5,8,False,False,False,packet_rejected,0
3,5,9,False,False,False,packet_rejected,0
3,5,10,False,False,False,packet_rejected,0
3,5,11,False,False,False,packet_rejected,0
3,5,12,False,False,False,packet_rejected,0
3,5,13,False,False,False,packet_rejected,0
3,5,14,False,False,False,packet_rejected,0
3,5,15,False,False,False,packet_rejected,0
3,5,16,False,False,False,packet_rejected,0
3,5,17,False,False,False,packet_rejected,0
3,5,18,False,False,False,packet_rejected,0
3,5,19,False,False,False,packet_rejected,0
3,5,20,False,False,False,packet_rejected,0
3,5,21,False,False,False,packet_rejected,0
3,5,22,False,False,False,packet_rejected,0
3,5,23,False,False,False,packet_rejected,0
3,5,24,False,False,False,packet_rejected,0
3,5,25,False,False,False,packet_rejected,0
3,5,26,False,False,False,packet_rejected,0
3,5,27,False,False,False,packet_rejected,0
3,5,28,False,False,False,packet_rejected,0
3,5,29,False,False,False,packet_rejected,0
3,5,30,False,False,False,packet_rejected,0
3,5,31,False,False,False,packet_rejected,0
3,5,32,False,False,False,packet_rejected,0
3,5,33,False,False,False,packet_rejected,0
3,5,34,False,False,False,packet_rejected,0
3,5,35,False,False,False,packet_rejected,0
3,5,36,False,False,False,packet_rejected,0
3,5,37,False,False,False,packet_rejected,0
3,5,38,False,False,False,packet_rejected,0
3,5,39,False,False,False,packet_rejected,0
3,5,40,False,False,False,packet_rejected,0
3,5,41,False,False,False,packet_rejected,0
3,5,42,False,False,False,packet_rejected,0
3,5,43,False,False,False,packet_rejected,0
3,5,44,False,False,False,packet_rejected,0
3,5,45,False,False,False,packet_rejected,0
3,5,46,False,False,False,packet_rejected,0
3,5,47,False,False,False,packet_rejected,0
3,5,48,False,False,False,packet_rejected,0
3,5,49,False,False,False,packet_rejected,0
3,5,50,False,False,False,packet_rejected,0
3,5,51,False,False,False,packet_rejected,0
3,5,52,False,False,False,packet_rejected,0
3,5,53,False,False,False,packet_rejected,0
3,5,54,False,False,False,packet_rejected,0
3,5,55,False,False,False,packet_rejected,0
3,5,56,False,False,False,packet_rejected,0
3,5,57,False,False,False,packet_rejected,0
3,5,58,False,False,False,packet_rejected,0
3,5,59,False,False,False,packet_rejected,0
3,5,60,False,False,False,packet_rejected,0
3,5,61,False,False,False,packet_rejected,0
3,5,62,False,False,False,packet_rejected,0
3,5,63,False,False,False,packet_rejected,0
3,5,64,False,False,False,packet_rejected,0
3,5,65,False,False,False,packet_rejected,0
3,5,66,False,False,False,packet_rejected,0
3,5,67,False,False,False,packet_rejected,0
3,5,68,False,False,False,packet_rejected,0
3,5,69,False,False,False,packet_rejected,0
3,5,70,False,False,False,packet_rejected,0
3,5,71,False,False,False,packet_rejected,0
3,5,72,False,False,False,packet_rejected,0
3,5,73,False,False,False,packet_rejected,0
3,5,74,False,False,False,packet_rejected,0
3,5,75,False,False,False,packet_rejected,0
3,5,76,False,False,False,packet_rejected,0
3,5,77,False,False,False,packet_rejected,0
3,5,78,False,False,False,packet_rejected,0
3,5,79,False,False,False,packet_rejected,0
3,5,80,False,False,False,packet_rejected,0
3,5,81,False,False,False,packet_rejected,0
3,5,82,False,False,False,packet_rejected,0
3,5,83,False,False,False,packet_rejected,0
3,5,84,False,False,False,packet_rejected,0
3,5,85,False,False,False,packet_rejected,0
3,5,86,False,False,False,packet_rejected,0
3,5,87,False,False,False,packet_rejected,0
3,5,88,False,False,False,packet_rejected,0
3,5,89,False,False,False,packet_rejected,0
3,5,90,False,False,False,packet_rejected,0
3,5,91,False,False,False,packet_rejected,0
3,5,92,False,False,False,packet_rejected,0
3,5,93,False,False,False,packet_rejected,0
3,5,94,False,False,False,packet_rejected,0
3,5,95,False,False,False,packet_rejected,0
3,5,96,False,False,False,packet_rejected,0
3,5,97,False,False,False,packet_rejected,0
3,5,98,False,False,False,packet_rejected,0
3,5,99,False,False,False,packet_rejected,0
3,6,0,False,False,False,packet_rejected,0
3,6,1,False,False,False,packet_rejected,0
3,6,2,False,False,False,packet_rejected,0
3,6,3,False,False,False,packet_rejected,0
3,6,4,False,False,False,packet_rejected,0
3,6,5,False,False,False,packet_rejected,0
3,6,6,False,False,False,packet_rejected,0
3,6,7,False,False,False,packet_rejected,0
3,6,8,False,False,False,packet_rejected,0
3,6,9,False,False,False,packet_rejected,0
3,6,10,False,False,False,packet_rejected,0
3,6,11,False,False,False,packet_rejected,0
3,6,12,False,False,False,packet_rejected,0
3,6,13,False,False,False,packet_rejected,0
3,6,14,False,False,False,packet_rejected,0
3,6,15,False,False,False,packet_rejected,0
3,6,16,False,False,False,packet_rejected,0
3,6,17,False,False,False,packet_rejected,0
3,6,18,False,False,False,packet_rejected,0
3,6,19,False,False,False,packet_rejected,0
3,6,20,False,False,False,packet_rejected,0
3,6,21,False,False,False,packet_rejected,0
3,6,22,False,False,False,packet_rejected,0
3,6,23,False,False,False,packet_rejected,0
3,6,24,False,False,False,packet_rejected,0
3,6,25,False,False,False,packet_rejected,0
3,6,26,False,False,False,packet_rejected,0
3,6,27,False,False,False,packet_rejected,0
3,6,28,False,False,False,packet_rejected,0
3,6,29,False,False,False,packet_rejected,0
3,6,30,False,False,False,packet_rejected,0
3,6,31,False,False,False,packet_rejected,0
3,6,32,False,False,False,packet_rejected,0
3,6,33,False,False,False,packet_rejected,0
3,6,34,False,False,False,packet_rejected,0
3,6,35,False,False,False,packet_rejected,0
3,6,36,False,False,False,packet_rejected,0
3,6,37,False,False,False,packet_rejected,0
3,6,38,False,False,False,packet_rejected,0
3,6,39,False,False,False,packet_rejected,0
3,6,40,False,False,False,packet_rejected,0
3,6,41,False,False,False,packet_rejected,0
3,6,42,False,False,False,packet_rejected,0
3,6,43,False,False,False,packet_rejected,0
3,6,44,False,False,False,packet_rejected,0
3,6,45,False,False,False,packet_rejected,0
3,6,46,False,False,False,packet_rejected,0
3,6,47,False,False,False,packet_rejected,0
3,6,48,False,False,False,packet_rejected,0
3,6,49,False,False,False,packet_rejected,0
3,6,50,False,False,False,packet_rejected,0
3,6,51,False,False,False,packet_rejected,0
3,6,52,False,False,False,packet_rejected,0
3,6,53,False,False,False,packet_rejected,0
3,6,54,False,False,False,packet_rejected,0
3,6,55,False,False,False,packet_rejected,0
3,6,56,False,False,False,packet_rejected,0
3,6,57,False,False,False,packet_rejected,0
3,6,58,False,False,False,packet_rejected,0
3,6,59,False,False,False,packet_rejected,0
3,6,60,False,False,False,packet_rejected,0
3,6,61,False,False,False,packet_rejected,0
3,6,62,False,False,False,packet_rejected,0
3,6,63,False,False,False,packet_rejected,0
3,6,64,False,False,False,packet_rejected,0
3,6,65,False,False,False,packet_rejected,0
3,6,66,False,False,False,packet_rejected,0
3,6,67,False,False,False,packet_rejected,0
3,6,68,False,False,False,packet_rejected,0
3,6,69,False,False,False,packet_rejected,0
3,6,70,False,False,False,packet_rejected,0
3,6,71,False,False,False,packet_rejected,0
3,6,72,False,False,False,packet_rejected,0
3,6,73,False,False,False,packet_rejected,0
3,6,74,False,False,False,packet_rejected,0
3,6,75,False,False,False,packet_rejected,0
3,6,76,False,False,False,packet_rejected,0
3,6,77,False,False,False,packet_rejected,0
3,6,78,False,False,False,packet_rejected,0
3,6,79,False,False,False,packet_rejected,0
3,6,80,False,False,False,packet_rejected,0
3,6,81,False,False,False,packet_rejected,0
3,6,82,False,False,False,packet_rejected,0
3,6,83,False,False,False,packet_rejected,0
3,6,84,False,False,False,packet_rejected,0
3,6,85,False,False,False,packet_rejected,0
3,6,86,False,False,False,packet_rejected,0
3,6,87,False,False,False,packet_rejected,0
3,6,88,False,False,False,packet_rejected,0
3,6,89,False,False,False,packet_rejected,0
3,6,90,False,False,False,packet_rejected,0
3,6,91,False,False,False,packet_rejected,0
3,6,92,False,False,False,packet_rejected,0
3,6,93,False,False,False,packet_rejected,0
3,6,94,False,False,False,packet_rejected,0
3,6,95,False,False,False,packet_rejected,0
3,6,96,False,False,False,packet_rejected,0
3,6,97,False,False,False,packet_rejected,0
3,6,98,False,False,False,packet_rejected,0
3,6,99,False,False,False,packet_rejected,0
3,7,0,False,False,False,packet_rejected,0
3,7,1,False,False,False,packet_rejected,0
3,7,2,False,False,False,packet_rejected,0
3,7,3,False,False,False,packet_rejected,0
3,7,4,False,False,False,packet_rejected,0
3,7,5,False,False,False,packet_rejected,0
3,7,6,False,False,False,packet_rejected,0
3,7,7,False,False,False,packet_rejected,0
3,7,8,False,False,False,packet_rejected,0
3,7,9,False,False,False,packet_rejected,0
3,7,10,False,False,False,packet_rejected,0
3,7,11,False,False,False,packet_rejected,0
3,7,12,False,False,False,packet_rejected,0
3,7,13,False,False,False,packet_rejected,0
3,7,14,False,False,False,packet_rejected,0
3,7,15,False,False,False,packet_rejected,0
3,7,16,False,False,False,packet_rejected,0
3,7,17,False,False,False,packet_rejected,0
3,7,18,False,False,False,packet_rejected,0
3,7,19,False,False,False,packet_rejected,0
3,7,20,False,False,False,packet_rejected,0
3,7,21,False,False,False,packet_rejected,0
3,7,22,False,False,False,packet_rejected,0
3,7,23,False,False,False,packet_rejected,0
3,7,24,False,False,False,packet_rejected,0
3,7,25,False,False,False,packet_rejected,0
3,7,26,False,False,False,packet_rejected,0
3,7,27,False,False,False,packet_rejected,0
3,7,28,False,False,False,packet_rejected,0
3,7,29,False,False,False,packet_rejected,0
3,7,30,False,False,False,packet_rejected,0
3,7,31,False,False,False,packet_rejected,0
3,7,32,False,False,False,packet_rejected,0
3,7,33,False,False,False,packet_rejected,0
3,7,34,False,False,False,packet_rejected,0
3,7,35,False,False,False,packet_rejected,0
3,7,36,False,False,False,packet_rejected,0
3,7,37,False,False,False,packet_rejected,0
3,7,38,False,False,False,packet_rejected,0
3,7,39,False,False,False,packet_rejected,0
3,7,40,False,False,False,packet_rejected,0
3,7,41,False,False,False,packet_rejected,0
3,7,42,False,False,False,packet_rejected,0
3,7,43,False,False,False,packet_rejected,0
3,7,44,False,False,False,packet_rejected,0
3,7,45,False,False,False,packet_rejected,0
3,7,46,False,False,False,packet_rejected,0
3,7,47,False,False,False,packet_rejected,0
3,7,48,False,False,False,packet_rejected,0
3,7,49,False,False,False,packet_rejected,0
3,7,50,False,False,False,packet_rejected,0
3,7,51,False,False,False,packet_rejected,0
3,7,52,False,False,False,packet_rejected,0
3,7,53,False,False,False,packet_rejected,0
3,7,54,False,False,False,packet_rejected,0
3,7,55,False,False,False,packet_rejected,0
3,7,56,False,False,False,packet_rejected,0
3,7,57,False,False,False,packet_rejected,0
3,7,58,False,False,False,packet_rejected,0
3,7,59,False,False,False,packet_rejected,0
3,7,60,False,False,False,packet_rejected,0
3,7,61,False,False,False,packet_rejected,0
3,7,62,False,False,False,packet_rejected,0
3,7,63,False,False,False,packet_rejected,0
3,7,64,False,False,False,packet_rejected,0
3,7,65,False,False,False,packet_rejected,0
3,7,66,False,False,False,packet_rejected,0
3,7,67,False,False,False,packet_rejected,0
3,7,68,False,False,False,packet_rejected,0
3,7,69,False,False,False,packet_rejected,0
3,7,70,False,False,False,packet_rejected,0
3,7,71,False,False,False,packet_rejected,0
3,7,72,False,False,False,packet_rejected,0
3,7,73,False,False,False,packet_rejected,0
3,7,74,False,False,False,packet_rejected,0
3,7,75,False,False,False,packet_rejected,0
3,7,76,False,False,False,packet_rejected,0
3,7,77,False,False,False,packet_rejected,0
3,7,78,False,False,False,packet_rejected,0
3,7,79,False,False,False,packet_rejected,0
3,7,80,False,False,False,packet_rejected,0
3,7,81,False,False,False,packet_rejected,0
3,7,82,False,False,False,packet_rejected,0
3,7,83,False,False,False,packet_rejected,0
3,7,84,False,False,False,packet_rejected,0
3,7,85,False,False,False,packet_rejected,0
3,7,86,False,False,False,packet_rejected,0
3,7,87,False,False,False,packet_rejected,0
3,7,88,False,False,False,packet_rejected,0
3,7,89,False,False,False,packet_rejected,0
3,7,90,False,False,False,packet_rejected,0
3,7,91,False,False,False,packet_rejected,0
3,7,92,False,False,False,packet_rejected,0
3,7,93,False,False,False,packet_rejected,0
3,7,94,False,False,False,packet_rejected,0
3,7,95,False,False,False,packet_rejected,0
3,7,96,False,False,False,packet_rejected,0
3,7,97,False,False,False,packet_rejected,0
3,7,98,False,False,False,packet_rejected,0
3,7,99,False,False,False,packet_rejected,0
3,8,0,False,False,False,packet_rejected,0
3,8,1,False,False,False,packet_rejected,0
3,8,2,False,False,False,packet_rejected,0
3,8,3,False,False,False,packet_rejected,0
3,8,4,False,False,False,packet_rejected,0
3,8,5,False,False,False,packet_rejected,0
3,8,6,False,False,False,packet_rejected,0
3,8,7,False,False,False,packet_rejected,0
3,8,8,False,False,False,packet_rejected,0
3,8,9,False,False,False,packet_rejected,0
3,8,10,False,False,False,packet_rejected,0
3,8,11,False,False,False,packet_rejected,0
3,8,12,False,False,False,packet_rejected,0
3,8,13,False,False,False,packet_rejected,0
3,8,14,False,False,False,packet_rejected,0
3,8,15,False,False,False,packet_rejected,0
3,8,16,False,False,False,packet_rejected,0
3,8,17,False,False,False,packet_rejected,0
3,8,18,False,False,False,packet_rejected,0
3,8,19,False,False,False,packet_rejected,0
3,8,20,False,False,False,packet_rejected,0
3,8,21,False,False,False,packet_rejected,0
3,8,22,False,False,False,packet_rejected,0
3,8,23,False,False,False,packet_rejected,0
3,8,24,False,False,False,packet_rejected,0
3,8,25,False,False,False,packet_rejected,0
3,8,26,False,False,False,packet_rejected,0
3,8,27,False,False,False,packet_rejected,0
3,8,28,False,False,False,packet_rejected,0
3,8,29,False,False,False,packet_rejected,0
3,8,30,False,False,False,packet_rejected,0
3,8,31,False,False,False,packet_rejected,0
3,8,32,False,False,False,packet_rejected,0
3,8,33,False,False,False,packet_rejected,0
3,8,34,False,False,False,packet_rejected,0
3,8,35,False,False,False,packet_rejected,0
3,8,36,False,False,False,packet_rejected,0
3,8,37,False,False,False,packet_rejected,0
3,8,38,False,False,False,packet_rejected,0
3,8,39,False,False,False,packet_rejected,0
3,8,40,False,False,False,packet_rejected,0
3,8,41,False,False,False,packet_rejected,0
3,8,42,False,False,False,packet_rejected,0
3,8,43,False,False,False,packet_rejected,0
3,8,44,False,False,False,packet_rejected,0
3,8,45,False,False,False,packet_rejected,0
3,8,46,False,False,False,packet_rejected,0
3,8,47,False,False,False,packet_rejected,0
3,8,48,False,False,False,packet_rejected,0
3,8,49,False,False,False,packet_rejected,0
3,8,50,False,False,False,packet_rejected,0
3,8,51,False,False,False,packet_rejected,0
3,8,52,False,False,False,packet_rejected,0
3,8,53,False,False,False,packet_rejected,0
3,8,54,False,False,False,packet_rejected,0
3,8,55,False,False,False,packet_rejected,0
3,8,56,False,False,False,packet_rejected,0
3,8,57,False,False,False,packet_rejected,0
3,8,58,False,False,False,packet_rejected,0
3,8,59,False,False,False,packet_rejected,0
3,8,60,False,False,False,packet_rejected,0
3,8,61,False,False,False,packet_rejected,0
3,8,62,False,False,False,packet_rejected,0
3,8,63,False,False,False,packet_rejected,0
3,8,64,False,False,False,packet_rejected,0
3,8,65,False,False,False,packet_rejected,0
3,8,66,False,False,False,packet_rejected,0
3,8,67,False,False,False,packet_rejected,0
3,8,68,False,False,False,packet_rejected,0
3,8,69,False,False,False,packet_rejected,0
3,8,70,False,False,False,packet_rejected,0
3,8,71,False,False,False,packet_rejected,0
3,8,72,False,False,False,packet_rejected,0
3,8,73,False,False,False,packet_rejected,0
3,8,74,False,False,False,packet_rejected,0
3,8,75,False,False,False,packet_rejected,0
3,8,76,False,False,False,packet_rejected,0
3,8,77,False,False,False,packet_rejected,0
3,8,78,False,False,False,packet_rejected,0
3,8,79,False,False,False,packet_rejected,0
3,8,80,False,False,False,packet_rejected,0
3,8,81,False,False,False,packet_rejected,0
3,8,82,False,False,False,packet_rejected,0
3,8,83,False,False,False,packet_rejected,0
3,8,84,False,False,False,packet_rejected,0
3,8,85,False,False,False,packet_rejected,0
3,8,86,False,False,False,packet_rejected,0
3,8,87,False,False,False,packet_rejected,0
3,8,88,False,False,False,packet_rejected,0
3,8,89,False,False,False,packet_rejected,0
3,8,90,False,False,False,packet_rejected,0
3,8,91,False,False,False,packet_rejected,0
3,8,92,False,False,False,packet_rejected,0
3,8,93,False,False,False,packet_rejected,0
3,8,94,False,False,False,packet_rejected,0
3,8,95,False,False,False,packet_rejected,0
3,8,96,False,False,False,packet_rejected,0
3,8,97,False,False,False,packet_rejected,0
3,8,98,False,False,False,packet_rejected,0
3,8,99,False,False,False,packet_rejected,0
4,0,0,False,False,False,packet_rejected,0
4,0,1,False,False,False,packet_rejected,0
4,0,2,False,False,False,packet_rejected,0
4,0,3,False,False,False,packet_rejected,0
4,0,4,False,False,False,packet_rejected,0
4,0,5,False,False,False,packet_rejected,0
4,0,6,False,False,False,packet_rejected,0
4,0,7,False,False,False,packet_rejected,0
4,0,8,False,False,False,packet_rejected,0
4,0,9,False,False,False,packet_rejected,0
4,0,10,False,False,False,packet_rejected,0
4,0,11,False,False,False,packet_rejected,0
4,0,12,False,False,False,packet_rejected,0
4,0,13,False,False,False,packet_rejected,0
4,0,14,False,False,False,packet_rejected,0
4,0,15,False,False,False,packet_rejected,0
4,0,16,False,False,False,packet_rejected,0
4,0,17,False,False,False,packet_rejected,0
4,0,18,False,False,False,packet_rejected,0
4,0,19,False,False,False,packet_rejected,0
4,0,20,False,False,False,packet_rejected,0
4,0,21,False,False,False,packet_rejected,0
4,0,22,False,False,False,packet_rejected,0
4,0,23,False,False,False,packet_rejected,0
4,0,24,False,False,False,packet_rejected,0
4,0,25,False,False,False,packet_rejected,0
4,0,26,False,False,False,packet_rejected,0
4,0,27,False,False,False,packet_rejected,0
4,0,28,False,False,False,packet_rejected,0
4,0,29,False,False,False,packet_rejected,0
4,0,30,False,False,False,packet_rejected,0
4,0,31,False,False,False,packet_rejected,0
4,0,32,False,False,False,packet_rejected,0
4,0,33,False,False,False,packet_rejected,0
4,0,34,False,False,False,packet_rejected,0
4,0,35,False,False,False,packet_rejected,0
4,0,36,False,False,False,packet_rejected,0
4,0,37,False,False,False,packet_rejected,0
4,0,38,False,False,False,packet_rejected,0
4,0,39,False,False,False,packet_rejected,0
4,0,40,False,False,False,packet_rejected,0
4,0,41,False,False,False,packet_rejected,0
4,0,42,False,False,False,packet_rejected,0
4,0,43,False,False,False,packet_rejected,0
4,0,44,False,False,False,packet_rejected,0
4,0,45,False,False,False,packet_rejected,0
4,0,46,False,False,False,packet_rejected,0
4,0,47,False,False,False,packet_rejected,0
4,0,48,False,False,False,packet_rejected,0
4,0,49,False,False,False,packet_rejected,0
4,0,50,False,False,False,packet_rejected,0
4,0,51,False,False,False,packet_rejected,0
4,0,52,False,False,False,packet_rejected,0
4,0,53,False,False,False,packet_rejected,0
4,0,54,False,False,False,packet_rejected,0
4,0,55,False,False,False,packet_rejected,0
4,0,56,False,False,False,packet_rejected,0
4,0,57,False,False,False,packet_rejected,0
4,0,58,False,False,False,packet_rejected,0
4,0,59,False,False,False,packet_rejected,0
4,0,60,False,False,False,packet_rejected,0
4,0,61,False,False,False,packet_rejected,0
4,0,62,False,False,False,packet_rejected,0
4,0,63,False,False,False,packet_rejected,0
4,0,64,False,False,False,packet_rejected,0
4,0,65,False,False,False,packet_rejected,0
4,0,66,False,False,False,packet_rejected,0
4,0,67,False,False,False,packet_rejected,0
4,0,68,False,False,False,packet_rejected,0
4,0,69,False,False,False,packet_rejected,0
4,0,70,False,False,False,packet_rejected,0
4,0,71,False,False,False,packet_rejected,0
4,0,72,False,False,False,packet_rejected,0
4,0,73,False,False,False,packet_rejected,0
4,0,74,False,False,False,packet_rejected,0
4,0,75,False,False,False,packet_rejected,0
4,0,76,False,False,False,packet_rejected,0
4,0,77,False,False,False,packet_rejected,0
4,0,78,False,False,False,packet_rejected,0
4,0,79,False,False,False,packet_rejected,0
4,0,80,False,False,False,packet_rejected,0
4,0,81,False,False,False,packet_rejected,0
4,0,82,False,False,False,packet_rejected,0
4,0,83,False,False,False,packet_rejected,0
4,0,84,False,False,False,packet_rejected,0
4,0,85,False,False,False,packet_rejected,0
4,0,86,False,False,False,packet_rejected,0
4,0,87,False,False,False,packet_rejected,0
4,0,88,False,False,False,packet_rejected,0
4,0,89,False,False,False,packet_rejected,0
4,0,90,False,False,False,packet_rejected,0
4,0,91,False,False,False,packet_rejected,0
4,0,92,False,False,False,packet_rejected,0
4,0,93,False,False,False,packet_rejected,0
4,0,94,False,False,False,packet_rejected,0
4,0,95,False,False,False,packet_rejected,0
4,0,96,False,False,False,packet_rejected,0
4,0,97,False,False,False,packet_rejected,0
4,0,98,False,False,False,packet_rejected,0
4,0,99,False,False,False,packet_rejected,0
4,1,0,False,False,False,packet_rejected,0
4,1,1,False,False,False,packet_rejected,0
4,1,2,False,False,False,packet_rejected,0
4,1,3,False,False,False,packet_rejected,0
4,1,4,False,False,False,packet_rejected,0
4,1,5,False,False,False,packet_rejected,0
4,1,6,False,False,False,packet_rejected,0
4,1,7,False,False,False,packet_rejected,0
4,1,8,False,False,False,packet_rejected,0
4,1,9,False,False,False,packet_rejected,0
4,1,10,False,False,False,packet_rejected,0
4,1,11,False,False,False,packet_rejected,0
4,1,12,False,False,False,packet_rejected,0
4,1,13,False,False,False,packet_rejected,0
4,1,14,False,False,False,packet_rejected,0
4,1,15,False,False,False,packet_rejected,0
4,1,16,False,False,False,packet_rejected,0
4,1,17,False,False,False,packet_rejected,0
4,1,18,False,False,False,packet_rejected,0
4,1,19,False,False,False,packet_rejected,0
4,1,20,False,False,False,packet_rejected,0
4,1,21,False,False,False,packet_rejected,0
4,1,22,False,False,False,packet_rejected,0
4,1,23,False,False,False,packet_rejected,0
4,1,24,False,False,False,packet_rejected,0
4,1,25,False,False,False,packet_rejected,0
4,1,26,False,False,False,packet_rejected,0
4,1,27,False,False,False,packet_rejected,0
4,1,28,False,False,False,packet_rejected,0
4,1,29,False,False,False,packet_rejected,0
4,1,30,False,False,False,packet_rejected,0
4,1,31,False,False,False,packet_rejected,0
4,1,32,False,False,False,packet_rejected,0
4,1,33,False,False,False,packet_rejected,0
4,1,34,False,False,False,packet_rejected,0
4,1,35,False,False,False,packet_rejected,0
4,1,36,False,False,False,packet_rejected,0
4,1,37,False,False,False,packet_rejected,0
4,1,38,False,False,False,packet_rejected,0
4,1,39,False,False,False,packet_rejected,0
4,1,40,False,False,False,packet_rejected,0
4,1,41,False,False,False,packet_rejected,0
4,1,42,False,False,False,packet_rejected,0
4,1,43,False,False,False,packet_rejected,0
4,1,44,False,False,False,packet_rejected,0
4,1,45,False,False,False,packet_rejected,0
4,1,46,False,False,False,packet_rejected,0
4,1,47,False,False,False,packet_rejected,0
4,1,48,False,False,False,packet_rejected,0
4,1,49,False,False,False,packet_rejected,0
4,1,50,False,False,False,packet_rejected,0
4,1,51,False,False,False,packet_rejected,0
4,1,52,False,False,False,packet_rejected,0
4,1,53,False,False,False,packet_rejected,0
4,1,54,False,False,False,packet_rejected,0
4,1,55,False,False,False,packet_rejected,0
4,1,56,False,False,False,packet_rejected,0
4,1,57,False,False,False,packet_rejected,0
4,1,58,False,False,False,packet_rejected,0
4,1,59,False,False,False,packet_rejected,0
4,1,60,False,False,False,packet_rejected,0
4,1,61,False,False,False,packet_rejected,0
4,1,62,False,False,False,packet_rejected,0
4,1,63,False,False,False,packet_rejected,0
4,1,64,False,False,False,packet_rejected,0
4,1,65,False,False,False,packet_rejected,0
4,1,66,False,False,False,packet_rejected,0
4,1,67,False,False,False,packet_rejected,0
4,1,68,False,False,False,packet_rejected,0
4,1,69,False,False,False,packet_rejected,0
4,1,70,False,False,False,packet_rejected,0
4,1,71,False,False,False,packet_rejected,0
4,1,72,False,False,False,packet_rejected,0
4,1,73,False,False,False,packet_rejected,0
4,1,74,False,False,False,packet_rejected,0
4,1,75,False,False,False,packet_rejected,0
4,1,76,False,False,False,packet_rejected,0
4,1,77,False,False,False,packet_rejected,0
4,1,78,False,False,False,packet_rejected,0
4,1,79,False,False,False,packet_rejected,0
4,1,80,False,False,False,packet_rejected,0
4,1,81,False,False,False,packet_rejected,0
4,1,82,False,False,False,packet_rejected,0
4,1,83,False,False,False,packet_rejected,0
4,1,84,False,False,False,packet_rejected,0
4,1,85,False,False,False,packet_rejected,0
4,1,86,False,False,False,packet_rejected,0
4,1,87,False,False,False,packet_rejected,0
4,1,88,False,False,False,packet_rejected,0
4,1,89,False,False,False,packet_rejected,0
4,1,90,False,False,False,packet_rejected,0
4,1,91,False,False,False,packet_rejected,0
4,1,92,False,False,False,packet_rejected,0
4,1,93,False,False,False,packet_rejected,0
4,1,94,False,False,False,packet_rejected,0
4,1,95,False,False,False,packet_rejected,0
4,1,96,False,False,False,packet_rejected,0
4,1,97,False,False,False,packet_rejected,0
4,1,98,False,False,False,packet_rejected,0
4,1,99,False,False,False,packet_rejected,0
4,2,0,False,False,False,packet_rejected,0
4,2,1,False,False,False,packet_rejected,0
4,2,2,False,False,False,packet_rejected,0
4,2,3,False,False,False,packet_rejected,0
4,2,4,False,False,False,packet_rejected,0
4,2,5,False,False,False,packet_rejected,0
4,2,6,False,False,False,packet_rejected,0
4,2,7,False,False,False,packet_rejected,0
4,2,8,False,False,False,packet_rejected,0
4,2,9,False,False,False,packet_rejected,0
4,2,10,False,False,False,packet_rejected,0
4,2,11,False,False,False,packet_rejected,0
4,2,12,False,False,False,packet_rejected,0
4,2,13,False,False,False,packet_rejected,0
4,2,14,False,False,False,packet_rejected,0
4,2,15,False,False,False,packet_rejected,0
4,2,16,False,False,False,packet_rejected,0
4,2,17,False,False,False,packet_rejected,0
4,2,18,False,False,False,packet_rejected,0
4,2,19,False,False,False,packet_rejected,0
4,2,20,False,False,False,packet_rejected,0
4,2,21,False,False,False,packet_rejected,0
4,2,22,False,False,False,packet_rejected,0
4,2,23,False,False,False,packet_rejected,0
4,2,24,False,False,False,packet_rejected,0
4,2,25,False,False,False,packet_rejected,0
4,2,26,False,False,False,packet_rejected,0
4,2,27,False,False,False,packet_rejected,0
4,2,28,False,False,False,packet_rejected,0
4,2,29,False,False,False,packet_rejected,0
4,2,30,False,False,False,packet_rejected,0
4,2,31,False,False,False,packet_rejected,0
4,2,32,False,False,False,packet_rejected,0
4,2,33,False,False,False,packet_rejected,0
4,2,34,False,False,False,packet_rejected,0
4,2,35,False,False,False,packet_rejected,0
4,2,36,False,False,False,packet_rejected,0
4,2,37,False,False,False,packet_rejected,0
4,2,38,False,False,False,packet_rejected,0
4,2,39,False,False,False,packet_rejected,0
4,2,40,False,False,False,packet_rejected,0
4,2,41,False,False,False,packet_rejected,0
4,2,42,False,False,False,packet_rejected,0
4,2,43,False,False,False,packet_rejected,0
4,2,44,False,False,False,packet_rejected,0
4,2,45,False,False,False,packet_rejected,0
4,2,46,False,False,False,packet_rejected,0
4,2,47,False,False,False,packet_rejected,0
4,2,48,False,False,False,packet_rejected,0
4,2,49,False,False,False,packet_rejected,0
4,2,50,False,False,False,packet_rejected,0
4,2,51,False,False,False,packet_rejected,0
4,2,52,False,False,False,packet_rejected,0
4,2,53,False,False,False,packet_rejected,0
4,2,54,False,False,False,packet_rejected,0
4,2,55,False,False,False,packet_rejected,0
4,2,56,False,False,False,packet_rejected,0
4,2,57,False,False,False,packet_rejected,0
4,2,58,False,False,False,packet_rejected,0
4,2,59,False,False,False,packet_rejected,0
4,2,60,False,False,False,packet_rejected,0
4,2,61,False,False,False,packet_rejected,0
4,2,62,False,False,False,packet_rejected,0
4,2,63,False,False,False,packet_rejected,0
4,2,64,False,False,False,packet_rejected,0
4,2,65,False,False,False,packet_rejected,0
4,2,66,False,False,False,packet_rejected,0
4,2,67,False,False,False,packet_rejected,0
4,2,68,False,False,False,packet_rejected,0
4,2,69,False,False,False,packet_rejected,0
4,2,70,False,False,False,packet_rejected,0
4,2,71,False,False,False,packet_rejected,0
4,2,72,False,False,False,packet_rejected,0
4,2,73,False,False,False,packet_rejected,0
4,2,74,False,False,False,packet_rejected,0
4,2,75,False,False,False,packet_rejected,0
4,2,76,False,False,False,packet_rejected,0
4,2,77,False,False,False,packet_rejected,0
4,2,78,False,False,False,packet_rejected,0
4,2,79,False,False,False,packet_rejected,0
4,2,80,False,False,False,packet_rejected,0
4,2,81,False,False,False,packet_rejected,0
4,2,82,False,False,False,packet_rejected,0
4,2,83,False,False,False,packet_rejected,0
4,2,84,False,False,False,packet_rejected,0
4,2,85,False,False,False,packet_rejected,0
4,2,86,False,False,False,packet_rejected,0
4,2,87,False,False,False,packet_rejected,0
4,2,88,False,False,False,packet_rejected,0
4,2,89,False,False,False,packet_rejected,0
4,2,90,False,False,False,packet_rejected,0
4,2,91,False,False,False,packet_rejected,0
4,2,92,False,False,False,packet_rejected,0
4,2,93,False,False,False,packet_rejected,0
4,2,94,False,False,False,packet_rejected,0
4,2,95,False,False,False,packet_rejected,0
4,2,96,False,False,False,packet_rejected,0
4,2,97,False,False,False,packet_rejected,0
4,2,98,False,False,False,packet_rejected,0
4,2,99,False,False,False,packet_rejected,0
4,3,0,False,False,False,packet_rejected,0
4,3,1,False,False,False,packet_rejected,0
4,3,2,False,False,False,packet_rejected,0
4,3,3,False,False,False,packet_rejected,0
4,3,4,False,False,False,packet_rejected,0
4,3,5,False,False,False,packet_rejected,0
4,3,6,False,False,False,packet_rejected,0
4,3,7,False,False,False,packet_rejected,0
4,3,8,False,False,False,packet_rejected,0
4,3,9,False,False,False,packet_rejected,0
4,3,10,False,False,False,packet_rejected,0
4,3,11,False,False,False,packet_rejected,0
4,3,12,False,False,False,packet_rejected,0
4,3,13,False,False,False,packet_rejected,0
4,3,14,False,False,False,packet_rejected,0
4,3,15,False,False,False,packet_rejected,0
4,3,16,False,False,False,packet_rejected,0
4,3,17,False,False,False,packet_rejected,0
4,3,18,False,False,False,packet_rejected,0
4,3,19,False,False,False,packet_rejected,0
4,3,20,False,False,False,packet_rejected,0
4,3,21,False,False,False,packet_rejected,0
4,3,22,False,False,False,packet_rejected,0
4,3,23,False,False,False,packet_rejected,0
4,3,24,False,False,False,packet_rejected,0
4,3,25,False,False,False,packet_rejected,0
4,3,26,False,False,False,packet_rejected,0
4,3,27,False,False,False,packet_rejected,0
4,3,28,False,False,False,packet_rejected,0
4,3,29,False,False,False,packet_rejected,0
4,3,30,False,False,False,packet_rejected,0
4,3,31,False,False,False,packet_rejected,0
4,3,32,False,False,False,packet_rejected,0
4,3,33,False,False,False,packet_rejected,0
4,3,34,False,False,False,packet_rejected,0
4,3,35,False,False,False,packet_rejected,0
4,3,36,False,False,False,packet_rejected,0
4,3,37,False,False,False,packet_rejected,0
4,3,38,False,False,False,packet_rejected,0
4,3,39,False,False,False,packet_rejected,0
4,3,40,False,False,False,packet_rejected,0
4,3,41,False,False,False,packet_rejected,0
4,3,42,False,False,False,packet_rejected,0
4,3,43,False,False,False,packet_rejected,0
4,3,44,False,False,False,packet_rejected,0
4,3,45,False,False,False,packet_rejected,0
4,3,46,False,False,False,packet_rejected,0
4,3,47,False,False,False,packet_rejected,0
4,3,48,False,False,False,packet_rejected,0
4,3,49,False,False,False,packet_rejected,0
4,3,50,False,False,False,packet_rejected,0
4,3,51,False,False,False,packet_rejected,0
4,3,52,False,False,False,packet_rejected,0
4,3,53,False,False,False,packet_rejected,0
4,3,54,False,False,False,packet_rejected,0
4,3,55,False,False,False,packet_rejected,0
4,3,56,False,False,False,packet_rejected,0
4,3,57,False,False,False,packet_rejected,0
4,3,58,False,False,False,packet_rejected,0
4,3,59,False,False,False,packet_rejected,0
4,3,60,False,False,False,packet_rejected,0
4,3,61,False,False,False,packet_rejected,0
4,3,62,False,False,False,packet_rejected,0
4,3,63,False,False,False,packet_rejected,0
4,3,64,False,False,False,packet_rejected,0
4,3,65,False,False,False,packet_rejected,0
4,3,66,False,False,False,packet_rejected,0
4,3,67,False,False,False,packet_rejected,0
4,3,68,False,False,False,packet_rejected,0
4,3,69,False,False,False,packet_rejected,0
4,3,70,False,False,False,packet_rejected,0
4,3,71,False,False,False,packet_rejected,0
4,3,72,False,False,False,packet_rejected,0
4,3,73,False,False,False,packet_rejected,0
4,3,74,False,False,False,packet_rejected,0
4,3,75,False,False,False,packet_rejected,0
4,3,76,False,False,False,packet_rejected,0
4,3,77,False,False,False,packet_rejected,0
4,3,78,False,False,False,packet_rejected,0
4,3,79,False,False,False,packet_rejected,0
4,3,80,False,False,False,packet_rejected,0
4,3,81,False,False,False,packet_rejected,0
4,3,82,False,False,False,packet_rejected,0
4,3,83,False,False,False,packet_rejected,0
4,3,84,False,False,False,packet_rejected,0
4,3,85,False,False,False,packet_rejected,0
4,3,86,False,False,False,packet_rejected,0
4,3,87,False,False,False,packet_rejected,0
4,3,88,False,False,False,packet_rejected,0
4,3,89,False,False,False,packet_rejected,0
4,3,90,False,False,False,packet_rejected,0
4,3,91,False,False,False,packet_rejected,0
4,3,92,False,False,False,packet_rejected,0
4,3,93,False,False,False,packet_rejected,0
4,3,94,False,False,False,packet_rejected,0
4,3,95,False,False,False,packet_rejected,0
4,3,96,False,False,False,packet_rejected,0
4,3,97,False,False,False,packet_rejected,0
4,3,98,False,False,False,packet_rejected,0
4,3,99,False,False,False,packet_rejected,0
4,4,0,True,True,True,accepted,8
4,4,1,True,True,True,accepted,8
4,4,2,True,True,True,accepted,8
4,4,3,True,True,True,accepted,8
4,4,4,True,True,True,accepted,8
4,4,5,True,True,True,accepted,8
4,4,6,True,True,True,accepted,8
4,4,7,True,True,True,accepted,8
4,4,8,True,True,True,accepted,8
4,4,9,True,True,True,accepted,8
4,4,10,True,True,True,accepted,8
4,4,11,True,True,True,accepted,8
4,4,12,True,True,True,accepted,8
4,4,13,True,True,True,accepted,8
4,4,14,True,True,True,accepted,8
4,4,15,True,True,True,accepted,8
4,4,16,True,True,True,accepted,8
4,4,17,True,True,True,accepted,8
4,4,18,True,True,True,accepted,8
4,4,19,True,True,True,accepted,8
4,4,20,True,True,True,accepted,8
4,4,21,True,True,True,accepted,8
4,4,22,True,True,True,accepted,8
4,4,23,True,True,True,accepted,8
4,4,24,True,True,True,accepted,8
4,4,25,True,True,True,accepted,8
4,4,26,True,True,True,accepted,8
4,4,27,True,True,True,accepted,8
4,4,28,True,True,True,accepted,8
4,4,29,True,True,True,accepted,8
4,4,30,True,True,True,accepted,8
4,4,31,True,True,True,accepted,8
4,4,32,True,True,True,accepted,8
4,4,33,True,True,True,accepted,8
4,4,34,True,True,True,accepted,8
4,4,35,True,True,True,accepted,8
4,4,36,True,True,True,accepted,8
4,4,37,True,True,True,accepted,8
4,4,38,True,True,True,accepted,8
4,4,39,True,True,True,accepted,8
4,4,40,True,True,True,accepted,8
4,4,41,True,True,True,accepted,8
4,4,42,True,True,True,accepted,8
4,4,43,True,True,True,accepted,8
4,4,44,True,True,True,accepted,8
4,4,45,True,True,True,accepted,8
4,4,46,True,True,True,accepted,8
4,4,47,True,True,True,accepted,8
4,4,48,True,True,True,accepted,8
4,4,49,True,True,True,accepted,8
4,4,50,True,True,True,accepted,8
4,4,51,True,True,True,accepted,8
4,4,52,True,True,True,accepted,8
4,4,53,True,True,True,accepted,8
4,4,54,True,True,True,accepted,8
4,4,55,True,True,True,accepted,8
4,4,56,True,True,True,accepted,8
4,4,57,True,True,True,accepted,8
4,4,58,True,True,True,accepted,8
4,4,59,True,True,True,accepted,8
4,4,60,True,True,True,accepted,8
4,4,61,True,True,True,accepted,8
4,4,62,True,True,True,accepted,8
4,4,63,True,True,True,accepted,8
4,4,64,True,True,True,accepted,8
4,4,65,True,True,True,accepted,8
4,4,66,True,True,True,accepted,8
4,4,67,True,True,True,accepted,8
4,4,68,True,True,True,accepted,8
4,4,69,True,True,True,accepted,8
4,4,70,True,True,True,accepted,8
4,4,71,True,True,True,accepted,8
4,4,72,True,True,True,accepted,8
4,4,73,True,True,True,accepted,8
4,4,74,True,True,True,accepted,8
4,4,75,True,True,True,accepted,8
4,4,76,True,True,True,accepted,8
4,4,77,True,True,True,accepted,8
4,4,78,True,True,True,accepted,8
4,4,79,True,True,True,accepted,8
4,4,80,True,True,True,accepted,8
4,4,81,True,True,True,accepted,8
4,4,82,True,True,True,accepted,8
4,4,83,True,True,True,accepted,8
4,4,84,True,True,True,accepted,8
4,4,85,True,True,True,accepted,8
4,4,86,True,True,True,accepted,8
4,4,87,True,True,True,accepted,8
4,4,88,True,True,True,accepted,8
4,4,89,True,True,True,accepted,8
4,4,90,True,True,True,accepted,8
4,4,91,True,True,True,accepted,8
4,4,92,True,True,True,accepted,8
4,4,93,True,True,True,accepted,8
4,4,94,True,True,True,accepted,8
4,4,95,True,True,True,accepted,8
4,4,96,True,True,True,accepted,8
4,4,97,True,True,True,accepted,8
4,4,98,True,True,True,accepted,8
4,4,99,True,True,True,accepted,8
4,5,0,False,False,False,packet_rejected,0
4,5,1,False,False,False,packet_rejected,0
4,5,2,False,False,False,packet_rejected,0
4,5,3,False,False,False,packet_rejected,0
4,5,4,False,False,False,packet_rejected,0
4,5,5,False,False,False,packet_rejected,0
4,5,6,False,False,False,packet_rejected,0
4,5,7,False,False,False,packet_rejected,0
4,5,8,False,False,False,packet_rejected,0
4,5,9,False,False,False,packet_rejected,0
4,5,10,False,False,False,packet_rejected,0
4,5,11,False,False,False,packet_rejected,0
4,5,12,False,False,False,packet_rejected,0
4,5,13,False,False,False,packet_rejected,0
4,5,14,False,False,False,packet_rejected,0
4,5,15,False,False,False,packet_rejected,0
4,5,16,False,False,False,packet_rejected,0
4,5,17,False,False,False,packet_rejected,0
4,5,18,False,False,False,packet_rejected,0
4,5,19,False,False,False,packet_rejected,0
4,5,20,False,False,False,packet_rejected,0
4,5,21,False,False,False,packet_rejected,0
4,5,22,False,False,False,packet_rejected,0
4,5,23,False,False,False,packet_rejected,0
4,5,24,False,False,False,packet_rejected,0
4,5,25,False,False,False,packet_rejected,0
4,5,26,False,False,False,packet_rejected,0
4,5,27,False,False,False,packet_rejected,0
4,5,28,False,False,False,packet_rejected,0
4,5,29,False,False,False,packet_rejected,0
4,5,30,False,False,False,packet_rejected,0
4,5,31,False,False,False,packet_rejected,0
4,5,32,False,False,False,packet_rejected,0
4,5,33,False,False,False,packet_rejected,0
4,5,34,False,False,False,packet_rejected,0
4,5,35,False,False,False,packet_rejected,0
4,5,36,False,False,False,packet_rejected,0
4,5,37,False,False,False,packet_rejected,0
4,5,38,False,False,False,packet_rejected,0
4,5,39,False,False,False,packet_rejected,0
4,5,40,False,False,False,packet_rejected,0
4,5,41,False,False,False,packet_rejected,0
4,5,42,False,False,False,packet_rejected,0
4,5,43,False,False,False,packet_rejected,0
4,5,44,False,False,False,packet_rejected,0
4,5,45,False,False,False,packet_rejected,0
4,5,46,False,False,False,packet_rejected,0
4,5,47,False,False,False,packet_rejected,0
4,5,48,False,False,False,packet_rejected,0
4,5,49,False,False,False,packet_rejected,0
4,5,50,False,False,False,packet_rejected,0
4,5,51,False,False,False,packet_rejected,0
4,5,52,False,False,False,packet_rejected,0
4,5,53,False,False,False,packet_rejected,0
4,5,54,False,False,False,packet_rejected,0
4,5,55,False,False,False,packet_rejected,0
4,5,56,False,False,False,packet_rejected,0
4,5,57,False,False,False,packet_rejected,0
4,5,58,False,False,False,packet_rejected,0
4,5,59,False,False,False,packet_rejected,0
4,5,60,False,False,False,packet_rejected,0
4,5,61,False,False,False,packet_rejected,0
4,5,62,False,False,False,packet_rejected,0
4,5,63,False,False,False,packet_rejected,0
4,5,64,False,False,False,packet_rejected,0
4,5,65,False,False,False,packet_rejected,0
4,5,66,False,False,False,packet_rejected,0
4,5,67,False,False,False,packet_rejected,0
4,5,68,False,False,False,packet_rejected,0
4,5,69,False,False,False,packet_rejected,0
4,5,70,False,False,False,packet_rejected,0
4,5,71,False,False,False,packet_rejected,0
4,5,72,False,False,False,packet_rejected,0
4,5,73,False,False,False,packet_rejected,0
4,5,74,False,False,False,packet_rejected,0
4,5,75,False,False,False,packet_rejected,0
4,5,76,False,False,False,packet_rejected,0
4,5,77,False,False,False,packet_rejected,0
4,5,78,False,False,False,packet_rejected,0
4,5,79,False,False,False,packet_rejected,0
4,5,80,False,False,False,packet_rejected,0
4,5,81,False,False,False,packet_rejected,0
4,5,82,False,False,False,packet_rejected,0
4,5,83,False,False,False,packet_rejected,0
4,5,84,False,False,False,packet_rejected,0
4,5,85,False,False,False,packet_rejected,0
4,5,86,False,False,False,packet_rejected,0
4,5,87,False,False,False,packet_rejected,0
4,5,88,False,False,False,packet_rejected,0
4,5,89,False,False,False,packet_rejected,0
4,5,90,False,False,False,packet_rejected,0
4,5,91,False,False,False,packet_rejected,0
4,5,92,False,False,False,packet_rejected,0
4,5,93,False,False,False,packet_rejected,0
4,5,94,False,False,False,packet_rejected,0
4,5,95,False,False,False,packet_rejected,0
4,5,96,False,False,False,packet_rejected,0
4,5,97,False,False,False,packet_rejected,0
4,5,98,False,False,False,packet_rejected,0
4,5,99,False,False,False,packet_rejected,0
4,6,0,False,False,False,packet_rejected,0
4,6,1,False,False,False,packet_rejected,0
4,6,2,False,False,False,packet_rejected,0
4,6,3,False,False,False,packet_rejected,0
4,6,4,False,False,False,packet_rejected,0
4,6,5,False,False,False,packet_rejected,0
4,6,6,False,False,False,packet_rejected,0
4,6,7,False,False,False,packet_rejected,0
4,6,8,False,False,False,packet_rejected,0
4,6,9,False,False,False,packet_rejected,0
4,6,10,False,False,False,packet_rejected,0
4,6,11,False,False,False,packet_rejected,0
4,6,12,False,False,False,packet_rejected,0
4,6,13,False,False,False,packet_rejected,0
4,6,14,False,False,False,packet_rejected,0
4,6,15,False,False,False,packet_rejected,0
4,6,16,False,False,False,packet_rejected,0
4,6,17,False,False,False,packet_rejected,0
4,6,18,False,False,False,packet_rejected,0
4,6,19,False,False,False,packet_rejected,0
4,6,20,False,False,False,packet_rejected,0
4,6,21,False,False,False,packet_rejected,0
4,6,22,False,False,False,packet_rejected,0
4,6,23,False,False,False,packet_rejected,0
4,6,24,False,False,False,packet_rejected,0
4,6,25,False,False,False,packet_rejected,0
4,6,26,False,False,False,packet_rejected,0
4,6,27,False,False,False,packet_rejected,0
4,6,28,False,False,False,packet_rejected,0
4,6,29,False,False,False,packet_rejected,0
4,6,30,False,False,False,packet_rejected,0
4,6,31,False,False,False,packet_rejected,0
4,6,32,False,False,False,packet_rejected,0
4,6,33,False,False,False,packet_rejected,0
4,6,34,False,False,False,packet_rejected,0
4,6,35,False,False,False,packet_rejected,0
4,6,36,False,False,False,packet_rejected,0
4,6,37,False,False,False,packet_rejected,0
4,6,38,False,False,False,packet_rejected,0
4,6,39,False,False,False,packet_rejected,0
4,6,40,False,False,False,packet_rejected,0
4,6,41,False,False,False,packet_rejected,0
4,6,42,False,False,False,packet_rejected,0
4,6,43,False,False,False,packet_rejected,0
4,6,44,False,False,False,packet_rejected,0
4,6,45,False,False,False,packet_rejected,0
4,6,46,False,False,False,packet_rejected,0
4,6,47,False,False,False,packet_rejected,0
4,6,48,False,False,False,packet_rejected,0
4,6,49,False,False,False,packet_rejected,0
4,6,50,False,False,False,packet_rejected,0
4,6,51,False,False,False,packet_rejected,0
4,6,52,False,False,False,packet_rejected,0
4,6,53,False,False,False,packet_rejected,0
4,6,54,False,False,False,packet_rejected,0
4,6,55,False,False,False,packet_rejected,0
4,6,56,False,False,False,packet_rejected,0
4,6,57,False,False,False,packet_rejected,0
4,6,58,False,False,False,packet_rejected,0
4,6,59,False,False,False,packet_rejected,0
4,6,60,False,False,False,packet_rejected,0
4,6,61,False,False,False,packet_rejected,0
4,6,62,False,False,False,packet_rejected,0
4,6,63,False,False,False,packet_rejected,0
4,6,64,False,False,False,packet_rejected,0
4,6,65,False,False,False,packet_rejected,0
4,6,66,False,False,False,packet_rejected,0
4,6,67,False,False,False,packet_rejected,0
4,6,68,False,False,False,packet_rejected,0
4,6,69,False,False,False,packet_rejected,0
4,6,70,False,False,False,packet_rejected,0
4,6,71,False,False,False,packet_rejected,0
4,6,72,False,False,False,packet_rejected,0
4,6,73,False,False,False,packet_rejected,0
4,6,74,False,False,False,packet_rejected,0
4,6,75,False,False,False,packet_rejected,0
4,6,76,False,False,False,packet_rejected,0
4,6,77,False,False,False,packet_rejected,0
4,6,78,False,False,False,packet_rejected,0
4,6,79,False,False,False,packet_rejected,0
4,6,80,False,False,False,packet_rejected,0
4,6,81,False,False,False,packet_rejected,0
4,6,82,False,False,False,packet_rejected,0
4,6,83,False,False,False,packet_rejected,0
4,6,84,False,False,False,packet_rejected,0
4,6,85,False,False,False,packet_rejected,0
4,6,86,False,False,False,packet_rejected,0
4,6,87,False,False,False,packet_rejected,0
4,6,88,False,False,False,packet_rejected,0
4,6,89,False,False,False,packet_rejected,0
4,6,90,False,False,False,packet_rejected,0
4,6,91,False,False,False,packet_rejected,0
4,6,92,False,False,False,packet_rejected,0
4,6,93,False,False,False,packet_rejected,0
4,6,94,False,False,False,packet_rejected,0
4,6,95,False,False,False,packet_rejected,0
4,6,96,False,False,False,packet_rejected,0
4,6,97,False,False,False,packet_rejected,0
4,6,98,False,False,False,packet_rejected,0
4,6,99,False,False,False,packet_rejected,0
4,7,0,False,False,False,packet_rejected,0
4,7,1,False,False,False,packet_rejected,0
4,7,2,False,False,False,packet_rejected,0
4,7,3,False,False,False,packet_rejected,0
4,7,4,False,False,False,packet_rejected,0
4,7,5,False,False,False,packet_rejected,0
4,7,6,False,False,False,packet_rejected,0
4,7,7,False,False,False,packet_rejected,0
4,7,8,False,False,False,packet_rejected,0
4,7,9,False,False,False,packet_rejected,0
4,7,10,False,False,False,packet_rejected,0
4,7,11,False,False,False,packet_rejected,0
4,7,12,False,False,False,packet_rejected,0
4,7,13,False,False,False,packet_rejected,0
4,7,14,False,False,False,packet_rejected,0
4,7,15,False,False,False,packet_rejected,0
4,7,16,False,False,False,packet_rejected,0
4,7,17,False,False,False,packet_rejected,0
4,7,18,False,False,False,packet_rejected,0
4,7,19,False,False,False,packet_rejected,0
4,7,20,False,False,False,packet_rejected,0
4,7,21,False,False,False,packet_rejected,0
4,7,22,False,False,False,packet_rejected,0
4,7,23,False,False,False,packet_rejected,0
4,7,24,False,False,False,packet_rejected,0
4,7,25,False,False,False,packet_rejected,0
4,7,26,False,False,False,packet_rejected,0
4,7,27,False,False,False,packet_rejected,0
4,7,28,False,False,False,packet_rejected,0
4,7,29,False,False,False,packet_rejected,0
4,7,30,False,False,False,packet_rejected,0
4,7,31,False,False,False,packet_rejected,0
4,7,32,False,False,False,packet_rejected,0
4,7,33,False,False,False,packet_rejected,0
4,7,34,False,False,False,packet_rejected,0
4,7,35,False,False,False,packet_rejected,0
4,7,36,False,False,False,packet_rejected,0
4,7,37,False,False,False,packet_rejected,0
4,7,38,False,False,False,packet_rejected,0
4,7,39,False,False,False,packet_rejected,0
4,7,40,False,False,False,packet_rejected,0
4,7,41,False,False,False,packet_rejected,0
4,7,42,False,False,False,packet_rejected,0
4,7,43,False,False,False,packet_rejected,0
4,7,44,False,False,False,packet_rejected,0
4,7,45,False,False,False,packet_rejected,0
4,7,46,False,False,False,packet_rejected,0
4,7,47,False,False,False,packet_rejected,0
4,7,48,False,False,False,packet_rejected,0
4,7,49,False,False,False,packet_rejected,0
4,7,50,False,False,False,packet_rejected,0
4,7,51,False,False,False,packet_rejected,0
4,7,52,False,False,False,packet_rejected,0
4,7,53,False,False,False,packet_rejected,0
4,7,54,False,False,False,packet_rejected,0
4,7,55,False,False,False,packet_rejected,0
4,7,56,False,False,False,packet_rejected,0
4,7,57,False,False,False,packet_rejected,0
4,7,58,False,False,False,packet_rejected,0
4,7,59,False,False,False,packet_rejected,0
4,7,60,False,False,False,packet_rejected,0
4,7,61,False,False,False,packet_rejected,0
4,7,62,False,False,False,packet_rejected,0
4,7,63,False,False,False,packet_rejected,0
4,7,64,False,False,False,packet_rejected,0
4,7,65,False,False,False,packet_rejected,0
4,7,66,False,False,False,packet_rejected,0
4,7,67,False,False,False,packet_rejected,0
4,7,68,False,False,False,packet_rejected,0
4,7,69,False,False,False,packet_rejected,0
4,7,70,False,False,False,packet_rejected,0
4,7,71,False,False,False,packet_rejected,0
4,7,72,False,False,False,packet_rejected,0
4,7,73,False,False,False,packet_rejected,0
4,7,74,False,False,False,packet_rejected,0
4,7,75,False,False,False,packet_rejected,0
4,7,76,False,False,False,packet_rejected,0
4,7,77,False,False,False,packet_rejected,0
4,7,78,False,False,False,packet_rejected,0
4,7,79,False,False,False,packet_rejected,0
4,7,80,False,False,False,packet_rejected,0
4,7,81,False,False,False,packet_rejected,0
4,7,82,False,False,False,packet_rejected,0
4,7,83,False,False,False,packet_rejected,0
4,7,84,False,False,False,packet_rejected,0
4,7,85,False,False,False,packet_rejected,0
4,7,86,False,False,False,packet_rejected,0
4,7,87,False,False,False,packet_rejected,0
4,7,88,False,False,False,packet_rejected,0
4,7,89,False,False,False,packet_rejected,0
4,7,90,False,False,False,packet_rejected,0
4,7,91,False,False,False,packet_rejected,0
4,7,92,False,False,False,packet_rejected,0
4,7,93,False,False,False,packet_rejected,0
4,7,94,False,False,False,packet_rejected,0
4,7,95,False,False,False,packet_rejected,0
4,7,96,False,False,False,packet_rejected,0
4,7,97,False,False,False,packet_rejected,0
4,7,98,False,False,False,packet_rejected,0
4,7,99,False,False,False,packet_rejected,0
4,8,0,False,False,False,packet_rejected,0
4,8,1,False,False,False,packet_rejected,0
4,8,2,False,False,False,packet_rejected,0
4,8,3,False,False,False,packet_rejected,0
4,8,4,False,False,False,packet_rejected,0
4,8,5,False,False,False,packet_rejected,0
4,8,6,False,False,False,packet_rejected,0
4,8,7,False,False,False,packet_rejected,0
4,8,8,False,False,False,packet_rejected,0
4,8,9,False,False,False,packet_rejected,0
4,8,10,False,False,False,packet_rejected,0
4,8,11,False,False,False,packet_rejected,0
4,8,12,False,False,False,packet_rejected,0
4,8,13,False,False,False,packet_rejected,0
4,8,14,False,False,False,packet_rejected,0
4,8,15,False,False,False,packet_rejected,0
4,8,16,False,False,False,packet_rejected,0
4,8,17,False,False,False,packet_rejected,0
4,8,18,False,False,False,packet_rejected,0
4,8,19,False,False,False,packet_rejected,0
4,8,20,False,False,False,packet_rejected,0
4,8,21,False,False,False,packet_rejected,0
4,8,22,False,False,False,packet_rejected,0
4,8,23,False,False,False,packet_rejected,0
4,8,24,False,False,False,packet_rejected,0
4,8,25,False,False,False,packet_rejected,0
4,8,26,False,False,False,packet_rejected,0
4,8,27,False,False,False,packet_rejected,0
4,8,28,False,False,False,packet_rejected,0
4,8,29,False,False,False,packet_rejected,0
4,8,30,False,False,False,packet_rejected,0
4,8,31,False,False,False,packet_rejected,0
4,8,32,False,False,False,packet_rejected,0
4,8,33,False,False,False,packet_rejected,0
4,8,34,False,False,False,packet_rejected,0
4,8,35,False,False,False,packet_rejected,0
4,8,36,False,False,False,packet_rejected,0
4,8,37,False,False,False,packet_rejected,0
4,8,38,False,False,False,packet_rejected,0
4,8,39,False,False,False,packet_rejected,0
4,8,40,False,False,False,packet_rejected,0
4,8,41,False,False,False,packet_rejected,0
4,8,42,False,False,False,packet_rejected,0
4,8,43,False,False,False,packet_rejected,0
4,8,44,False,False,False,packet_rejected,0
4,8,45,False,False,False,packet_rejected,0
4,8,46,False,False,False,packet_rejected,0
4,8,47,False,False,False,packet_rejected,0
4,8,48,False,False,False,packet_rejected,0
4,8,49,False,False,False,packet_rejected,0
4,8,50,False,False,False,packet_rejected,0
4,8,51,False,False,False,packet_rejected,0
4,8,52,False,False,False,packet_rejected,0
4,8,53,False,False,False,packet_rejected,0
4,8,54,False,False,False,packet_rejected,0
4,8,55,False,False,False,packet_rejected,0
4,8,56,False,False,False,packet_rejected,0
4,8,57,False,False,False,packet_rejected,0
4,8,58,False,False,False,packet_rejected,0
4,8,59,False,False,False,packet_rejected,0
4,8,60,False,False,False,packet_rejected,0
4,8,61,False,False,False,packet_rejected,0
4,8,62,False,False,False,packet_rejected,0
4,8,63,False,False,False,packet_rejected,0
4,8,64,False,False,False,packet_rejected,0
4,8,65,False,False,False,packet_rejected,0
4,8,66,False,False,False,packet_rejected,0
4,8,67,False,False,False,packet_rejected,0
4,8,68,False,False,False,packet_rejected,0
4,8,69,False,False,False,packet_rejected,0
4,8,70,False,False,False,packet_rejected,0
4,8,71,False,False,False,packet_rejected,0
4,8,72,False,False,False,packet_rejected,0
4,8,73,False,False,False,packet_rejected,0
4,8,74,False,False,False,packet_rejected,0
4,8,75,False,False,False,packet_rejected,0
4,8,76,False,False,False,packet_rejected,0
4,8,77,False,False,False,packet_rejected,0
4,8,78,False,False,False,packet_rejected,0
4,8,79,False,False,False,packet_rejected,0
4,8,80,False,False,False,packet_rejected,0
4,8,81,False,False,False,packet_rejected,0
4,8,82,False,False,False,packet_rejected,0
4,8,83,False,False,False,packet_rejected,0
4,8,84,False,False,False,packet_rejected,0
4,8,85,False,False,False,packet_rejected,0
4,8,86,False,False,False,packet_rejected,0
4,8,87,False,False,False,packet_rejected,0
4,8,88,False,False,False,packet_rejected,0
4,8,89,False,False,False,packet_rejected,0
4,8,90,False,False,False,packet_rejected,0
4,8,91,False,False,False,packet_rejected,0
4,8,92,False,False,False,packet_rejected,0
4,8,93,False,False,False,packet_rejected,0
4,8,94,False,False,False,packet_rejected,0
4,8,95,False,False,False,packet_rejected,0
4,8,96,False,False,False,packet_rejected,0
4,8,97,False,False,False,packet_rejected,0
4,8,98,False,False,False,packet_rejected,0
4,8,99,False,False,False,packet_rejected,0
5,0,0,False,False,False,packet_rejected,0
5,0,1,False,False,False,packet_rejected,0
5,0,2,False,False,False,packet_rejected,0
5,0,3,False,False,False,packet_rejected,0
5,0,4,False,False,False,packet_rejected,0
5,0,5,False,False,False,packet_rejected,0
5,0,6,False,False,False,packet_rejected,0
5,0,7,False,False,False,packet_rejected,0
5,0,8,False,False,False,packet_rejected,0
5,0,9,False,False,False,packet_rejected,0
5,0,10,False,False,False,packet_rejected,0
5,0,11,False,False,False,packet_rejected,0
5,0,12,False,False,False,packet_rejected,0
5,0,13,False,False,False,packet_rejected,0
5,0,14,False,False,False,packet_rejected,0
5,0,15,False,False,False,packet_rejected,0
5,0,16,False,False,False,packet_rejected,0
5,0,17,False,False,False,packet_rejected,0
5,0,18,False,False,False,packet_rejected,0
5,0,19,False,False,False,packet_rejected,0
5,0,20,False,False,False,packet_rejected,0
5,0,21,False,False,False,packet_rejected,0
5,0,22,False,False,False,packet_rejected,0
5,0,23,False,False,False,packet_rejected,0
5,0,24,False,False,False,packet_rejected,0
5,0,25,False,False,False,packet_rejected,0
5,0,26,False,False,False,packet_rejected,0
5,0,27,False,False,False,packet_rejected,0
5,0,28,False,False,False,packet_rejected,0
5,0,29,False,False,False,packet_rejected,0
5,0,30,False,False,False,packet_rejected,0
5,0,31,False,False,False,packet_rejected,0
5,0,32,False,False,False,packet_rejected,0
5,0,33,False,False,False,packet_rejected,0
5,0,34,False,False,False,packet_rejected,0
5,0,35,False,False,False,packet_rejected,0
5,0,36,False,False,False,packet_rejected,0
5,0,37,False,False,False,packet_rejected,0
5,0,38,False,False,False,packet_rejected,0
5,0,39,False,False,False,packet_rejected,0
5,0,40,False,False,False,packet_rejected,0
5,0,41,False,False,False,packet_rejected,0
5,0,42,False,False,False,packet_rejected,0
5,0,43,False,False,False,packet_rejected,0
5,0,44,False,False,False,packet_rejected,0
5,0,45,False,False,False,packet_rejected,0
5,0,46,False,False,False,packet_rejected,0
5,0,47,False,False,False,packet_rejected,0
5,0,48,False,False,False,packet_rejected,0
5,0,49,False,False,False,packet_rejected,0
5,0,50,False,False,False,packet_rejected,0
5,0,51,False,False,False,packet_rejected,0
5,0,52,False,False,False,packet_rejected,0
5,0,53,False,False,False,packet_rejected,0
5,0,54,False,False,False,packet_rejected,0
5,0,55,False,False,False,packet_rejected,0
5,0,56,False,False,False,packet_rejected,0
5,0,57,False,False,False,packet_rejected,0
5,0,58,False,False,False,packet_rejected,0
5,0,59,False,False,False,packet_rejected,0
5,0,60,False,False,False,packet_rejected,0
5,0,61,False,False,False,packet_rejected,0
5,0,62,False,False,False,packet_rejected,0
5,0,63,False,False,False,packet_rejected,0
5,0,64,False,False,False,packet_rejected,0
5,0,65,False,False,False,packet_rejected,0
5,0,66,False,False,False,packet_rejected,0
5,0,67,False,False,False,packet_rejected,0
5,0,68,False,False,False,packet_rejected,0
5,0,69,False,False,False,packet_rejected,0
5,0,70,False,False,False,packet_rejected,0
5,0,71,False,False,False,packet_rejected,0
5,0,72,False,False,False,packet_rejected,0
5,0,73,False,False,False,packet_rejected,0
5,0,74,False,False,False,packet_rejected,0
5,0,75,False,False,False,packet_rejected,0
5,0,76,False,False,False,packet_rejected,0
5,0,77,False,False,False,packet_rejected,0
5,0,78,False,False,False,packet_rejected,0
5,0,79,False,False,False,packet_rejected,0
5,0,80,False,False,False,packet_rejected,0
5,0,81,False,False,False,packet_rejected,0
5,0,82,False,False,False,packet_rejected,0
5,0,83,False,False,False,packet_rejected,0
5,0,84,False,False,False,packet_rejected,0
5,0,85,False,False,False,packet_rejected,0
5,0,86,False,False,False,packet_rejected,0
5,0,87,False,False,False,packet_rejected,0
5,0,88,False,False,False,packet_rejected,0
5,0,89,False,False,False,packet_rejected,0
5,0,90,False,False,False,packet_rejected,0
5,0,91,False,False,False,packet_rejected,0
5,0,92,False,False,False,packet_rejected,0
5,0,93,False,False,False,packet_rejected,0
5,0,94,False,False,False,packet_rejected,0
5,0,95,False,False,False,packet_rejected,0
5,0,96,False,False,False,packet_rejected,0
5,0,97,False,False,False,packet_rejected,0
5,0,98,False,False,False,packet_rejected,0
5,0,99,False,False,False,packet_rejected,0
5,1,0,False,False,False,packet_rejected,0
5,1,1,False,False,False,packet_rejected,0
5,1,2,False,False,False,packet_rejected,0
5,1,3,False,False,False,packet_rejected,0
5,1,4,False,False,False,packet_rejected,0
5,1,5,False,False,False,packet_rejected,0
5,1,6,False,False,False,packet_rejected,0
5,1,7,False,False,False,packet_rejected,0
5,1,8,False,False,False,packet_rejected,0
5,1,9,False,False,False,packet_rejected,0
5,1,10,False,False,False,packet_rejected,0
5,1,11,False,False,False,packet_rejected,0
5,1,12,False,False,False,packet_rejected,0
5,1,13,False,False,False,packet_rejected,0
5,1,14,False,False,False,packet_rejected,0
5,1,15,False,False,False,packet_rejected,0
5,1,16,False,False,False,packet_rejected,0
5,1,17,False,False,False,packet_rejected,0
5,1,18,False,False,False,packet_rejected,0
5,1,19,False,False,False,packet_rejected,0
5,1,20,False,False,False,packet_rejected,0
5,1,21,False,False,False,packet_rejected,0
5,1,22,False,False,False,packet_rejected,0
5,1,23,False,False,False,packet_rejected,0
5,1,24,False,False,False,packet_rejected,0
5,1,25,False,False,False,packet_rejected,0
5,1,26,False,False,False,packet_rejected,0
5,1,27,False,False,False,packet_rejected,0
5,1,28,False,False,False,packet_rejected,0
5,1,29,False,False,False,packet_rejected,0
5,1,30,False,False,False,packet_rejected,0
5,1,31,False,False,False,packet_rejected,0
5,1,32,False,False,False,packet_rejected,0
5,1,33,False,False,False,packet_rejected,0
5,1,34,False,False,False,packet_rejected,0
5,1,35,False,False,False,packet_rejected,0
5,1,36,False,False,False,packet_rejected,0
5,1,37,False,False,False,packet_rejected,0
5,1,38,False,False,False,packet_rejected,0
5,1,39,False,False,False,packet_rejected,0
5,1,40,False,False,False,packet_rejected,0
5,1,41,False,False,False,packet_rejected,0
5,1,42,False,False,False,packet_rejected,0
5,1,43,False,False,False,packet_rejected,0
5,1,44,False,False,False,packet_rejected,0
5,1,45,False,False,False,packet_rejected,0
5,1,46,False,False,False,packet_rejected,0
5,1,47,False,False,False,packet_rejected,0
5,1,48,False,False,False,packet_rejected,0
5,1,49,False,False,False,packet_rejected,0
5,1,50,False,False,False,packet_rejected,0
5,1,51,False,False,False,packet_rejected,0
5,1,52,False,False,False,packet_rejected,0
5,1,53,False,False,False,packet_rejected,0
5,1,54,False,False,False,packet_rejected,0
5,1,55,False,False,False,packet_rejected,0
5,1,56,False,False,False,packet_rejected,0
5,1,57,False,False,False,packet_rejected,0
5,1,58,False,False,False,packet_rejected,0
5,1,59,False,False,False,packet_rejected,0
5,1,60,False,False,False,packet_rejected,0
5,1,61,False,False,False,packet_rejected,0
5,1,62,False,False,False,packet_rejected,0
5,1,63,False,False,False,packet_rejected,0
5,1,64,False,False,False,packet_rejected,0
5,1,65,False,False,False,packet_rejected,0
5,1,66,False,False,False,packet_rejected,0
5,1,67,False,False,False,packet_rejected,0
5,1,68,False,False,False,packet_rejected,0
5,1,69,False,False,False,packet_rejected,0
5,1,70,False,False,False,packet_rejected,0
5,1,71,False,False,False,packet_rejected,0
5,1,72,False,False,False,packet_rejected,0
5,1,73,False,False,False,packet_rejected,0
5,1,74,False,False,False,packet_rejected,0
5,1,75,False,False,False,packet_rejected,0
5,1,76,False,False,False,packet_rejected,0
5,1,77,False,False,False,packet_rejected,0
5,1,78,False,False,False,packet_rejected,0
5,1,79,False,False,False,packet_rejected,0
5,1,80,False,False,False,packet_rejected,0
5,1,81,False,False,False,packet_rejected,0
5,1,82,False,False,False,packet_rejected,0
5,1,83,False,False,False,packet_rejected,0
5,1,84,False,False,False,packet_rejected,0
5,1,85,False,False,False,packet_rejected,0
5,1,86,False,False,False,packet_rejected,0
5,1,87,False,False,False,packet_rejected,0
5,1,88,False,False,False,packet_rejected,0
5,1,89,False,False,False,packet_rejected,0
5,1,90,False,False,False,packet_rejected,0
5,1,91,False,False,False,packet_rejected,0
5,1,92,False,False,False,packet_rejected,0
5,1,93,False,False,False,packet_rejected,0
5,1,94,False,False,False,packet_rejected,0
5,1,95,False,False,False,packet_rejected,0
5,1,96,False,False,False,packet_rejected,0
5,1,97,False,False,False,packet_rejected,0
5,1,98,False,False,False,packet_rejected,0
5,1,99,False,False,False,packet_rejected,0
5,2,0,False,False,False,packet_rejected,0
5,2,1,False,False,False,packet_rejected,0
5,2,2,False,False,False,packet_rejected,0
5,2,3,False,False,False,packet_rejected,0
5,2,4,False,False,False,packet_rejected,0
5,2,5,False,False,False,packet_rejected,0
5,2,6,False,False,False,packet_rejected,0
5,2,7,False,False,False,packet_rejected,0
5,2,8,False,False,False,packet_rejected,0
5,2,9,False,False,False,packet_rejected,0
5,2,10,False,False,False,packet_rejected,0
5,2,11,False,False,False,packet_rejected,0
5,2,12,False,False,False,packet_rejected,0
5,2,13,False,False,False,packet_rejected,0
5,2,14,False,False,False,packet_rejected,0
5,2,15,False,False,False,packet_rejected,0
5,2,16,False,False,False,packet_rejected,0
5,2,17,False,False,False,packet_rejected,0
5,2,18,False,False,False,packet_rejected,0
5,2,19,False,False,False,packet_rejected,0
5,2,20,False,False,False,packet_rejected,0
5,2,21,False,False,False,packet_rejected,0
5,2,22,False,False,False,packet_rejected,0
5,2,23,False,False,False,packet_rejected,0
5,2,24,False,False,False,packet_rejected,0
5,2,25,False,False,False,packet_rejected,0
5,2,26,False,False,False,packet_rejected,0
5,2,27,False,False,False,packet_rejected,0
5,2,28,False,False,False,packet_rejected,0
5,2,29,False,False,False,packet_rejected,0
5,2,30,False,False,False,packet_rejected,0
5,2,31,False,False,False,packet_rejected,0
5,2,32,False,False,False,packet_rejected,0
5,2,33,False,False,False,packet_rejected,0
5,2,34,False,False,False,packet_rejected,0
5,2,35,False,False,False,packet_rejected,0
5,2,36,False,False,False,packet_rejected,0
5,2,37,False,False,False,packet_rejected,0
5,2,38,False,False,False,packet_rejected,0
5,2,39,False,False,False,packet_rejected,0
5,2,40,False,False,False,packet_rejected,0
5,2,41,False,False,False,packet_rejected,0
5,2,42,False,False,False,packet_rejected,0
5,2,43,False,False,False,packet_rejected,0
5,2,44,False,False,False,packet_rejected,0
5,2,45,False,False,False,packet_rejected,0
5,2,46,False,False,False,packet_rejected,0
5,2,47,False,False,False,packet_rejected,0
5,2,48,False,False,False,packet_rejected,0
5,2,49,False,False,False,packet_rejected,0
5,2,50,False,False,False,packet_rejected,0
5,2,51,False,False,False,packet_rejected,0
5,2,52,False,False,False,packet_rejected,0
5,2,53,False,False,False,packet_rejected,0
5,2,54,False,False,False,packet_rejected,0
5,2,55,False,False,False,packet_rejected,0
5,2,56,False,False,False,packet_rejected,0
5,2,57,False,False,False,packet_rejected,0
5,2,58,False,False,False,packet_rejected,0
5,2,59,False,False,False,packet_rejected,0
5,2,60,False,False,False,packet_rejected,0
5,2,61,False,False,False,packet_rejected,0
5,2,62,False,False,False,packet_rejected,0
5,2,63,False,False,False,packet_rejected,0
5,2,64,False,False,False,packet_rejected,0
5,2,65,False,False,False,packet_rejected,0
5,2,66,False,False,False,packet_rejected,0
5,2,67,False,False,False,packet_rejected,0
5,2,68,False,False,False,packet_rejected,0
5,2,69,False,False,False,packet_rejected,0
5,2,70,False,False,False,packet_rejected,0
5,2,71,False,False,False,packet_rejected,0
5,2,72,False,False,False,packet_rejected,0
5,2,73,False,False,False,packet_rejected,0
5,2,74,False,False,False,packet_rejected,0
5,2,75,False,False,False,packet_rejected,0
5,2,76,False,False,False,packet_rejected,0
5,2,77,False,False,False,packet_rejected,0
5,2,78,False,False,False,packet_rejected,0
5,2,79,False,False,False,packet_rejected,0
5,2,80,False,False,False,packet_rejected,0
5,2,81,False,False,False,packet_rejected,0
5,2,82,False,False,False,packet_rejected,0
5,2,83,False,False,False,packet_rejected,0
5,2,84,False,False,False,packet_rejected,0
5,2,85,False,False,False,packet_rejected,0
5,2,86,False,False,False,packet_rejected,0
5,2,87,False,False,False,packet_rejected,0
5,2,88,False,False,False,packet_rejected,0
5,2,89,False,False,False,packet_rejected,0
5,2,90,False,False,False,packet_rejected,0
5,2,91,False,False,False,packet_rejected,0
5,2,92,False,False,False,packet_rejected,0
5,2,93,False,False,False,packet_rejected,0
5,2,94,False,False,False,packet_rejected,0
5,2,95,False,False,False,packet_rejected,0
5,2,96,False,False,False,packet_rejected,0
5,2,97,False,False,False,packet_rejected,0
5,2,98,False,False,False,packet_rejected,0
5,2,99,False,False,False,packet_rejected,0
5,3,0,False,False,False,packet_rejected,0
5,3,1,False,False,False,packet_rejected,0
5,3,2,False,False,False,packet_rejected,0
5,3,3,False,False,False,packet_rejected,0
5,3,4,False,False,False,packet_rejected,0
5,3,5,False,False,False,packet_rejected,0
5,3,6,False,False,False,packet_rejected,0
5,3,7,False,False,False,packet_rejected,0
5,3,8,False,False,False,packet_rejected,0
5,3,9,False,False,False,packet_rejected,0
5,3,10,False,False,False,packet_rejected,0
5,3,11,False,False,False,packet_rejected,0
5,3,12,False,False,False,packet_rejected,0
5,3,13,False,False,False,packet_rejected,0
5,3,14,False,False,False,packet_rejected,0
5,3,15,False,False,False,packet_rejected,0
5,3,16,False,False,False,packet_rejected,0
5,3,17,False,False,False,packet_rejected,0
5,3,18,False,False,False,packet_rejected,0
5,3,19,False,False,False,packet_rejected,0
5,3,20,False,False,False,packet_rejected,0
5,3,21,False,False,False,packet_rejected,0
5,3,22,False,False,False,packet_rejected,0
5,3,23,False,False,False,packet_rejected,0
5,3,24,False,False,False,packet_rejected,0
5,3,25,False,False,False,packet_rejected,0
5,3,26,False,False,False,packet_rejected,0
5,3,27,False,False,False,packet_rejected,0
5,3,28,False,False,False,packet_rejected,0
5,3,29,False,False,False,packet_rejected,0
5,3,30,False,False,False,packet_rejected,0
5,3,31,False,False,False,packet_rejected,0
5,3,32,False,False,False,packet_rejected,0
5,3,33,False,False,False,packet_rejected,0
5,3,34,False,False,False,packet_rejected,0
5,3,35,False,False,False,packet_rejected,0
5,3,36,False,False,False,packet_rejected,0
5,3,37,False,False,False,packet_rejected,0
5,3,38,False,False,False,packet_rejected,0
5,3,39,False,False,False,packet_rejected,0
5,3,40,False,False,False,packet_rejected,0
5,3,41,False,False,False,packet_rejected,0
5,3,42,False,False,False,packet_rejected,0
5,3,43,False,False,False,packet_rejected,0
5,3,44,False,False,False,packet_rejected,0
5,3,45,False,False,False,packet_rejected,0
5,3,46,False,False,False,packet_rejected,0
5,3,47,False,False,False,packet_rejected,0
5,3,48,False,False,False,packet_rejected,0
5,3,49,False,False,False,packet_rejected,0
5,3,50,False,False,False,packet_rejected,0
5,3,51,False,False,False,packet_rejected,0
5,3,52,False,False,False,packet_rejected,0
5,3,53,False,False,False,packet_rejected,0
5,3,54,False,False,False,packet_rejected,0
5,3,55,False,False,False,packet_rejected,0
5,3,56,False,False,False,packet_rejected,0
5,3,57,False,False,False,packet_rejected,0
5,3,58,False,False,False,packet_rejected,0
5,3,59,False,False,False,packet_rejected,0
5,3,60,False,False,False,packet_rejected,0
5,3,61,False,False,False,packet_rejected,0
5,3,62,False,False,False,packet_rejected,0
5,3,63,False,False,False,packet_rejected,0
5,3,64,False,False,False,packet_rejected,0
5,3,65,False,False,False,packet_rejected,0
5,3,66,False,False,False,packet_rejected,0
5,3,67,False,False,False,packet_rejected,0
5,3,68,False,False,False,packet_rejected,0
5,3,69,False,False,False,packet_rejected,0
5,3,70,False,False,False,packet_rejected,0
5,3,71,False,False,False,packet_rejected,0
5,3,72,False,False,False,packet_rejected,0
5,3,73,False,False,False,packet_rejected,0
5,3,74,False,False,False,packet_rejected,0
5,3,75,False,False,False,packet_rejected,0
5,3,76,False,False,False,packet_rejected,0
5,3,77,False,False,False,packet_rejected,0
5,3,78,False,False,False,packet_rejected,0
5,3,79,False,False,False,packet_rejected,0
5,3,80,False,False,False,packet_rejected,0
5,3,81,False,False,False,packet_rejected,0
5,3,82,False,False,False,packet_rejected,0
5,3,83,False,False,False,packet_rejected,0
5,3,84,False,False,False,packet_rejected,0
5,3,85,False,False,False,packet_rejected,0
5,3,86,False,False,False,packet_rejected,0
5,3,87,False,False,False,packet_rejected,0
5,3,88,False,False,False,packet_rejected,0
5,3,89,False,False,False,packet_rejected,0
5,3,90,False,False,False,packet_rejected,0
5,3,91,False,False,False,packet_rejected,0
5,3,92,False,False,False,packet_rejected,0
5,3,93,False,False,False,packet_rejected,0
5,3,94,False,False,False,packet_rejected,0
5,3,95,False,False,False,packet_rejected,0
5,3,96,False,False,False,packet_rejected,0
5,3,97,False,False,False,packet_rejected,0
5,3,98,False,False,False,packet_rejected,0
5,3,99,False,False,False,packet_rejected,0
5,4,0,False,False,False,packet_rejected,0
5,4,1,False,False,False,packet_rejected,0
5,4,2,False,False,False,packet_rejected,0
5,4,3,False,False,False,packet_rejected,0
5,4,4,False,False,False,packet_rejected,0
5,4,5,False,False,False,packet_rejected,0
5,4,6,False,False,False,packet_rejected,0
5,4,7,False,False,False,packet_rejected,0
5,4,8,False,False,False,packet_rejected,0
5,4,9,False,False,False,packet_rejected,0
5,4,10,False,False,False,packet_rejected,0
5,4,11,False,False,False,packet_rejected,0
5,4,12,False,False,False,packet_rejected,0
5,4,13,False,False,False,packet_rejected,0
5,4,14,False,False,False,packet_rejected,0
5,4,15,False,False,False,packet_rejected,0
5,4,16,False,False,False,packet_rejected,0
5,4,17,False,False,False,packet_rejected,0
5,4,18,False,False,False,packet_rejected,0
5,4,19,False,False,False,packet_rejected,0
5,4,20,False,False,False,packet_rejected,0
5,4,21,False,False,False,packet_rejected,0
5,4,22,False,False,False,packet_rejected,0
5,4,23,False,False,False,packet_rejected,0
5,4,24,False,False,False,packet_rejected,0
5,4,25,False,False,False,packet_rejected,0
5,4,26,False,False,False,packet_rejected,0
5,4,27,False,False,False,packet_rejected,0
5,4,28,False,False,False,packet_rejected,0
5,4,29,False,False,False,packet_rejected,0
5,4,30,False,False,False,packet_rejected,0
5,4,31,False,False,False,packet_rejected,0
5,4,32,False,False,False,packet_rejected,0
5,4,33,False,False,False,packet_rejected,0
5,4,34,False,False,False,packet_rejected,0
5,4,35,False,False,False,packet_rejected,0
5,4,36,False,False,False,packet_rejected,0
5,4,37,False,False,False,packet_rejected,0
5,4,38,False,False,False,packet_rejected,0
5,4,39,False,False,False,packet_rejected,0
5,4,40,False,False,False,packet_rejected,0
5,4,41,False,False,False,packet_rejected,0
5,4,42,False,False,False,packet_rejected,0
5,4,43,False,False,False,packet_rejected,0
5,4,44,False,False,False,packet_rejected,0
5,4,45,False,False,False,packet_rejected,0
5,4,46,False,False,False,packet_rejected,0
5,4,47,False,False,False,packet_rejected,0
5,4,48,False,False,False,packet_rejected,0
5,4,49,False,False,False,packet_rejected,0
5,4,50,False,False,False,packet_rejected,0
5,4,51,False,False,False,packet_rejected,0
5,4,52,False,False,False,packet_rejected,0
5,4,53,False,False,False,packet_rejected,0
5,4,54,False,False,False,packet_rejected,0
5,4,55,False,False,False,packet_rejected,0
5,4,56,False,False,False,packet_rejected,0
5,4,57,False,False,False,packet_rejected,0
5,4,58,False,False,False,packet_rejected,0
5,4,59,False,False,False,packet_rejected,0
5,4,60,False,False,False,packet_rejected,0
5,4,61,False,False,False,packet_rejected,0
5,4,62,False,False,False,packet_rejected,0
5,4,63,False,False,False,packet_rejected,0
5,4,64,False,False,False,packet_rejected,0
5,4,65,False,False,False,packet_rejected,0
5,4,66,False,False,False,packet_rejected,0
5,4,67,False,False,False,packet_rejected,0
5,4,68,False,False,False,packet_rejected,0
5,4,69,False,False,False,packet_rejected,0
5,4,70,False,False,False,packet_rejected,0
5,4,71,False,False,False,packet_rejected,0
5,4,72,False,False,False,packet_rejected,0
5,4,73,False,False,False,packet_rejected,0
5,4,74,False,False,False,packet_rejected,0
5,4,75,False,False,False,packet_rejected,0
5,4,76,False,False,False,packet_rejected,0
5,4,77,False,False,False,packet_rejected,0
5,4,78,False,False,False,packet_rejected,0
5,4,79,False,False,False,packet_rejected,0
5,4,80,False,False,False,packet_rejected,0
5,4,81,False,False,False,packet_rejected,0
5,4,82,False,False,False,packet_rejected,0
5,4,83,False,False,False,packet_rejected,0
5,4,84,False,False,False,packet_rejected,0
5,4,85,False,False,False,packet_rejected,0
5,4,86,False,False,False,packet_rejected,0
5,4,87,False,False,False,packet_rejected,0
5,4,88,False,False,False,packet_rejected,0
5,4,89,False,False,False,packet_rejected,0
5,4,90,False,False,False,packet_rejected,0
5,4,91,False,False,False,packet_rejected,0
5,4,92,False,False,False,packet_rejected,0
5,4,93,False,False,False,packet_rejected,0
5,4,94,False,False,False,packet_rejected,0
5,4,95,False,False,False,packet_rejected,0
5,4,96,False,False,False,packet_rejected,0
5,4,97,False,False,False,packet_rejected,0
5,4,98,False,False,False,packet_rejected,0
5,4,99,False,False,False,packet_rejected,0
5,5,0,True,True,True,accepted,7
5,5,1,True,True,True,accepted,7
5,5,2,True,True,True,accepted,7
5,5,3,True,True,True,accepted,7
5,5,4,True,True,True,accepted,7
5,5,5,True,True,True,accepted,7
5,5,6,True,True,True,accepted,7
5,5,7,True,True,True,accepted,7
5,5,8,True,True,True,accepted,7
5,5,9,True,True,True,accepted,7
5,5,10,True,True,True,accepted,7
5,5,11,True,True,True,accepted,7
5,5,12,True,True,True,accepted,7
5,5,13,True,True,True,accepted,7
5,5,14,True,True,True,accepted,7
5,5,15,True,True,True,accepted,7
5,5,16,True,True,True,accepted,7
5,5,17,True,True,True,accepted,7
5,5,18,True,True,True,accepted,7
5,5,19,True,True,True,accepted,7
5,5,20,True,True,True,accepted,7
5,5,21,True,True,True,accepted,7
5,5,22,True,True,True,accepted,7
5,5,23,True,True,True,accepted,7
5,5,24,True,True,True,accepted,7
5,5,25,True,True,True,accepted,7
5,5,26,True,True,True,accepted,7
5,5,27,True,True,True,accepted,7
5,5,28,True,True,True,accepted,7
5,5,29,True,True,True,accepted,7
5,5,30,True,True,True,accepted,7
5,5,31,True,True,True,accepted,7
5,5,32,True,True,True,accepted,7
5,5,33,True,True,True,accepted,7
5,5,34,True,True,True,accepted,7
5,5,35,True,True,True,accepted,7
5,5,36,True,True,True,accepted,7
5,5,37,True,True,True,accepted,7
5,5,38,True,True,True,accepted,7
5,5,39,True,True,True,accepted,7
5,5,40,True,True,True,accepted,7
5,5,41,True,True,True,accepted,7
5,5,42,True,True,True,accepted,7
5,5,43,True,True,True,accepted,7
5,5,44,True,True,True,accepted,7
5,5,45,True,True,True,accepted,7
5,5,46,True,True,True,accepted,7
5,5,47,True,True,True,accepted,7
5,5,48,True,True,True,accepted,7
5,5,49,True,True,True,accepted,7
5,5,50,True,True,True,accepted,7
5,5,51,True,True,True,accepted,7
5,5,52,True,True,True,accepted,7
5,5,53,True,True,True,accepted,7
5,5,54,True,True,True,accepted,7
5,5,55,True,True,True,accepted,7
5,5,56,True,True,True,accepted,7
5,5,57,True,True,True,accepted,7
5,5,58,True,True,True,accepted,7
5,5,59,True,True,True,accepted,7
5,5,60,True,True,True,accepted,7
5,5,61,True,True,True,accepted,7
5,5,62,True,True,True,accepted,7
5,5,63,True,True,True,accepted,7
5,5,64,True,True,True,accepted,7
5,5,65,True,True,True,accepted,7
5,5,66,True,True,True,accepted,7
5,5,67,True,True,True,accepted,7
5,5,68,True,True,True,accepted,7
5,5,69,True,True,True,accepted,7
5,5,70,True,True,True,accepted,7
5,5,71,True,True,True,accepted,7
5,5,72,True,True,True,accepted,7
5,5,73,True,True,True,accepted,7
5,5,74,True,True,True,accepted,7
5,5,75,True,True,True,accepted,7
5,5,76,True,True,True,accepted,7
5,5,77,True,True,True,accepted,7
5,5,78,True,True,True,accepted,7
5,5,79,True,True,True,accepted,7
5,5,80,True,True,True,accepted,7
5,5,81,True,True,True,accepted,7
5,5,82,True,True,True,accepted,7
5,5,83,True,True,True,accepted,7
5,5,84,True,True,True,accepted,7
5,5,85,True,True,True,accepted,7
5,5,86,True,True,True,accepted,7
5,5,87,True,True,True,accepted,7
5,5,88,True,True,True,accepted,7
5,5,89,True,True,True,accepted,7
5,5,90,True,True,True,accepted,7
5,5,91,True,True,True,accepted,7
5,5,92,True,True,True,accepted,7
5,5,93,True,True,True,accepted,7
5,5,94,True,True,True,accepted,7
5,5,95,True,True,True,accepted,7
5,5,96,True,True,True,accepted,7
5,5,97,True,True,True,accepted,7
5,5,98,True,True,True,accepted,7
5,5,99,True,True,True,accepted,7
5,6,0,False,False,False,packet_rejected,0
5,6,1,False,False,False,packet_rejected,0
5,6,2,False,False,False,packet_rejected,0
5,6,3,False,False,False,packet_rejected,0
5,6,4,False,False,False,packet_rejected,0
5,6,5,False,False,False,packet_rejected,0
5,6,6,False,False,False,packet_rejected,0
5,6,7,False,False,False,packet_rejected,0
5,6,8,False,False,False,packet_rejected,0
5,6,9,False,False,False,packet_rejected,0
5,6,10,False,False,False,packet_rejected,0
5,6,11,False,False,False,packet_rejected,0
5,6,12,False,False,False,packet_rejected,0
5,6,13,False,False,False,packet_rejected,0
5,6,14,False,False,False,packet_rejected,0
5,6,15,False,False,False,packet_rejected,0
5,6,16,False,False,False,packet_rejected,0
5,6,17,False,False,False,packet_rejected,0
5,6,18,False,False,False,packet_rejected,0
5,6,19,False,False,False,packet_rejected,0
5,6,20,False,False,False,packet_rejected,0
5,6,21,False,False,False,packet_rejected,0
5,6,22,False,False,False,packet_rejected,0
5,6,23,False,False,False,packet_rejected,0
5,6,24,False,False,False,packet_rejected,0
5,6,25,False,False,False,packet_rejected,0
5,6,26,False,False,False,packet_rejected,0
5,6,27,False,False,False,packet_rejected,0
5,6,28,False,False,False,packet_rejected,0
5,6,29,False,False,False,packet_rejected,0
5,6,30,False,False,False,packet_rejected,0
5,6,31,False,False,False,packet_rejected,0
5,6,32,False,False,False,packet_rejected,0
5,6,33,False,False,False,packet_rejected,0
5,6,34,False,False,False,packet_rejected,0
5,6,35,False,False,False,packet_rejected,0
5,6,36,False,False,False,packet_rejected,0
5,6,37,False,False,False,packet_rejected,0
5,6,38,False,False,False,packet_rejected,0
5,6,39,False,False,False,packet_rejected,0
5,6,40,False,False,False,packet_rejected,0
5,6,41,False,False,False,packet_rejected,0
5,6,42,False,False,False,packet_rejected,0
5,6,43,False,False,False,packet_rejected,0
5,6,44,False,False,False,packet_rejected,0
5,6,45,False,False,False,packet_rejected,0
5,6,46,False,False,False,packet_rejected,0
5,6,47,False,False,False,packet_rejected,0
5,6,48,False,False,False,packet_rejected,0
5,6,49,False,False,False,packet_rejected,0
5,6,50,False,False,False,packet_rejected,0
5,6,51,False,False,False,packet_rejected,0
5,6,52,False,False,False,packet_rejected,0
5,6,53,False,False,False,packet_rejected,0
5,6,54,False,False,False,packet_rejected,0
5,6,55,False,False,False,packet_rejected,0
5,6,56,False,False,False,packet_rejected,0
5,6,57,False,False,False,packet_rejected,0
5,6,58,False,False,False,packet_rejected,0
5,6,59,False,False,False,packet_rejected,0
5,6,60,False,False,False,packet_rejected,0
5,6,61,False,False,False,packet_rejected,0
5,6,62,False,False,False,packet_rejected,0
5,6,63,False,False,False,packet_rejected,0
5,6,64,False,False,False,packet_rejected,0
5,6,65,False,False,False,packet_rejected,0
5,6,66,False,False,False,packet_rejected,0
5,6,67,False,False,False,packet_rejected,0
5,6,68,False,False,False,packet_rejected,0
5,6,69,False,False,False,packet_rejected,0
5,6,70,False,False,False,packet_rejected,0
5,6,71,False,False,False,packet_rejected,0
5,6,72,False,False,False,packet_rejected,0
5,6,73,False,False,False,packet_rejected,0
5,6,74,False,False,False,packet_rejected,0
5,6,75,False,False,False,packet_rejected,0
5,6,76,False,False,False,packet_rejected,0
5,6,77,False,False,False,packet_rejected,0
5,6,78,False,False,False,packet_rejected,0
5,6,79,False,False,False,packet_rejected,0
5,6,80,False,False,False,packet_rejected,0
5,6,81,False,False,False,packet_rejected,0
5,6,82,False,False,False,packet_rejected,0
5,6,83,False,False,False,packet_rejected,0
5,6,84,False,False,False,packet_rejected,0
5,6,85,False,False,False,packet_rejected,0
5,6,86,False,False,False,packet_rejected,0
5,6,87,False,False,False,packet_rejected,0
5,6,88,False,False,False,packet_rejected,0
5,6,89,False,False,False,packet_rejected,0
5,6,90,False,False,False,packet_rejected,0
5,6,91,False,False,False,packet_rejected,0
5,6,92,False,False,False,packet_rejected,0
5,6,93,False,False,False,packet_rejected,0
5,6,94,False,False,False,packet_rejected,0
5,6,95,False,False,False,packet_rejected,0
5,6,96,False,False,False,packet_rejected,0
5,6,97,False,False,False,packet_rejected,0
5,6,98,False,False,False,packet_rejected,0
5,6,99,False,False,False,packet_rejected,0
5,7,0,False,False,False,packet_rejected,0
5,7,1,False,False,False,packet_rejected,0
5,7,2,False,False,False,packet_rejected,0
5,7,3,False,False,False,packet_rejected,0
5,7,4,False,False,False,packet_rejected,0
5,7,5,False,False,False,packet_rejected,0
5,7,6,False,False,False,packet_rejected,0
5,7,7,False,False,False,packet_rejected,0
5,7,8,False,False,False,packet_rejected,0
5,7,9,False,False,False,packet_rejected,0
5,7,10,False,False,False,packet_rejected,0
5,7,11,False,False,False,packet_rejected,0
5,7,12,False,False,False,packet_rejected,0
5,7,13,False,False,False,packet_rejected,0
5,7,14,False,False,False,packet_rejected,0
5,7,15,False,False,False,packet_rejected,0
5,7,16,False,False,False,packet_rejected,0
5,7,17,False,False,False,packet_rejected,0
5,7,18,False,False,False,packet_rejected,0
5,7,19,False,False,False,packet_rejected,0
5,7,20,False,False,False,packet_rejected,0
5,7,21,False,False,False,packet_rejected,0
5,7,22,False,False,False,packet_rejected,0
5,7,23,False,False,False,packet_rejected,0
5,7,24,False,False,False,packet_rejected,0
5,7,25,False,False,False,packet_rejected,0
5,7,26,False,False,False,packet_rejected,0
5,7,27,False,False,False,packet_rejected,0
5,7,28,False,False,False,packet_rejected,0
5,7,29,False,False,False,packet_rejected,0
5,7,30,False,False,False,packet_rejected,0
5,7,31,False,False,False,packet_rejected,0
5,7,32,False,False,False,packet_rejected,0
5,7,33,False,False,False,packet_rejected,0
5,7,34,False,False,False,packet_rejected,0
5,7,35,False,False,False,packet_rejected,0
5,7,36,False,False,False,packet_rejected,0
5,7,37,False,False,False,packet_rejected,0
5,7,38,False,False,False,packet_rejected,0
5,7,39,False,False,False,packet_rejected,0
5,7,40,False,False,False,packet_rejected,0
5,7,41,False,False,False,packet_rejected,0
5,7,42,False,False,False,packet_rejected,0
5,7,43,False,False,False,packet_rejected,0
5,7,44,False,False,False,packet_rejected,0
5,7,45,False,False,False,packet_rejected,0
5,7,46,False,False,False,packet_rejected,0
5,7,47,False,False,False,packet_rejected,0
5,7,48,False,False,False,packet_rejected,0
5,7,49,False,False,False,packet_rejected,0
5,7,50,False,False,False,packet_rejected,0
5,7,51,False,False,False,packet_rejected,0
5,7,52,False,False,False,packet_rejected,0
5,7,53,False,False,False,packet_rejected,0
5,7,54,False,False,False,packet_rejected,0
5,7,55,False,False,False,packet_rejected,0
5,7,56,False,False,False,packet_rejected,0
5,7,57,False,False,False,packet_rejected,0
5,7,58,False,False,False,packet_rejected,0
5,7,59,False,False,False,packet_rejected,0
5,7,60,False,False,False,packet_rejected,0
5,7,61,False,False,False,packet_rejected,0
5,7,62,False,False,False,packet_rejected,0
5,7,63,False,False,False,packet_rejected,0
5,7,64,False,False,False,packet_rejected,0
5,7,65,False,False,False,packet_rejected,0
5,7,66,False,False,False,packet_rejected,0
5,7,67,False,False,False,packet_rejected,0
5,7,68,False,False,False,packet_rejected,0
5,7,69,False,False,False,packet_rejected,0
5,7,70,False,False,False,packet_rejected,0
5,7,71,False,False,False,packet_rejected,0
5,7,72,False,False,False,packet_rejected,0
5,7,73,False,False,False,packet_rejected,0
5,7,74,False,False,False,packet_rejected,0
5,7,75,False,False,False,packet_rejected,0
5,7,76,False,False,False,packet_rejected,0
5,7,77,False,False,False,packet_rejected,0
5,7,78,False,False,False,packet_rejected,0
5,7,79,False,False,False,packet_rejected,0
5,7,80,False,False,False,packet_rejected,0
5,7,81,False,False,False,packet_rejected,0
5,7,82,False,False,False,packet_rejected,0
5,7,83,False,False,False,packet_rejected,0
5,7,84,False,False,False,packet_rejected,0
5,7,85,False,False,False,packet_rejected,0
5,7,86,False,False,False,packet_rejected,0
5,7,87,False,False,False,packet_rejected,0
5,7,88,False,False,False,packet_rejected,0
5,7,89,False,False,False,packet_rejected,0
5,7,90,False,False,False,packet_rejected,0
5,7,91,False,False,False,packet_rejected,0
5,7,92,False,False,False,packet_rejected,0
5,7,93,False,False,False,packet_rejected,0
5,7,94,False,False,False,packet_rejected,0
5,7,95,False,False,False,packet_rejected,0
5,7,96,False,False,False,packet_rejected,0
5,7,97,False,False,False,packet_rejected,0
5,7,98,False,False,False,packet_rejected,0
5,7,99,False,False,False,packet_rejected,0
5,8,0,False,False,False,packet_rejected,0
5,8,1,False,False,False,packet_rejected,0
5,8,2,False,False,False,packet_rejected,0
5,8,3,False,False,False,packet_rejected,0
5,8,4,False,False,False,packet_rejected,0
5,8,5,False,False,False,packet_rejected,0
5,8,6,False,False,False,packet_rejected,0
5,8,7,False,False,False,packet_rejected,0
5,8,8,False,False,False,packet_rejected,0
5,8,9,False,False,False,packet_rejected,0
5,8,10,False,False,False,packet_rejected,0
5,8,11,False,False,False,packet_rejected,0
5,8,12,False,False,False,packet_rejected,0
5,8,13,False,False,False,packet_rejected,0
5,8,14,False,False,False,packet_rejected,0
5,8,15,False,False,False,packet_rejected,0
5,8,16,False,False,False,packet_rejected,0
5,8,17,False,False,False,packet_rejected,0
5,8,18,False,False,False,packet_rejected,0
5,8,19,False,False,False,packet_rejected,0
5,8,20,False,False,False,packet_rejected,0
5,8,21,False,False,False,packet_rejected,0
5,8,22,False,False,False,packet_rejected,0
5,8,23,False,False,False,packet_rejected,0
5,8,24,False,False,False,packet_rejected,0
5,8,25,False,False,False,packet_rejected,0
5,8,26,False,False,False,packet_rejected,0
5,8,27,False,False,False,packet_rejected,0
5,8,28,False,False,False,packet_rejected,0
5,8,29,False,False,False,packet_rejected,0
5,8,30,False,False,False,packet_rejected,0
5,8,31,False,False,False,packet_rejected,0
5,8,32,False,False,False,packet_rejected,0
5,8,33,False,False,False,packet_rejected,0
5,8,34,False,False,False,packet_rejected,0
5,8,35,False,False,False,packet_rejected,0
5,8,36,False,False,False,packet_rejected,0
5,8,37,False,False,False,packet_rejected,0
5,8,38,False,False,False,packet_rejected,0
5,8,39,False,False,False,packet_rejected,0
5,8,40,False,False,False,packet_rejected,0
5,8,41,False,False,False,packet_rejected,0
5,8,42,False,False,False,packet_rejected,0
5,8,43,False,False,False,packet_rejected,0
5,8,44,False,False,False,packet_rejected,0
5,8,45,False,False,False,packet_rejected,0
5,8,46,False,False,False,packet_rejected,0
5,8,47,False,False,False,packet_rejected,0
5,8,48,False,False,False,packet_rejected,0
5,8,49,False,False,False,packet_rejected,0
5,8,50,False,False,False,packet_rejected,0
5,8,51,False,False,False,packet_rejected,0
5,8,52,False,False,False,packet_rejected,0
5,8,53,False,False,False,packet_rejected,0
5,8,54,False,False,False,packet_rejected,0
5,8,55,False,False,False,packet_rejected,0
5,8,56,False,False,False,packet_rejected,0
5,8,57,False,False,False,packet_rejected,0
5,8,58,False,False,False,packet_rejected,0
5,8,59,False,False,False,packet_rejected,0
5,8,60,False,False,False,packet_rejected,0
5,8,61,False,False,False,packet_rejected,0
5,8,62,False,False,False,packet_rejected,0
5,8,63,False,False,False,packet_rejected,0
5,8,64,False,False,False,packet_rejected,0
5,8,65,False,False,False,packet_rejected,0
5,8,66,False,False,False,packet_rejected,0
5,8,67,False,False,False,packet_rejected,0
5,8,68,False,False,False,packet_rejected,0
5,8,69,False,False,False,packet_rejected,0
5,8,70,False,False,False,packet_rejected,0
5,8,71,False,False,False,packet_rejected,0
5,8,72,False,False,False,packet_rejected,0
5,8,73,False,False,False,packet_rejected,0
5,8,74,False,False,False,packet_rejected,0
5,8,75,False,False,False,packet_rejected,0
5,8,76,False,False,False,packet_rejected,0
5,8,77,False,False,False,packet_rejected,0
5,8,78,False,False,False,packet_rejected,0
5,8,79,False,False,False,packet_rejected,0
5,8,80,False,False,False,packet_rejected,0
5,8,81,False,False,False,packet_rejected,0
5,8,82,False,False,False,packet_rejected,0
5,8,83,False,False,False,packet_rejected,0
5,8,84,False,False,False,packet_rejected,0
5,8,85,False,False,False,packet_rejected,0
5,8,86,False,False,False,packet_rejected,0
5,8,87,False,False,False,packet_rejected,0
5,8,88,False,False,False,packet_rejected,0
5,8,89,False,False,False,packet_rejected,0
5,8,90,False,False,False,packet_rejected,0
5,8,91,False,False,False,packet_rejected,0
5,8,92,False,False,False,packet_rejected,0
5,8,93,False,False,False,packet_rejected,0
5,8,94,False,False,False,packet_rejected,0
5,8,95,False,False,False,packet_rejected,0
5,8,96,False,False,False,packet_rejected,0
5,8,97,False,False,False,packet_rejected,0
5,8,98,False,False,False,packet_rejected,0
5,8,99,False,False,False,packet_rejected,0
6,0,0,False,False,False,packet_rejected,0
6,0,1,False,False,False,packet_rejected,0
6,0,2,False,False,False,packet_rejected,0
6,0,3,False,False,False,packet_rejected,0
6,0,4,False,False,False,packet_rejected,0
6,0,5,False,False,False,packet_rejected,0
6,0,6,False,False,False,packet_rejected,0
6,0,7,False,False,False,packet_rejected,0
6,0,8,False,False,False,packet_rejected,0
6,0,9,False,False,False,packet_rejected,0
6,0,10,False,False,False,packet_rejected,0
6,0,11,False,False,False,packet_rejected,0
6,0,12,False,False,False,packet_rejected,0
6,0,13,False,False,False,packet_rejected,0
6,0,14,False,False,False,packet_rejected,0
6,0,15,False,False,False,packet_rejected,0
6,0,16,False,False,False,packet_rejected,0
6,0,17,False,False,False,packet_rejected,0
6,0,18,False,False,False,packet_rejected,0
6,0,19,False,False,False,packet_rejected,0
6,0,20,False,False,False,packet_rejected,0
6,0,21,False,False,False,packet_rejected,0
6,0,22,False,False,False,packet_rejected,0
6,0,23,False,False,False,packet_rejected,0
6,0,24,False,False,False,packet_rejected,0
6,0,25,False,False,False,packet_rejected,0
6,0,26,False,False,False,packet_rejected,0
6,0,27,False,False,False,packet_rejected,0
6,0,28,False,False,False,packet_rejected,0
6,0,29,False,False,False,packet_rejected,0
6,0,30,False,False,False,packet_rejected,0
6,0,31,False,False,False,packet_rejected,0
6,0,32,False,False,False,packet_rejected,0
6,0,33,False,False,False,packet_rejected,0
6,0,34,False,False,False,packet_rejected,0
6,0,35,False,False,False,packet_rejected,0
6,0,36,False,False,False,packet_rejected,0
6,0,37,False,False,False,packet_rejected,0
6,0,38,False,False,False,packet_rejected,0
6,0,39,False,False,False,packet_rejected,0
6,0,40,False,False,False,packet_rejected,0
6,0,41,False,False,False,packet_rejected,0
6,0,42,False,False,False,packet_rejected,0
6,0,43,False,False,False,packet_rejected,0
6,0,44,False,False,False,packet_rejected,0
6,0,45,False,False,False,packet_rejected,0
6,0,46,False,False,False,packet_rejected,0
6,0,47,False,False,False,packet_rejected,0
6,0,48,False,False,False,packet_rejected,0
6,0,49,False,False,False,packet_rejected,0
6,0,50,False,False,False,packet_rejected,0
6,0,51,False,False,False,packet_rejected,0
6,0,52,False,False,False,packet_rejected,0
6,0,53,False,False,False,packet_rejected,0
6,0,54,False,False,False,packet_rejected,0
6,0,55,False,False,False,packet_rejected,0
6,0,56,False,False,False,packet_rejected,0
6,0,57,False,False,False,packet_rejected,0
6,0,58,False,False,False,packet_rejected,0
6,0,59,False,False,False,packet_rejected,0
6,0,60,False,False,False,packet_rejected,0
6,0,61,False,False,False,packet_rejected,0
6,0,62,False,False,False,packet_rejected,0
6,0,63,False,False,False,packet_rejected,0
6,0,64,False,False,False,packet_rejected,0
6,0,65,False,False,False,packet_rejected,0
6,0,66,False,False,False,packet_rejected,0
6,0,67,False,False,False,packet_rejected,0
6,0,68,False,False,False,packet_rejected,0
6,0,69,False,False,False,packet_rejected,0
6,0,70,False,False,False,packet_rejected,0
6,0,71,False,False,False,packet_rejected,0
6,0,72,False,False,False,packet_rejected,0
6,0,73,False,False,False,packet_rejected,0
6,0,74,False,False,False,packet_rejected,0
6,0,75,False,False,False,packet_rejected,0
6,0,76,False,False,False,packet_rejected,0
6,0,77,False,False,False,packet_rejected,0
6,0,78,False,False,False,packet_rejected,0
6,0,79,False,False,False,packet_rejected,0
6,0,80,False,False,False,packet_rejected,0
6,0,81,False,False,False,packet_rejected,0
6,0,82,False,False,False,packet_rejected,0
6,0,83,False,False,False,packet_rejected,0
6,0,84,False,False,False,packet_rejected,0
6,0,85,False,False,False,packet_rejected,0
6,0,86,False,False,False,packet_rejected,0
6,0,87,False,False,False,packet_rejected,0
6,0,88,False,False,False,packet_rejected,0
6,0,89,False,False,False,packet_rejected,0
6,0,90,False,False,False,packet_rejected,0
6,0,91,False,False,False,packet_rejected,0
6,0,92,False,False,False,packet_rejected,0
6,0,93,False,False,False,packet_rejected,0
6,0,94,False,False,False,packet_rejected,0
6,0,95,False,False,False,packet_rejected,0
6,0,96,False,False,False,packet_rejected,0
6,0,97,False,False,False,packet_rejected,0
6,0,98,False,False,False,packet_rejected,0
6,0,99,False,False,False,packet_rejected,0
6,1,0,False,False,False,packet_rejected,0
6,1,1,False,False,False,packet_rejected,0
6,1,2,False,False,False,packet_rejected,0
6,1,3,False,False,False,packet_rejected,0
6,1,4,False,False,False,packet_rejected,0
6,1,5,False,False,False,packet_rejected,0
6,1,6,False,False,False,packet_rejected,0
6,1,7,False,False,False,packet_rejected,0
6,1,8,False,False,False,packet_rejected,0
6,1,9,False,False,False,packet_rejected,0
6,1,10,False,False,False,packet_rejected,0
6,1,11,False,False,False,packet_rejected,0
6,1,12,False,False,False,packet_rejected,0
6,1,13,False,False,False,packet_rejected,0
6,1,14,False,False,False,packet_rejected,0
6,1,15,False,False,False,packet_rejected,0
6,1,16,False,False,False,packet_rejected,0
6,1,17,False,False,False,packet_rejected,0
6,1,18,False,False,False,packet_rejected,0
6,1,19,False,False,False,packet_rejected,0
6,1,20,False,False,False,packet_rejected,0
6,1,21,False,False,False,packet_rejected,0
6,1,22,False,False,False,packet_rejected,0
6,1,23,False,False,False,packet_rejected,0
6,1,24,False,False,False,packet_rejected,0
6,1,25,False,False,False,packet_rejected,0
6,1,26,False,False,False,packet_rejected,0
6,1,27,False,False,False,packet_rejected,0
6,1,28,False,False,False,packet_rejected,0
6,1,29,False,False,False,packet_rejected,0
6,1,30,False,False,False,packet_rejected,0
6,1,31,False,False,False,packet_rejected,0
6,1,32,False,False,False,packet_rejected,0
6,1,33,False,False,False,packet_rejected,0
6,1,34,False,False,False,packet_rejected,0
6,1,35,False,False,False,packet_rejected,0
6,1,36,False,False,False,packet_rejected,0
6,1,37,False,False,False,packet_rejected,0
6,1,38,False,False,False,packet_rejected,0
6,1,39,False,False,False,packet_rejected,0
6,1,40,False,False,False,packet_rejected,0
6,1,41,False,False,False,packet_rejected,0
6,1,42,False,False,False,packet_rejected,0
6,1,43,False,False,False,packet_rejected,0
6,1,44,False,False,False,packet_rejected,0
6,1,45,False,False,False,packet_rejected,0
6,1,46,False,False,False,packet_rejected,0
6,1,47,False,False,False,packet_rejected,0
6,1,48,False,False,False,packet_rejected,0
6,1,49,False,False,False,packet_rejected,0
6,1,50,False,False,False,packet_rejected,0
6,1,51,False,False,False,packet_rejected,0
6,1,52,False,False,False,packet_rejected,0
6,1,53,False,False,False,packet_rejected,0
6,1,54,False,False,False,packet_rejected,0
6,1,55,False,False,False,packet_rejected,0
6,1,56,False,False,False,packet_rejected,0
6,1,57,False,False,False,packet_rejected,0
6,1,58,False,False,False,packet_rejected,0
6,1,59,False,False,False,packet_rejected,0
6,1,60,False,False,False,packet_rejected,0
6,1,61,False,False,False,packet_rejected,0
6,1,62,False,False,False,packet_rejected,0
6,1,63,False,False,False,packet_rejected,0
6,1,64,False,False,False,packet_rejected,0
6,1,65,False,False,False,packet_rejected,0
6,1,66,False,False,False,packet_rejected,0
6,1,67,False,False,False,packet_rejected,0
6,1,68,False,False,False,packet_rejected,0
6,1,69,False,False,False,packet_rejected,0
6,1,70,False,False,False,packet_rejected,0
6,1,71,False,False,False,packet_rejected,0
6,1,72,False,False,False,packet_rejected,0
6,1,73,False,False,False,packet_rejected,0
6,1,74,False,False,False,packet_rejected,0
6,1,75,False,False,False,packet_rejected,0
6,1,76,False,False,False,packet_rejected,0
6,1,77,False,False,False,packet_rejected,0
6,1,78,False,False,False,packet_rejected,0
6,1,79,False,False,False,packet_rejected,0
6,1,80,False,False,False,packet_rejected,0
6,1,81,False,False,False,packet_rejected,0
6,1,82,False,False,False,packet_rejected,0
6,1,83,False,False,False,packet_rejected,0
6,1,84,False,False,False,packet_rejected,0
6,1,85,False,False,False,packet_rejected,0
6,1,86,False,False,False,packet_rejected,0
6,1,87,False,False,False,packet_rejected,0
6,1,88,False,False,False,packet_rejected,0
6,1,89,False,False,False,packet_rejected,0
6,1,90,False,False,False,packet_rejected,0
6,1,91,False,False,False,packet_rejected,0
6,1,92,False,False,False,packet_rejected,0
6,1,93,False,False,False,packet_rejected,0
6,1,94,False,False,False,packet_rejected,0
6,1,95,False,False,False,packet_rejected,0
6,1,96,False,False,False,packet_rejected,0
6,1,97,False,False,False,packet_rejected,0
6,1,98,False,False,False,packet_rejected,0
6,1,99,False,False,False,packet_rejected,0
6,2,0,False,False,False,packet_rejected,0
6,2,1,False,False,False,packet_rejected,0
6,2,2,False,False,False,packet_rejected,0
6,2,3,False,False,False,packet_rejected,0
6,2,4,False,False,False,packet_rejected,0
6,2,5,False,False,False,packet_rejected,0
6,2,6,False,False,False,packet_rejected,0
6,2,7,False,False,False,packet_rejected,0
6,2,8,False,False,False,packet_rejected,0
6,2,9,False,False,False,packet_rejected,0
6,2,10,False,False,False,packet_rejected,0
6,2,11,False,False,False,packet_rejected,0
6,2,12,False,False,False,packet_rejected,0
6,2,13,False,False,False,packet_rejected,0
6,2,14,False,False,False,packet_rejected,0
6,2,15,False,False,False,packet_rejected,0
6,2,16,False,False,False,packet_rejected,0
6,2,17,False,False,False,packet_rejected,0
6,2,18,False,False,False,packet_rejected,0
6,2,19,False,False,False,packet_rejected,0
6,2,20,False,False,False,packet_rejected,0
6,2,21,False,False,False,packet_rejected,0
6,2,22,False,False,False,packet_rejected,0
6,2,23,False,False,False,packet_rejected,0
6,2,24,False,False,False,packet_rejected,0
6,2,25,False,False,False,packet_rejected,0
6,2,26,False,False,False,packet_rejected,0
6,2,27,False,False,False,packet_rejected,0
6,2,28,False,False,False,packet_rejected,0
6,2,29,False,False,False,packet_rejected,0
6,2,30,False,False,False,packet_rejected,0
6,2,31,False,False,False,packet_rejected,0
6,2,32,False,False,False,packet_rejected,0
6,2,33,False,False,False,packet_rejected,0
6,2,34,False,False,False,packet_rejected,0
6,2,35,False,False,False,packet_rejected,0
6,2,36,False,False,False,packet_rejected,0
6,2,37,False,False,False,packet_rejected,0
6,2,38,False,False,False,packet_rejected,0
6,2,39,False,False,False,packet_rejected,0
6,2,40,False,False,False,packet_rejected,0
6,2,41,False,False,False,packet_rejected,0
6,2,42,False,False,False,packet_rejected,0
6,2,43,False,False,False,packet_rejected,0
6,2,44,False,False,False,packet_rejected,0
6,2,45,False,False,False,packet_rejected,0
6,2,46,False,False,False,packet_rejected,0
6,2,47,False,False,False,packet_rejected,0
6,2,48,False,False,False,packet_rejected,0
6,2,49,False,False,False,packet_rejected,0
6,2,50,False,False,False,packet_rejected,0
6,2,51,False,False,False,packet_rejected,0
6,2,52,False,False,False,packet_rejected,0
6,2,53,False,False,False,packet_rejected,0
6,2,54,False,False,False,packet_rejected,0
6,2,55,False,False,False,packet_rejected,0
6,2,56,False,False,False,packet_rejected,0
6,2,57,False,False,False,packet_rejected,0
6,2,58,False,False,False,packet_rejected,0
6,2,59,False,False,False,packet_rejected,0
6,2,60,False,False,False,packet_rejected,0
6,2,61,False,False,False,packet_rejected,0
6,2,62,False,False,False,packet_rejected,0
6,2,63,False,False,False,packet_rejected,0
6,2,64,False,False,False,packet_rejected,0
6,2,65,False,False,False,packet_rejected,0
6,2,66,False,False,False,packet_rejected,0
6,2,67,False,False,False,packet_rejected,0
6,2,68,False,False,False,packet_rejected,0
6,2,69,False,False,False,packet_rejected,0
6,2,70,False,False,False,packet_rejected,0
6,2,71,False,False,False,packet_rejected,0
6,2,72,False,False,False,packet_rejected,0
6,2,73,False,False,False,packet_rejected,0
6,2,74,False,False,False,packet_rejected,0
6,2,75,False,False,False,packet_rejected,0
6,2,76,False,False,False,packet_rejected,0
6,2,77,False,False,False,packet_rejected,0
6,2,78,False,False,False,packet_rejected,0
6,2,79,False,False,False,packet_rejected,0
6,2,80,False,False,False,packet_rejected,0
6,2,81,False,False,False,packet_rejected,0
6,2,82,False,False,False,packet_rejected,0
6,2,83,False,False,False,packet_rejected,0
6,2,84,False,False,False,packet_rejected,0
6,2,85,False,False,False,packet_rejected,0
6,2,86,False,False,False,packet_rejected,0
6,2,87,False,False,False,packet_rejected,0
6,2,88,False,False,False,packet_rejected,0
6,2,89,False,False,False,packet_rejected,0
6,2,90,False,False,False,packet_rejected,0
6,2,91,False,False,False,packet_rejected,0
6,2,92,False,False,False,packet_rejected,0
6,2,93,False,False,False,packet_rejected,0
6,2,94,False,False,False,packet_rejected,0
6,2,95,False,False,False,packet_rejected,0
6,2,96,False,False,False,packet_rejected,0
6,2,97,False,False,False,packet_rejected,0
6,2,98,False,False,False,packet_rejected,0
6,2,99,False,False,False,packet_rejected,0
6,3,0,False,False,False,packet_rejected,0
6,3,1,False,False,False,packet_rejected,0
6,3,2,False,False,False,packet_rejected,0
6,3,3,False,False,False,packet_rejected,0
6,3,4,False,False,False,packet_rejected,0
6,3,5,False,False,False,packet_rejected,0
6,3,6,False,False,False,packet_rejected,0
6,3,7,False,False,False,packet_rejected,0
6,3,8,False,False,False,packet_rejected,0
6,3,9,False,False,False,packet_rejected,0
6,3,10,False,False,False,packet_rejected,0
6,3,11,False,False,False,packet_rejected,0
6,3,12,False,False,False,packet_rejected,0
6,3,13,False,False,False,packet_rejected,0
6,3,14,False,False,False,packet_rejected,0
6,3,15,False,False,False,packet_rejected,0
6,3,16,False,False,False,packet_rejected,0
6,3,17,False,False,False,packet_rejected,0
6,3,18,False,False,False,packet_rejected,0
6,3,19,False,False,False,packet_rejected,0
6,3,20,False,False,False,packet_rejected,0
6,3,21,False,False,False,packet_rejected,0
6,3,22,False,False,False,packet_rejected,0
6,3,23,False,False,False,packet_rejected,0
6,3,24,False,False,False,packet_rejected,0
6,3,25,False,False,False,packet_rejected,0
6,3,26,False,False,False,packet_rejected,0
6,3,27,False,False,False,packet_rejected,0
6,3,28,False,False,False,packet_rejected,0
6,3,29,False,False,False,packet_rejected,0
6,3,30,False,False,False,packet_rejected,0
6,3,31,False,False,False,packet_rejected,0
6,3,32,False,False,False,packet_rejected,0
6,3,33,False,False,False,packet_rejected,0
6,3,34,False,False,False,packet_rejected,0
6,3,35,False,False,False,packet_rejected,0
6,3,36,False,False,False,packet_rejected,0
6,3,37,False,False,False,packet_rejected,0
6,3,38,False,False,False,packet_rejected,0
6,3,39,False,False,False,packet_rejected,0
6,3,40,False,False,False,packet_rejected,0
6,3,41,False,False,False,packet_rejected,0
6,3,42,False,False,False,packet_rejected,0
6,3,43,False,False,False,packet_rejected,0
6,3,44,False,False,False,packet_rejected,0
6,3,45,False,False,False,packet_rejected,0
6,3,46,False,False,False,packet_rejected,0
6,3,47,False,False,False,packet_rejected,0
6,3,48,False,False,False,packet_rejected,0
6,3,49,False,False,False,packet_rejected,0
6,3,50,False,False,False,packet_rejected,0
6,3,51,False,False,False,packet_rejected,0
6,3,52,False,False,False,packet_rejected,0
6,3,53,False,False,False,packet_rejected,0
6,3,54,False,False,False,packet_rejected,0
6,3,55,False,False,False,packet_rejected,0
6,3,56,False,False,False,packet_rejected,0
6,3,57,False,False,False,packet_rejected,0
6,3,58,False,False,False,packet_rejected,0
6,3,59,False,False,False,packet_rejected,0
6,3,60,False,False,False,packet_rejected,0
6,3,61,False,False,False,packet_rejected,0
6,3,62,False,False,False,packet_rejected,0
6,3,63,False,False,False,packet_rejected,0
6,3,64,False,False,False,packet_rejected,0
6,3,65,False,False,False,packet_rejected,0
6,3,66,False,False,False,packet_rejected,0
6,3,67,False,False,False,packet_rejected,0
6,3,68,False,False,False,packet_rejected,0
6,3,69,False,False,False,packet_rejected,0
6,3,70,False,False,False,packet_rejected,0
6,3,71,False,False,False,packet_rejected,0
6,3,72,False,False,False,packet_rejected,0
6,3,73,False,False,False,packet_rejected,0
6,3,74,False,False,False,packet_rejected,0
6,3,75,False,False,False,packet_rejected,0
6,3,76,False,False,False,packet_rejected,0
6,3,77,False,False,False,packet_rejected,0
6,3,78,False,False,False,packet_rejected,0
6,3,79,False,False,False,packet_rejected,0
6,3,80,False,False,False,packet_rejected,0
6,3,81,False,False,False,packet_rejected,0
6,3,82,False,False,False,packet_rejected,0
6,3,83,False,False,False,packet_rejected,0
6,3,84,False,False,False,packet_rejected,0
6,3,85,False,False,False,packet_rejected,0
6,3,86,False,False,False,packet_rejected,0
6,3,87,False,False,False,packet_rejected,0
6,3,88,False,False,False,packet_rejected,0
6,3,89,False,False,False,packet_rejected,0
6,3,90,False,False,False,packet_rejected,0
6,3,91,False,False,False,packet_rejected,0
6,3,92,False,False,False,packet_rejected,0
6,3,93,False,False,False,packet_rejected,0
6,3,94,False,False,False,packet_rejected,0
6,3,95,False,False,False,packet_rejected,0
6,3,96,False,False,False,packet_rejected,0
6,3,97,False,False,False,packet_rejected,0
6,3,98,False,False,False,packet_rejected,0
6,3,99,False,False,False,packet_rejected,0
6,4,0,False,False,False,packet_rejected,0
6,4,1,False,False,False,packet_rejected,0
6,4,2,False,False,False,packet_rejected,0
6,4,3,False,False,False,packet_rejected,0
6,4,4,False,False,False,packet_rejected,0
6,4,5,False,False,False,packet_rejected,0
6,4,6,False,False,False,packet_rejected,0
6,4,7,False,False,False,packet_rejected,0
6,4,8,False,False,False,packet_rejected,0
6,4,9,False,False,False,packet_rejected,0
6,4,10,False,False,False,packet_rejected,0
6,4,11,False,False,False,packet_rejected,0
6,4,12,False,False,False,packet_rejected,0
6,4,13,False,False,False,packet_rejected,0
6,4,14,False,False,False,packet_rejected,0
6,4,15,False,False,False,packet_rejected,0
6,4,16,False,False,False,packet_rejected,0
6,4,17,False,False,False,packet_rejected,0
6,4,18,False,False,False,packet_rejected,0
6,4,19,False,False,False,packet_rejected,0
6,4,20,False,False,False,packet_rejected,0
6,4,21,False,False,False,packet_rejected,0
6,4,22,False,False,False,packet_rejected,0
6,4,23,False,False,False,packet_rejected,0
6,4,24,False,False,False,packet_rejected,0
6,4,25,False,False,False,packet_rejected,0
6,4,26,False,False,False,packet_rejected,0
6,4,27,False,False,False,packet_rejected,0
6,4,28,False,False,False,packet_rejected,0
6,4,29,False,False,False,packet_rejected,0
6,4,30,False,False,False,packet_rejected,0
6,4,31,False,False,False,packet_rejected,0
6,4,32,False,False,False,packet_rejected,0
6,4,33,False,False,False,packet_rejected,0
6,4,34,False,False,False,packet_rejected,0
6,4,35,False,False,False,packet_rejected,0
6,4,36,False,False,False,packet_rejected,0
6,4,37,False,False,False,packet_rejected,0
6,4,38,False,False,False,packet_rejected,0
6,4,39,False,False,False,packet_rejected,0
6,4,40,False,False,False,packet_rejected,0
6,4,41,False,False,False,packet_rejected,0
6,4,42,False,False,False,packet_rejected,0
6,4,43,False,False,False,packet_rejected,0
6,4,44,False,False,False,packet_rejected,0
6,4,45,False,False,False,packet_rejected,0
6,4,46,False,False,False,packet_rejected,0
6,4,47,False,False,False,packet_rejected,0
6,4,48,False,False,False,packet_rejected,0
6,4,49,False,False,False,packet_rejected,0
6,4,50,False,False,False,packet_rejected,0
6,4,51,False,False,False,packet_rejected,0
6,4,52,False,False,False,packet_rejected,0
6,4,53,False,False,False,packet_rejected,0
6,4,54,False,False,False,packet_rejected,0
6,4,55,False,False,False,packet_rejected,0
6,4,56,False,False,False,packet_rejected,0
6,4,57,False,False,False,packet_rejected,0
6,4,58,False,False,False,packet_rejected,0
6,4,59,False,False,False,packet_rejected,0
6,4,60,False,False,False,packet_rejected,0
6,4,61,False,False,False,packet_rejected,0
6,4,62,False,False,False,packet_rejected,0
6,4,63,False,False,False,packet_rejected,0
6,4,64,False,False,False,packet_rejected,0
6,4,65,False,False,False,packet_rejected,0
6,4,66,False,False,False,packet_rejected,0
6,4,67,False,False,False,packet_rejected,0
6,4,68,False,False,False,packet_rejected,0
6,4,69,False,False,False,packet_rejected,0
6,4,70,False,False,False,packet_rejected,0
6,4,71,False,False,False,packet_rejected,0
6,4,72,False,False,False,packet_rejected,0
6,4,73,False,False,False,packet_rejected,0
6,4,74,False,False,False,packet_rejected,0
6,4,75,False,False,False,packet_rejected,0
6,4,76,False,False,False,packet_rejected,0
6,4,77,False,False,False,packet_rejected,0
6,4,78,False,False,False,packet_rejected,0
6,4,79,False,False,False,packet_rejected,0
6,4,80,False,False,False,packet_rejected,0
6,4,81,False,False,False,packet_rejected,0
6,4,82,False,False,False,packet_rejected,0
6,4,83,False,False,False,packet_rejected,0
6,4,84,False,False,False,packet_rejected,0
6,4,85,False,False,False,packet_rejected,0
6,4,86,False,False,False,packet_rejected,0
6,4,87,False,False,False,packet_rejected,0
6,4,88,False,False,False,packet_rejected,0
6,4,89,False,False,False,packet_rejected,0
6,4,90,False,False,False,packet_rejected,0
6,4,91,False,False,False,packet_rejected,0
6,4,92,False,False,False,packet_rejected,0
6,4,93,False,False,False,packet_rejected,0
6,4,94,False,False,False,packet_rejected,0
6,4,95,False,False,False,packet_rejected,0
6,4,96,False,False,False,packet_rejected,0
6,4,97,False,False,False,packet_rejected,0
6,4,98,False,False,False,packet_rejected,0
6,4,99,False,False,False,packet_rejected,0
6,5,0,False,False,False,packet_rejected,0
6,5,1,False,False,False,packet_rejected,0
6,5,2,False,False,False,packet_rejected,0
6,5,3,False,False,False,packet_rejected,0
6,5,4,False,False,False,packet_rejected,0
6,5,5,False,False,False,packet_rejected,0
6,5,6,False,False,False,packet_rejected,0
6,5,7,False,False,False,packet_rejected,0
6,5,8,False,False,False,packet_rejected,0
6,5,9,False,False,False,packet_rejected,0
6,5,10,False,False,False,packet_rejected,0
6,5,11,False,False,False,packet_rejected,0
6,5,12,False,False,False,packet_rejected,0
6,5,13,False,False,False,packet_rejected,0
6,5,14,False,False,False,packet_rejected,0
6,5,15,False,False,False,packet_rejected,0
6,5,16,False,False,False,packet_rejected,0
6,5,17,False,False,False,packet_rejected,0
6,5,18,False,False,False,packet_rejected,0
6,5,19,False,False,False,packet_rejected,0
6,5,20,False,False,False,packet_rejected,0
6,5,21,False,False,False,packet_rejected,0
6,5,22,False,False,False,packet_rejected,0
6,5,23,False,False,False,packet_rejected,0
6,5,24,False,False,False,packet_rejected,0
6,5,25,False,False,False,packet_rejected,0
6,5,26,False,False,False,packet_rejected,0
6,5,27,False,False,False,packet_rejected,0
6,5,28,False,False,False,packet_rejected,0
6,5,29,False,False,False,packet_rejected,0
6,5,30,False,False,False,packet_rejected,0
6,5,31,False,False,False,packet_rejected,0
6,5,32,False,False,False,packet_rejected,0
6,5,33,False,False,False,packet_rejected,0
6,5,34,False,False,False,packet_rejected,0
6,5,35,False,False,False,packet_rejected,0
6,5,36,False,False,False,packet_rejected,0
6,5,37,False,False,False,packet_rejected,0
6,5,38,False,False,False,packet_rejected,0
6,5,39,False,False,False,packet_rejected,0
6,5,40,False,False,False,packet_rejected,0
6,5,41,False,False,False,packet_rejected,0
6,5,42,False,False,False,packet_rejected,0
6,5,43,False,False,False,packet_rejected,0
6,5,44,False,False,False,packet_rejected,0
6,5,45,False,False,False,packet_rejected,0
6,5,46,False,False,False,packet_rejected,0
6,5,47,False,False,False,packet_rejected,0
6,5,48,False,False,False,packet_rejected,0
6,5,49,False,False,False,packet_rejected,0
6,5,50,False,False,False,packet_rejected,0
6,5,51,False,False,False,packet_rejected,0
6,5,52,False,False,False,packet_rejected,0
6,5,53,False,False,False,packet_rejected,0
6,5,54,False,False,False,packet_rejected,0
6,5,55,False,False,False,packet_rejected,0
6,5,56,False,False,False,packet_rejected,0
6,5,57,False,False,False,packet_rejected,0
6,5,58,False,False,False,packet_rejected,0
6,5,59,False,False,False,packet_rejected,0
6,5,60,False,False,False,packet_rejected,0
6,5,61,False,False,False,packet_rejected,0
6,5,62,False,False,False,packet_rejected,0
6,5,63,False,False,False,packet_rejected,0
6,5,64,False,False,False,packet_rejected,0
6,5,65,False,False,False,packet_rejected,0
6,5,66,False,False,False,packet_rejected,0
6,5,67,False,False,False,packet_rejected,0
6,5,68,False,False,False,packet_rejected,0
6,5,69,False,False,False,packet_rejected,0
6,5,70,False,False,False,packet_rejected,0
6,5,71,False,False,False,packet_rejected,0
6,5,72,False,False,False,packet_rejected,0
6,5,73,False,False,False,packet_rejected,0
6,5,74,False,False,False,packet_rejected,0
6,5,75,False,False,False,packet_rejected,0
6,5,76,False,False,False,packet_rejected,0
6,5,77,False,False,False,packet_rejected,0
6,5,78,False,False,False,packet_rejected,0
6,5,79,False,False,False,packet_rejected,0
6,5,80,False,False,False,packet_rejected,0
6,5,81,False,False,False,packet_rejected,0
6,5,82,False,False,False,packet_rejected,0
6,5,83,False,False,False,packet_rejected,0
6,5,84,False,False,False,packet_rejected,0
6,5,85,False,False,False,packet_rejected,0
6,5,86,False,False,False,packet_rejected,0
6,5,87,False,False,False,packet_rejected,0
6,5,88,False,False,False,packet_rejected,0
6,5,89,False,False,False,packet_rejected,0
6,5,90,False,False,False,packet_rejected,0
6,5,91,False,False,False,packet_rejected,0
6,5,92,False,False,False,packet_rejected,0
6,5,93,False,False,False,packet_rejected,0
6,5,94,False,False,False,packet_rejected,0
6,5,95,False,False,False,packet_rejected,0
6,5,96,False,False,False,packet_rejected,0
6,5,97,False,False,False,packet_rejected,0
6,5,98,False,False,False,packet_rejected,0
6,5,99,False,False,False,packet_rejected,0
6,6,0,True,True,True,accepted,6
6,6,1,True,True,True,accepted,6
6,6,2,True,True,True,accepted,6
6,6,3,True,True,True,accepted,6
6,6,4,True,True,True,accepted,6
6,6,5,True,True,True,accepted,6
6,6,6,True,True,True,accepted,6
6,6,7,True,True,True,accepted,6
6,6,8,True,True,True,accepted,6
6,6,9,True,True,True,accepted,6
6,6,10,True,True,True,accepted,6
6,6,11,True,True,True,accepted,6
6,6,12,True,True,True,accepted,6
6,6,13,True,True,True,accepted,6
6,6,14,True,True,True,accepted,6
6,6,15,True,True,True,accepted,6
6,6,16,True,True,True,accepted,6
6,6,17,True,True,True,accepted,6
6,6,18,True,True,True,accepted,6
6,6,19,True,True,True,accepted,6
6,6,20,True,True,True,accepted,6
6,6,21,True,True,True,accepted,6
6,6,22,True,True,True,accepted,6
6,6,23,True,True,True,accepted,6
6,6,24,True,True,True,accepted,6
6,6,25,True,True,True,accepted,6
6,6,26,True,True,True,accepted,6
6,6,27,True,True,True,accepted,6
6,6,28,True,True,True,accepted,6
6,6,29,True,True,True,accepted,6
6,6,30,True,True,True,accepted,6
6,6,31,True,True,True,accepted,6
6,6,32,True,True,True,accepted,6
6,6,33,True,True,True,accepted,6
6,6,34,True,True,True,accepted,6
6,6,35,True,True,True,accepted,6
6,6,36,True,True,True,accepted,6
6,6,37,True,True,True,accepted,6
6,6,38,True,True,True,accepted,6
6,6,39,True,True,True,accepted,6
6,6,40,True,True,True,accepted,6
6,6,41,True,True,True,accepted,6
6,6,42,True,True,True,accepted,6
6,6,43,True,True,True,accepted,6
6,6,44,True,True,True,accepted,6
6,6,45,True,True,True,accepted,6
6,6,46,True,True,True,accepted,6
6,6,47,True,True,True,accepted,6
6,6,48,True,True,True,accepted,6
6,6,49,True,True,True,accepted,6
6,6,50,True,True,True,accepted,6
6,6,51,True,True,True,accepted,6
6,6,52,True,True,True,accepted,6
6,6,53,True,True,True,accepted,6
6,6,54,True,True,True,accepted,6
6,6,55,True,True,True,accepted,6
6,6,56,True,True,True,accepted,6
6,6,57,True,True,True,accepted,6
6,6,58,True,True,True,accepted,6
6,6,59,True,True,True,accepted,6
6,6,60,True,True,True,accepted,6
6,6,61,True,True,True,accepted,6
6,6,62,True,True,True,accepted,6
6,6,63,True,True,True,accepted,6
6,6,64,True,True,True,accepted,6
6,6,65,True,True,True,accepted,6
6,6,66,True,True,True,accepted,6
6,6,67,True,True,True,accepted,6
6,6,68,True,True,True,accepted,6
6,6,69,True,True,True,accepted,6
6,6,70,True,True,True,accepted,6
6,6,71,True,True,True,accepted,6
6,6,72,True,True,True,accepted,6
6,6,73,True,True,True,accepted,6
6,6,74,True,True,True,accepted,6
6,6,75,True,True,True,accepted,6
6,6,76,True,True,True,accepted,6
6,6,77,True,True,True,accepted,6
6,6,78,True,True,True,accepted,6
6,6,79,True,True,True,accepted,6
6,6,80,True,True,True,accepted,6
6,6,81,True,True,True,accepted,6
6,6,82,True,True,True,accepted,6
6,6,83,True,True,True,accepted,6
6,6,84,True,True,True,accepted,6
6,6,85,True,True,True,accepted,6
6,6,86,True,True,True,accepted,6
6,6,87,True,True,True,accepted,6
6,6,88,True,True,True,accepted,6
6,6,89,True,True,True,accepted,6
6,6,90,True,True,True,accepted,6
6,6,91,True,True,True,accepted,6
6,6,92,True,True,True,accepted,6
6,6,93,True,True,True,accepted,6
6,6,94,True,True,True,accepted,6
6,6,95,True,True,True,accepted,6
6,6,96,True,True,True,accepted,6
6,6,97,True,True,True,accepted,6
6,6,98,True,True,True,accepted,6
6,6,99,True,True,True,accepted,6
6,7,0,False,False,False,packet_rejected,0
6,7,1,False,False,False,packet_rejected,0
6,7,2,False,False,False,packet_rejected,0
6,7,3,False,False,False,packet_rejected,0
6,7,4,False,False,False,packet_rejected,0
6,7,5,False,False,False,packet_rejected,0
6,7,6,False,False,False,packet_rejected,0
6,7,7,False,False,False,packet_rejected,0
6,7,8,False,False,False,packet_rejected,0
6,7,9,False,False,False,packet_rejected,0
6,7,10,False,False,False,packet_rejected,0
6,7,11,False,False,False,packet_rejected,0
6,7,12,False,False,False,packet_rejected,0
6,7,13,False,False,False,packet_rejected,0
6,7,14,False,False,False,packet_rejected,0
6,7,15,False,False,False,packet_rejected,0
6,7,16,False,False,False,packet_rejected,0
6,7,17,False,False,False,packet_rejected,0
6,7,18,False,False,False,packet_rejected,0
6,7,19,False,False,False,packet_rejected,0
6,7,20,False,False,False,packet_rejected,0
6,7,21,False,False,False,packet_rejected,0
6,7,22,False,False,False,packet_rejected,0
6,7,23,False,False,False,packet_rejected,0
6,7,24,False,False,False,packet_rejected,0
6,7,25,False,False,False,packet_rejected,0
6,7,26,False,False,False,packet_rejected,0
6,7,27,False,False,False,packet_rejected,0
6,7,28,False,False,False,packet_rejected,0
6,7,29,False,False,False,packet_rejected,0
6,7,30,False,False,False,packet_rejected,0
6,7,31,False,False,False,packet_rejected,0
6,7,32,False,False,False,packet_rejected,0
6,7,33,False,False,False,packet_rejected,0
6,7,34,False,False,False,packet_rejected,0
6,7,35,False,False,False,packet_rejected,0
6,7,36,False,False,False,packet_rejected,0
6,7,37,False,False,False,packet_rejected,0
6,7,38,False,False,False,packet_rejected,0
6,7,39,False,False,False,packet_rejected,0
6,7,40,False,False,False,packet_rejected,0
6,7,41,False,False,False,packet_rejected,0
6,7,42,False,False,False,packet_rejected,0
6,7,43,False,False,False,packet_rejected,0
6,7,44,False,False,False,packet_rejected,0
6,7,45,False,False,False,packet_rejected,0
6,7,46,False,False,False,packet_rejected,0
6,7,47,False,False,False,packet_rejected,0
6,7,48,False,False,False,packet_rejected,0
6,7,49,False,False,False,packet_rejected,0
6,7,50,False,False,False,packet_rejected,0
6,7,51,False,False,False,packet_rejected,0
6,7,52,False,False,False,packet_rejected,0
6,7,53,False,False,False,packet_rejected,0
6,7,54,False,False,False,packet_rejected,0
6,7,55,False,False,False,packet_rejected,0
6,7,56,False,False,False,packet_rejected,0
6,7,57,False,False,False,packet_rejected,0
6,7,58,False,False,False,packet_rejected,0
6,7,59,False,False,False,packet_rejected,0
6,7,60,False,False,False,packet_rejected,0
6,7,61,False,False,False,packet_rejected,0
6,7,62,False,False,False,packet_rejected,0
6,7,63,False,False,False,packet_rejected,0
6,7,64,False,False,False,packet_rejected,0
6,7,65,False,False,False,packet_rejected,0
6,7,66,False,False,False,packet_rejected,0
6,7,67,False,False,False,packet_rejected,0
6,7,68,False,False,False,packet_rejected,0
6,7,69,False,False,False,packet_rejected,0
6,7,70,False,False,False,packet_rejected,0
6,7,71,False,False,False,packet_rejected,0
6,7,72,False,False,False,packet_rejected,0
6,7,73,False,False,False,packet_rejected,0
6,7,74,False,False,False,packet_rejected,0
6,7,75,False,False,False,packet_rejected,0
6,7,76,False,False,False,packet_rejected,0
6,7,77,False,False,False,packet_rejected,0
6,7,78,False,False,False,packet_rejected,0
6,7,79,False,False,False,packet_rejected,0
6,7,80,False,False,False,packet_rejected,0
6,7,81,False,False,False,packet_rejected,0
6,7,82,False,False,False,packet_rejected,0
6,7,83,False,False,False,packet_rejected,0
6,7,84,False,False,False,packet_rejected,0
6,7,85,False,False,False,packet_rejected,0
6,7,86,False,False,False,packet_rejected,0
6,7,87,False,False,False,packet_rejected,0
6,7,88,False,False,False,packet_rejected,0
6,7,89,False,False,False,packet_rejected,0
6,7,90,False,False,False,packet_rejected,0
6,7,91,False,False,False,packet_rejected,0
6,7,92,False,False,False,packet_rejected,0
6,7,93,False,False,False,packet_rejected,0
6,7,94,False,False,False,packet_rejected,0
6,7,95,False,False,False,packet_rejected,0
6,7,96,False,False,False,packet_rejected,0
6,7,97,False,False,False,packet_rejected,0
6,7,98,False,False,False,packet_rejected,0
6,7,99,False,False,False,packet_rejected,0
6,8,0,False,False,False,packet_rejected,0
6,8,1,False,False,False,packet_rejected,0
6,8,2,False,False,False,packet_rejected,0
6,8,3,False,False,False,packet_rejected,0
6,8,4,False,False,False,packet_rejected,0
6,8,5,False,False,False,packet_rejected,0
6,8,6,False,False,False,packet_rejected,0
6,8,7,False,False,False,packet_rejected,0
6,8,8,False,False,False,packet_rejected,0
6,8,9,False,False,False,packet_rejected,0
6,8,10,False,False,False,packet_rejected,0
6,8,11,False,False,False,packet_rejected,0
6,8,12,False,False,False,packet_rejected,0
6,8,13,False,False,False,packet_rejected,0
6,8,14,False,False,False,packet_rejected,0
6,8,15,False,False,False,packet_rejected,0
6,8,16,False,False,False,packet_rejected,0
6,8,17,False,False,False,packet_rejected,0
6,8,18,False,False,False,packet_rejected,0
6,8,19,False,False,False,packet_rejected,0
6,8,20,False,False,False,packet_rejected,0
6,8,21,False,False,False,packet_rejected,0
6,8,22,False,False,False,packet_rejected,0
6,8,23,False,False,False,packet_rejected,0
6,8,24,False,False,False,packet_rejected,0
6,8,25,False,False,False,packet_rejected,0
6,8,26,False,False,False,packet_rejected,0
6,8,27,False,False,False,packet_rejected,0
6,8,28,False,False,False,packet_rejected,0
6,8,29,False,False,False,packet_rejected,0
6,8,30,False,False,False,packet_rejected,0
6,8,31,False,False,False,packet_rejected,0
6,8,32,False,False,False,packet_rejected,0
6,8,33,False,False,False,packet_rejected,0
6,8,34,False,False,False,packet_rejected,0
6,8,35,False,False,False,packet_rejected,0
6,8,36,False,False,False,packet_rejected,0
6,8,37,False,False,False,packet_rejected,0
6,8,38,False,False,False,packet_rejected,0
6,8,39,False,False,False,packet_rejected,0
6,8,40,False,False,False,packet_rejected,0
6,8,41,False,False,False,packet_rejected,0
6,8,42,False,False,False,packet_rejected,0
6,8,43,False,False,False,packet_rejected,0
6,8,44,False,False,False,packet_rejected,0
6,8,45,False,False,False,packet_rejected,0
6,8,46,False,False,False,packet_rejected,0
6,8,47,False,False,False,packet_rejected,0
6,8,48,False,False,False,packet_rejected,0
6,8,49,False,False,False,packet_rejected,0
6,8,50,False,False,False,packet_rejected,0
6,8,51,False,False,False,packet_rejected,0
6,8,52,False,False,False,packet_rejected,0
6,8,53,False,False,False,packet_rejected,0
6,8,54,False,False,False,packet_rejected,0
6,8,55,False,False,False,packet_rejected,0
6,8,56,False,False,False,packet_rejected,0
6,8,57,False,False,False,packet_rejected,0
6,8,58,False,False,False,packet_rejected,0
6,8,59,False,False,False,packet_rejected,0
6,8,60,False,False,False,packet_rejected,0
6,8,61,False,False,False,packet_rejected,0
6,8,62,False,False,False,packet_rejected,0
6,8,63,False,False,False,packet_rejected,0
6,8,64,False,False,False,packet_rejected,0
6,8,65,False,False,False,packet_rejected,0
6,8,66,False,False,False,packet_rejected,0
6,8,67,False,False,False,packet_rejected,0
6,8,68,False,False,False,packet_rejected,0
6,8,69,False,False,False,packet_rejected,0
6,8,70,False,False,False,packet_rejected,0
6,8,71,False,False,False,packet_rejected,0
6,8,72,False,False,False,packet_rejected,0
6,8,73,False,False,False,packet_rejected,0
6,8,74,False,False,False,packet_rejected,0
6,8,75,False,False,False,packet_rejected,0
6,8,76,False,False,False,packet_rejected,0
6,8,77,False,False,False,packet_rejected,0
6,8,78,False,False,False,packet_rejected,0
6,8,79,False,False,False,packet_rejected,0
6,8,80,False,False,False,packet_rejected,0
6,8,81,False,False,False,packet_rejected,0
6,8,82,False,False,False,packet_rejected,0
6,8,83,False,False,False,packet_rejected,0
6,8,84,False,False,False,packet_rejected,0
6,8,85,False,False,False,packet_rejected,0
6,8,86,False,False,False,packet_rejected,0
6,8,87,False,False,False,packet_rejected,0
6,8,88,False,False,False,packet_rejected,0
6,8,89,False,False,False,packet_rejected,0
6,8,90,False,False,False,packet_rejected,0
6,8,91,False,False,False,packet_rejected,0
6,8,92,False,False,False,packet_rejected,0
6,8,93,False,False,False,packet_rejected,0
6,8,94,False,False,False,packet_rejected,0
6,8,95,False,False,False,packet_rejected,0
6,8,96,False,False,False,packet_rejected,0
6,8,97,False,False,False,packet_rejected,0
6,8,98,False,False,False,packet_rejected,0
6,8,99,False,False,False,packet_rejected,0
7,0,0,False,False,False,packet_rejected,0
7,0,1,False,False,False,packet_rejected,0
7,0,2,False,False,False,packet_rejected,0
7,0,3,False,False,False,packet_rejected,0
7,0,4,False,False,False,packet_rejected,0
7,0,5,False,False,False,packet_rejected,0
7,0,6,False,False,False,packet_rejected,0
7,0,7,False,False,False,packet_rejected,0
7,0,8,False,False,False,packet_rejected,0
7,0,9,False,False,False,packet_rejected,0
7,0,10,False,False,False,packet_rejected,0
7,0,11,False,False,False,packet_rejected,0
7,0,12,False,False,False,packet_rejected,0
7,0,13,False,False,False,packet_rejected,0
7,0,14,False,False,False,packet_rejected,0
7,0,15,False,False,False,packet_rejected,0
7,0,16,False,False,False,packet_rejected,0
7,0,17,False,False,False,packet_rejected,0
7,0,18,False,False,False,packet_rejected,0
7,0,19,False,False,False,packet_rejected,0
7,0,20,False,False,False,packet_rejected,0
7,0,21,False,False,False,packet_rejected,0
7,0,22,False,False,False,packet_rejected,0
7,0,23,False,False,False,packet_rejected,0
7,0,24,False,False,False,packet_rejected,0
7,0,25,False,False,False,packet_rejected,0
7,0,26,False,False,False,packet_rejected,0
7,0,27,False,False,False,packet_rejected,0
7,0,28,False,False,False,packet_rejected,0
7,0,29,False,False,False,packet_rejected,0
7,0,30,False,False,False,packet_rejected,0
7,0,31,False,False,False,packet_rejected,0
7,0,32,False,False,False,packet_rejected,0
7,0,33,False,False,False,packet_rejected,0
7,0,34,False,False,False,packet_rejected,0
7,0,35,False,False,False,packet_rejected,0
7,0,36,False,False,False,packet_rejected,0
7,0,37,False,False,False,packet_rejected,0
7,0,38,False,False,False,packet_rejected,0
7,0,39,False,False,False,packet_rejected,0
7,0,40,False,False,False,packet_rejected,0
7,0,41,False,False,False,packet_rejected,0
7,0,42,False,False,False,packet_rejected,0
7,0,43,False,False,False,packet_rejected,0
7,0,44,False,False,False,packet_rejected,0
7,0,45,False,False,False,packet_rejected,0
7,0,46,False,False,False,packet_rejected,0
7,0,47,False,False,False,packet_rejected,0
7,0,48,False,False,False,packet_rejected,0
7,0,49,False,False,False,packet_rejected,0
7,0,50,False,False,False,packet_rejected,0
7,0,51,False,False,False,packet_rejected,0
7,0,52,False,False,False,packet_rejected,0
7,0,53,False,False,False,packet_rejected,0
7,0,54,False,False,False,packet_rejected,0
7,0,55,False,False,False,packet_rejected,0
7,0,56,False,False,False,packet_rejected,0
7,0,57,False,False,False,packet_rejected,0
7,0,58,False,False,False,packet_rejected,0
7,0,59,False,False,False,packet_rejected,0
7,0,60,False,False,False,packet_rejected,0
7,0,61,False,False,False,packet_rejected,0
7,0,62,False,False,False,packet_rejected,0
7,0,63,False,False,False,packet_rejected,0
7,0,64,False,False,False,packet_rejected,0
7,0,65,False,False,False,packet_rejected,0
7,0,66,False,False,False,packet_rejected,0
7,0,67,False,False,False,packet_rejected,0
7,0,68,False,False,False,packet_rejected,0
7,0,69,False,False,False,packet_rejected,0
7,0,70,False,False,False,packet_rejected,0
7,0,71,False,False,False,packet_rejected,0
7,0,72,False,False,False,packet_rejected,0
7,0,73,False,False,False,packet_rejected,0
7,0,74,False,False,False,packet_rejected,0
7,0,75,False,False,False,packet_rejected,0
7,0,76,False,False,False,packet_rejected,0
7,0,77,False,False,False,packet_rejected,0
7,0,78,False,False,False,packet_rejected,0
7,0,79,False,False,False,packet_rejected,0
7,0,80,False,False,False,packet_rejected,0
7,0,81,False,False,False,packet_rejected,0
7,0,82,False,False,False,packet_rejected,0
7,0,83,False,False,False,packet_rejected,0
7,0,84,False,False,False,packet_rejected,0
7,0,85,False,False,False,packet_rejected,0
7,0,86,False,False,False,packet_rejected,0
7,0,87,False,False,False,packet_rejected,0
7,0,88,False,False,False,packet_rejected,0
7,0,89,False,False,False,packet_rejected,0
7,0,90,False,False,False,packet_rejected,0
7,0,91,False,False,False,packet_rejected,0
7,0,92,False,False,False,packet_rejected,0
7,0,93,False,False,False,packet_rejected,0
7,0,94,False,False,False,packet_rejected,0
7,0,95,False,False,False,packet_rejected,0
7,0,96,False,False,False,packet_rejected,0
7,0,97,False,False,False,packet_rejected,0
7,0,98,False,False,False,packet_rejected,0
7,0,99,False,False,False,packet_rejected,0
7,1,0,False,False,False,packet_rejected,0
7,1,1,False,False,False,packet_rejected,0
7,1,2,False,False,False,packet_rejected,0
7,1,3,False,False,False,packet_rejected,0
7,1,4,False,False,False,packet_rejected,0
7,1,5,False,False,False,packet_rejected,0
7,1,6,False,False,False,packet_rejected,0
7,1,7,False,False,False,packet_rejected,0
7,1,8,False,False,False,packet_rejected,0
7,1,9,False,False,False,packet_rejected,0
7,1,10,False,False,False,packet_rejected,0
7,1,11,False,False,False,packet_rejected,0
7,1,12,False,False,False,packet_rejected,0
7,1,13,False,False,False,packet_rejected,0
7,1,14,False,False,False,packet_rejected,0
7,1,15,False,False,False,packet_rejected,0
7,1,16,False,False,False,packet_rejected,0
7,1,17,False,False,False,packet_rejected,0
7,1,18,False,False,False,packet_rejected,0
7,1,19,False,False,False,packet_rejected,0
7,1,20,False,False,False,packet_rejected,0
7,1,21,False,False,False,packet_rejected,0
7,1,22,False,False,False,packet_rejected,0
7,1,23,False,False,False,packet_rejected,0
7,1,24,False,False,False,packet_rejected,0
7,1,25,False,False,False,packet_rejected,0
7,1,26,False,False,False,packet_rejected,0
7,1,27,False,False,False,packet_rejected,0
7,1,28,False,False,False,packet_rejected,0
7,1,29,False,False,False,packet_rejected,0
7,1,30,False,False,False,packet_rejected,0
7,1,31,False,False,False,packet_rejected,0
7,1,32,False,False,False,packet_rejected,0
7,1,33,False,False,False,packet_rejected,0
7,1,34,False,False,False,packet_rejected,0
7,1,35,False,False,False,packet_rejected,0
7,1,36,False,False,False,packet_rejected,0
7,1,37,False,False,False,packet_rejected,0
7,1,38,False,False,False,packet_rejected,0
7,1,39,False,False,False,packet_rejected,0
7,1,40,False,False,False,packet_rejected,0
7,1,41,False,False,False,packet_rejected,0
7,1,42,False,False,False,packet_rejected,0
7,1,43,False,False,False,packet_rejected,0
7,1,44,False,False,False,packet_rejected,0
7,1,45,False,False,False,packet_rejected,0
7,1,46,False,False,False,packet_rejected,0
7,1,47,False,False,False,packet_rejected,0
7,1,48,False,False,False,packet_rejected,0
7,1,49,False,False,False,packet_rejected,0
7,1,50,False,False,False,packet_rejected,0
7,1,51,False,False,False,packet_rejected,0
7,1,52,False,False,False,packet_rejected,0
7,1,53,False,False,False,packet_rejected,0
7,1,54,False,False,False,packet_rejected,0
7,1,55,False,False,False,packet_rejected,0
7,1,56,False,False,False,packet_rejected,0
7,1,57,False,False,False,packet_rejected,0
7,1,58,False,False,False,packet_rejected,0
7,1,59,False,False,False,packet_rejected,0
7,1,60,False,False,False,packet_rejected,0
7,1,61,False,False,False,packet_rejected,0
7,1,62,False,False,False,packet_rejected,0
7,1,63,False,False,False,packet_rejected,0
7,1,64,False,False,False,packet_rejected,0
7,1,65,False,False,False,packet_rejected,0
7,1,66,False,False,False,packet_rejected,0
7,1,67,False,False,False,packet_rejected,0
7,1,68,False,False,False,packet_rejected,0
7,1,69,False,False,False,packet_rejected,0
7,1,70,False,False,False,packet_rejected,0
7,1,71,False,False,False,packet_rejected,0
7,1,72,False,False,False,packet_rejected,0
7,1,73,False,False,False,packet_rejected,0
7,1,74,False,False,False,packet_rejected,0
7,1,75,False,False,False,packet_rejected,0
7,1,76,False,False,False,packet_rejected,0
7,1,77,False,False,False,packet_rejected,0
7,1,78,False,False,False,packet_rejected,0
7,1,79,False,False,False,packet_rejected,0
7,1,80,False,False,False,packet_rejected,0
7,1,81,False,False,False,packet_rejected,0
7,1,82,False,False,False,packet_rejected,0
7,1,83,False,False,False,packet_rejected,0
7,1,84,False,False,False,packet_rejected,0
7,1,85,False,False,False,packet_rejected,0
7,1,86,False,False,False,packet_rejected,0
7,1,87,False,False,False,packet_rejected,0
7,1,88,False,False,False,packet_rejected,0
7,1,89,False,False,False,packet_rejected,0
7,1,90,False,False,False,packet_rejected,0
7,1,91,False,False,False,packet_rejected,0
7,1,92,False,False,False,packet_rejected,0
7,1,93,False,False,False,packet_rejected,0
7,1,94,False,False,False,packet_rejected,0
7,1,95,False,False,False,packet_rejected,0
7,1,96,False,False,False,packet_rejected,0
7,1,97,False,False,False,packet_rejected,0
7,1,98,False,False,False,packet_rejected,0
7,1,99,False,False,False,packet_rejected,0
7,2,0,False,False,False,packet_rejected,0
7,2,1,False,False,False,packet_rejected,0
7,2,2,False,False,False,packet_rejected,0
7,2,3,False,False,False,packet_rejected,0
7,2,4,False,False,False,packet_rejected,0
7,2,5,False,False,False,packet_rejected,0
7,2,6,False,False,False,packet_rejected,0
7,2,7,False,False,False,packet_rejected,0
7,2,8,False,False,False,packet_rejected,0
7,2,9,False,False,False,packet_rejected,0
7,2,10,False,False,False,packet_rejected,0
7,2,11,False,False,False,packet_rejected,0
7,2,12,False,False,False,packet_rejected,0
7,2,13,False,False,False,packet_rejected,0
7,2,14,False,False,False,packet_rejected,0
7,2,15,False,False,False,packet_rejected,0
7,2,16,False,False,False,packet_rejected,0
7,2,17,False,False,False,packet_rejected,0
7,2,18,False,False,False,packet_rejected,0
7,2,19,False,False,False,packet_rejected,0
7,2,20,False,False,False,packet_rejected,0
7,2,21,False,False,False,packet_rejected,0
7,2,22,False,False,False,packet_rejected,0
7,2,23,False,False,False,packet_rejected,0
7,2,24,False,False,False,packet_rejected,0
7,2,25,False,False,False,packet_rejected,0
7,2,26,False,False,False,packet_rejected,0
7,2,27,False,False,False,packet_rejected,0
7,2,28,False,False,False,packet_rejected,0
7,2,29,False,False,False,packet_rejected,0
7,2,30,False,False,False,packet_rejected,0
7,2,31,False,False,False,packet_rejected,0
7,2,32,False,False,False,packet_rejected,0
7,2,33,False,False,False,packet_rejected,0
7,2,34,False,False,False,packet_rejected,0
7,2,35,False,False,False,packet_rejected,0
7,2,36,False,False,False,packet_rejected,0
7,2,37,False,False,False,packet_rejected,0
7,2,38,False,False,False,packet_rejected,0
7,2,39,False,False,False,packet_rejected,0
7,2,40,False,False,False,packet_rejected,0
7,2,41,False,False,False,packet_rejected,0
7,2,42,False,False,False,packet_rejected,0
7,2,43,False,False,False,packet_rejected,0
7,2,44,False,False,False,packet_rejected,0
7,2,45,False,False,False,packet_rejected,0
7,2,46,False,False,False,packet_rejected,0
7,2,47,False,False,False,packet_rejected,0
7,2,48,False,False,False,packet_rejected,0
7,2,49,False,False,False,packet_rejected,0
7,2,50,False,False,False,packet_rejected,0
7,2,51,False,False,False,packet_rejected,0
7,2,52,False,False,False,packet_rejected,0
7,2,53,False,False,False,packet_rejected,0
7,2,54,False,False,False,packet_rejected,0
7,2,55,False,False,False,packet_rejected,0
7,2,56,False,False,False,packet_rejected,0
7,2,57,False,False,False,packet_rejected,0
7,2,58,False,False,False,packet_rejected,0
7,2,59,False,False,False,packet_rejected,0
7,2,60,False,False,False,packet_rejected,0
7,2,61,False,False,False,packet_rejected,0
7,2,62,False,False,False,packet_rejected,0
7,2,63,False,False,False,packet_rejected,0
7,2,64,False,False,False,packet_rejected,0
7,2,65,False,False,False,packet_rejected,0
7,2,66,False,False,False,packet_rejected,0
7,2,67,False,False,False,packet_rejected,0
7,2,68,False,False,False,packet_rejected,0
7,2,69,False,False,False,packet_rejected,0
7,2,70,False,False,False,packet_rejected,0
7,2,71,False,False,False,packet_rejected,0
7,2,72,False,False,False,packet_rejected,0
7,2,73,False,False,False,packet_rejected,0
7,2,74,False,False,False,packet_rejected,0
7,2,75,False,False,False,packet_rejected,0
7,2,76,False,False,False,packet_rejected,0
7,2,77,False,False,False,packet_rejected,0
7,2,78,False,False,False,packet_rejected,0
7,2,79,False,False,False,packet_rejected,0
7,2,80,False,False,False,packet_rejected,0
7,2,81,False,False,False,packet_rejected,0
7,2,82,False,False,False,packet_rejected,0
7,2,83,False,False,False,packet_rejected,0
7,2,84,False,False,False,packet_rejected,0
7,2,85,False,False,False,packet_rejected,0
7,2,86,False,False,False,packet_rejected,0
7,2,87,False,False,False,packet_rejected,0
7,2,88,False,False,False,packet_rejected,0
7,2,89,False,False,False,packet_rejected,0
7,2,90,False,False,False,packet_rejected,0
7,2,91,False,False,False,packet_rejected,0
7,2,92,False,False,False,packet_rejected,0
7,2,93,False,False,False,packet_rejected,0
7,2,94,False,False,False,packet_rejected,0
7,2,95,False,False,False,packet_rejected,0
7,2,96,False,False,False,packet_rejected,0
7,2,97,False,False,False,packet_rejected,0
7,2,98,False,False,False,packet_rejected,0
7,2,99,False,False,False,packet_rejected,0
7,3,0,False,False,False,packet_rejected,0
7,3,1,False,False,False,packet_rejected,0
7,3,2,False,False,False,packet_rejected,0
7,3,3,False,False,False,packet_rejected,0
7,3,4,False,False,False,packet_rejected,0
7,3,5,False,False,False,packet_rejected,0
7,3,6,False,False,False,packet_rejected,0
7,3,7,False,False,False,packet_rejected,0
7,3,8,False,False,False,packet_rejected,0
7,3,9,False,False,False,packet_rejected,0
7,3,10,False,False,False,packet_rejected,0
7,3,11,False,False,False,packet_rejected,0
7,3,12,False,False,False,packet_rejected,0
7,3,13,False,False,False,packet_rejected,0
7,3,14,False,False,False,packet_rejected,0
7,3,15,False,False,False,packet_rejected,0
7,3,16,False,False,False,packet_rejected,0
7,3,17,False,False,False,packet_rejected,0
7,3,18,False,False,False,packet_rejected,0
7,3,19,False,False,False,packet_rejected,0
7,3,20,False,False,False,packet_rejected,0
7,3,21,False,False,False,packet_rejected,0
7,3,22,False,False,False,packet_rejected,0
7,3,23,False,False,False,packet_rejected,0
7,3,24,False,False,False,packet_rejected,0
7,3,25,False,False,False,packet_rejected,0
7,3,26,False,False,False,packet_rejected,0
7,3,27,False,False,False,packet_rejected,0
7,3,28,False,False,False,packet_rejected,0
7,3,29,False,False,False,packet_rejected,0
7,3,30,False,False,False,packet_rejected,0
7,3,31,False,False,False,packet_rejected,0
7,3,32,False,False,False,packet_rejected,0
7,3,33,False,False,False,packet_rejected,0
7,3,34,False,False,False,packet_rejected,0
7,3,35,False,False,False,packet_rejected,0
7,3,36,False,False,False,packet_rejected,0
7,3,37,False,False,False,packet_rejected,0
7,3,38,False,False,False,packet_rejected,0
7,3,39,False,False,False,packet_rejected,0
7,3,40,False,False,False,packet_rejected,0
7,3,41,False,False,False,packet_rejected,0
7,3,42,False,False,False,packet_rejected,0
7,3,43,False,False,False,packet_rejected,0
7,3,44,False,False,False,packet_rejected,0
7,3,45,False,False,False,packet_rejected,0
7,3,46,False,False,False,packet_rejected,0
7,3,47,False,False,False,packet_rejected,0
7,3,48,False,False,False,packet_rejected,0
7,3,49,False,False,False,packet_rejected,0
7,3,50,False,False,False,packet_rejected,0
7,3,51,False,False,False,packet_rejected,0
7,3,52,False,False,False,packet_rejected,0
7,3,53,False,False,False,packet_rejected,0
7,3,54,False,False,False,packet_rejected,0
7,3,55,False,False,False,packet_rejected,0
7,3,56,False,False,False,packet_rejected,0
7,3,57,False,False,False,packet_rejected,0
7,3,58,False,False,False,packet_rejected,0
7,3,59,False,False,False,packet_rejected,0
7,3,60,False,False,False,packet_rejected,0
7,3,61,False,False,False,packet_rejected,0
7,3,62,False,False,False,packet_rejected,0
7,3,63,False,False,False,packet_rejected,0
7,3,64,False,False,False,packet_rejected,0
7,3,65,False,False,False,packet_rejected,0
7,3,66,False,False,False,packet_rejected,0
7,3,67,False,False,False,packet_rejected,0
7,3,68,False,False,False,packet_rejected,0
7,3,69,False,False,False,packet_rejected,0
7,3,70,False,False,False,packet_rejected,0
7,3,71,False,False,False,packet_rejected,0
7,3,72,False,False,False,packet_rejected,0
7,3,73,False,False,False,packet_rejected,0
7,3,74,False,False,False,packet_rejected,0
7,3,75,False,False,False,packet_rejected,0
7,3,76,False,False,False,packet_rejected,0
7,3,77,False,False,False,packet_rejected,0
7,3,78,False,False,False,packet_rejected,0
7,3,79,False,False,False,packet_rejected,0
7,3,80,False,False,False,packet_rejected,0
7,3,81,False,False,False,packet_rejected,0
7,3,82,False,False,False,packet_rejected,0
7,3,83,False,False,False,packet_rejected,0
7,3,84,False,False,False,packet_rejected,0
7,3,85,False,False,False,packet_rejected,0
7,3,86,False,False,False,packet_rejected,0
7,3,87,False,False,False,packet_rejected,0
7,3,88,False,False,False,packet_rejected,0
7,3,89,False,False,False,packet_rejected,0
7,3,90,False,False,False,packet_rejected,0
7,3,91,False,False,False,packet_rejected,0
7,3,92,False,False,False,packet_rejected,0
7,3,93,False,False,False,packet_rejected,0
7,3,94,False,False,False,packet_rejected,0
7,3,95,False,False,False,packet_rejected,0
7,3,96,False,False,False,packet_rejected,0
7,3,97,False,False,False,packet_rejected,0
7,3,98,False,False,False,packet_rejected,0
7,3,99,False,False,False,packet_rejected,0
7,4,0,False,False,False,packet_rejected,0
7,4,1,False,False,False,packet_rejected,0
7,4,2,False,False,False,packet_rejected,0
7,4,3,False,False,False,packet_rejected,0
7,4,4,False,False,False,packet_rejected,0
7,4,5,False,False,False,packet_rejected,0
7,4,6,False,False,False,packet_rejected,0
7,4,7,False,False,False,packet_rejected,0
7,4,8,False,False,False,packet_rejected,0
7,4,9,False,False,False,packet_rejected,0
7,4,10,False,False,False,packet_rejected,0
7,4,11,False,False,False,packet_rejected,0
7,4,12,False,False,False,packet_rejected,0
7,4,13,False,False,False,packet_rejected,0
7,4,14,False,False,False,packet_rejected,0
7,4,15,False,False,False,packet_rejected,0
7,4,16,False,False,False,packet_rejected,0
7,4,17,False,False,False,packet_rejected,0
7,4,18,False,False,False,packet_rejected,0
7,4,19,False,False,False,packet_rejected,0
7,4,20,False,False,False,packet_rejected,0
7,4,21,False,False,False,packet_rejected,0
7,4,22,False,False,False,packet_rejected,0
7,4,23,False,False,False,packet_rejected,0
7,4,24,False,False,False,packet_rejected,0
7,4,25,False,False,False,packet_rejected,0
7,4,26,False,False,False,packet_rejected,0
7,4,27,False,False,False,packet_rejected,0
7,4,28,False,False,False,packet_rejected,0
7,4,29,False,False,False,packet_rejected,0
7,4,30,False,False,False,packet_rejected,0
7,4,31,False,False,False,packet_rejected,0
7,4,32,False,False,False,packet_rejected,0
7,4,33,False,False,False,packet_rejected,0
7,4,34,False,False,False,packet_rejected,0
7,4,35,False,False,False,packet_rejected,0
7,4,36,False,False,False,packet_rejected,0
7,4,37,False,False,False,packet_rejected,0
7,4,38,False,False,False,packet_rejected,0
7,4,39,False,False,False,packet_rejected,0
7,4,40,False,False,False,packet_rejected,0
7,4,41,False,False,False,packet_rejected,0
7,4,42,False,False,False,packet_rejected,0
7,4,43,False,False,False,packet_rejected,0
7,4,44,False,False,False,packet_rejected,0
7,4,45,False,False,False,packet_rejected,0
7,4,46,False,False,False,packet_rejected,0
7,4,47,False,False,False,packet_rejected,0
7,4,48,False,False,False,packet_rejected,0
7,4,49,False,False,False,packet_rejected,0
7,4,50,False,False,False,packet_rejected,0
7,4,51,False,False,False,packet_rejected,0
7,4,52,False,False,False,packet_rejected,0
7,4,53,False,False,False,packet_rejected,0
7,4,54,False,False,False,packet_rejected,0
7,4,55,False,False,False,packet_rejected,0
7,4,56,False,False,False,packet_rejected,0
7,4,57,False,False,False,packet_rejected,0
7,4,58,False,False,False,packet_rejected,0
7,4,59,False,False,False,packet_rejected,0
7,4,60,False,False,False,packet_rejected,0
7,4,61,False,False,False,packet_rejected,0
7,4,62,False,False,False,packet_rejected,0
7,4,63,False,False,False,packet_rejected,0
7,4,64,False,False,False,packet_rejected,0
7,4,65,False,False,False,packet_rejected,0
7,4,66,False,False,False,packet_rejected,0
7,4,67,False,False,False,packet_rejected,0
7,4,68,False,False,False,packet_rejected,0
7,4,69,False,False,False,packet_rejected,0
7,4,70,False,False,False,packet_rejected,0
7,4,71,False,False,False,packet_rejected,0
7,4,72,False,False,False,packet_rejected,0
7,4,73,False,False,False,packet_rejected,0
7,4,74,False,False,False,packet_rejected,0
7,4,75,False,False,False,packet_rejected,0
7,4,76,False,False,False,packet_rejected,0
7,4,77,False,False,False,packet_rejected,0
7,4,78,False,False,False,packet_rejected,0
7,4,79,False,False,False,packet_rejected,0
7,4,80,False,False,False,packet_rejected,0
7,4,81,False,False,False,packet_rejected,0
7,4,82,False,False,False,packet_rejected,0
7,4,83,False,False,False,packet_rejected,0
7,4,84,False,False,False,packet_rejected,0
7,4,85,False,False,False,packet_rejected,0
7,4,86,False,False,False,packet_rejected,0
7,4,87,False,False,False,packet_rejected,0
7,4,88,False,False,False,packet_rejected,0
7,4,89,False,False,False,packet_rejected,0
7,4,90,False,False,False,packet_rejected,0
7,4,91,False,False,False,packet_rejected,0
7,4,92,False,False,False,packet_rejected,0
7,4,93,False,False,False,packet_rejected,0
7,4,94,False,False,False,packet_rejected,0
7,4,95,False,False,False,packet_rejected,0
7,4,96,False,False,False,packet_rejected,0
7,4,97,False,False,False,packet_rejected,0
7,4,98,False,False,False,packet_rejected,0
7,4,99,False,False,False,packet_rejected,0
7,5,0,False,False,False,packet_rejected,0
7,5,1,False,False,False,packet_rejected,0
7,5,2,False,False,False,packet_rejected,0
7,5,3,False,False,False,packet_rejected,0
7,5,4,False,False,False,packet_rejected,0
7,5,5,False,False,False,packet_rejected,0
7,5,6,False,False,False,packet_rejected,0
7,5,7,False,False,False,packet_rejected,0
7,5,8,False,False,False,packet_rejected,0
7,5,9,False,False,False,packet_rejected,0
7,5,10,False,False,False,packet_rejected,0
7,5,11,False,False,False,packet_rejected,0
7,5,12,False,False,False,packet_rejected,0
7,5,13,False,False,False,packet_rejected,0
7,5,14,False,False,False,packet_rejected,0
7,5,15,False,False,False,packet_rejected,0
7,5,16,False,False,False,packet_rejected,0
7,5,17,False,False,False,packet_rejected,0
7,5,18,False,False,False,packet_rejected,0
7,5,19,False,False,False,packet_rejected,0
7,5,20,False,False,False,packet_rejected,0
7,5,21,False,False,False,packet_rejected,0
7,5,22,False,False,False,packet_rejected,0
7,5,23,False,False,False,packet_rejected,0
7,5,24,False,False,False,packet_rejected,0
7,5,25,False,False,False,packet_rejected,0
7,5,26,False,False,False,packet_rejected,0
7,5,27,False,False,False,packet_rejected,0
7,5,28,False,False,False,packet_rejected,0
7,5,29,False,False,False,packet_rejected,0
7,5,30,False,False,False,packet_rejected,0
7,5,31,False,False,False,packet_rejected,0
7,5,32,False,False,False,packet_rejected,0
7,5,33,False,False,False,packet_rejected,0
7,5,34,False,False,False,packet_rejected,0
7,5,35,False,False,False,packet_rejected,0
7,5,36,False,False,False,packet_rejected,0
7,5,37,False,False,False,packet_rejected,0
7,5,38,False,False,False,packet_rejected,0
7,5,39,False,False,False,packet_rejected,0
7,5,40,False,False,False,packet_rejected,0
7,5,41,False,False,False,packet_rejected,0
7,5,42,False,False,False,packet_rejected,0
7,5,43,False,False,False,packet_rejected,0
7,5,44,False,False,False,packet_rejected,0
7,5,45,False,False,False,packet_rejected,0
7,5,46,False,False,False,packet_rejected,0
7,5,47,False,False,False,packet_rejected,0
7,5,48,False,False,False,packet_rejected,0
7,5,49,False,False,False,packet_rejected,0
7,5,50,False,False,False,packet_rejected,0
7,5,51,False,False,False,packet_rejected,0
7,5,52,False,False,False,packet_rejected,0
7,5,53,False,False,False,packet_rejected,0
7,5,54,False,False,False,packet_rejected,0
7,5,55,False,False,False,packet_rejected,0
7,5,56,False,False,False,packet_rejected,0
7,5,57,False,False,False,packet_rejected,0
7,5,58,False,False,False,packet_rejected,0
7,5,59,False,False,False,packet_rejected,0
7,5,60,False,False,False,packet_rejected,0
7,5,61,False,False,False,packet_rejected,0
7,5,62,False,False,False,packet_rejected,0
7,5,63,False,False,False,packet_rejected,0
7,5,64,False,False,False,packet_rejected,0
7,5,65,False,False,False,packet_rejected,0
7,5,66,False,False,False,packet_rejected,0
7,5,67,False,False,False,packet_rejected,0
7,5,68,False,False,False,packet_rejected,0
7,5,69,False,False,False,packet_rejected,0
7,5,70,False,False,False,packet_rejected,0
7,5,71,False,False,False,packet_rejected,0
7,5,72,False,False,False,packet_rejected,0
7,5,73,False,False,False,packet_rejected,0
7,5,74,False,False,False,packet_rejected,0
7,5,75,False,False,False,packet_rejected,0
7,5,76,False,False,False,packet_rejected,0
7,5,77,False,False,False,packet_rejected,0
7,5,78,False,False,False,packet_rejected,0
7,5,79,False,False,False,packet_rejected,0
7,5,80,False,False,False,packet_rejected,0
7,5,81,False,False,False,packet_rejected,0
7,5,82,False,False,False,packet_rejected,0
7,5,83,False,False,False,packet_rejected,0
7,5,84,False,False,False,packet_rejected,0
7,5,85,False,False,False,packet_rejected,0
7,5,86,False,False,False,packet_rejected,0
7,5,87,False,False,False,packet_rejected,0
7,5,88,False,False,False,packet_rejected,0
7,5,89,False,False,False,packet_rejected,0
7,5,90,False,False,False,packet_rejected,0
7,5,91,False,False,False,packet_rejected,0
7,5,92,False,False,False,packet_rejected,0
7,5,93,False,False,False,packet_rejected,0
7,5,94,False,False,False,packet_rejected,0
7,5,95,False,False,False,packet_rejected,0
7,5,96,False,False,False,packet_rejected,0
7,5,97,False,False,False,packet_rejected,0
7,5,98,False,False,False,packet_rejected,0
7,5,99,False,False,False,packet_rejected,0
7,6,0,False,False,False,packet_rejected,0
7,6,1,False,False,False,packet_rejected,0
7,6,2,False,False,False,packet_rejected,0
7,6,3,False,False,False,packet_rejected,0
7,6,4,False,False,False,packet_rejected,0
7,6,5,False,False,False,packet_rejected,0
7,6,6,False,False,False,packet_rejected,0
7,6,7,False,False,False,packet_rejected,0
7,6,8,False,False,False,packet_rejected,0
7,6,9,False,False,False,packet_rejected,0
7,6,10,False,False,False,packet_rejected,0
7,6,11,False,False,False,packet_rejected,0
7,6,12,False,False,False,packet_rejected,0
7,6,13,False,False,False,packet_rejected,0
7,6,14,False,False,False,packet_rejected,0
7,6,15,False,False,False,packet_rejected,0
7,6,16,False,False,False,packet_rejected,0
7,6,17,False,False,False,packet_rejected,0
7,6,18,False,False,False,packet_rejected,0
7,6,19,False,False,False,packet_rejected,0
7,6,20,False,False,False,packet_rejected,0
7,6,21,False,False,False,packet_rejected,0
7,6,22,False,False,False,packet_rejected,0
7,6,23,False,False,False,packet_rejected,0
7,6,24,False,False,False,packet_rejected,0
7,6,25,False,False,False,packet_rejected,0
7,6,26,False,False,False,packet_rejected,0
7,6,27,False,False,False,packet_rejected,0
7,6,28,False,False,False,packet_rejected,0
7,6,29,False,False,False,packet_rejected,0
7,6,30,False,False,False,packet_rejected,0
7,6,31,False,False,False,packet_rejected,0
7,6,32,False,False,False,packet_rejected,0
7,6,33,False,False,False,packet_rejected,0
7,6,34,False,False,False,packet_rejected,0
7,6,35,False,False,False,packet_rejected,0
7,6,36,False,False,False,packet_rejected,0
7,6,37,False,False,False,packet_rejected,0
7,6,38,False,False,False,packet_rejected,0
7,6,39,False,False,False,packet_rejected,0
7,6,40,False,False,False,packet_rejected,0
7,6,41,False,False,False,packet_rejected,0
7,6,42,False,False,False,packet_rejected,0
7,6,43,False,False,False,packet_rejected,0
7,6,44,False,False,False,packet_rejected,0
7,6,45,False,False,False,packet_rejected,0
7,6,46,False,False,False,packet_rejected,0
7,6,47,False,False,False,packet_rejected,0
7,6,48,False,False,False,packet_rejected,0
7,6,49,False,False,False,packet_rejected,0
7,6,50,False,False,False,packet_rejected,0
7,6,51,False,False,False,packet_rejected,0
7,6,52,False,False,False,packet_rejected,0
7,6,53,False,False,False,packet_rejected,0
7,6,54,False,False,False,packet_rejected,0
7,6,55,False,False,False,packet_rejected,0
7,6,56,False,False,False,packet_rejected,0
7,6,57,False,False,False,packet_rejected,0
7,6,58,False,False,False,packet_rejected,0
7,6,59,False,False,False,packet_rejected,0
7,6,60,False,False,False,packet_rejected,0
7,6,61,False,False,False,packet_rejected,0
7,6,62,False,False,False,packet_rejected,0
7,6,63,False,False,False,packet_rejected,0
7,6,64,False,False,False,packet_rejected,0
7,6,65,False,False,False,packet_rejected,0
7,6,66,False,False,False,packet_rejected,0
7,6,67,False,False,False,packet_rejected,0
7,6,68,False,False,False,packet_rejected,0
7,6,69,False,False,False,packet_rejected,0
7,6,70,False,False,False,packet_rejected,0
7,6,71,False,False,False,packet_rejected,0
7,6,72,False,False,False,packet_rejected,0
7,6,73,False,False,False,packet_rejected,0
7,6,74,False,False,False,packet_rejected,0
7,6,75,False,False,False,packet_rejected,0
7,6,76,False,False,False,packet_rejected,0
7,6,77,False,False,False,packet_rejected,0
7,6,78,False,False,False,packet_rejected,0
7,6,79,False,False,False,packet_rejected,0
7,6,80,False,False,False,packet_rejected,0
7,6,81,False,False,False,packet_rejected,0
7,6,82,False,False,False,packet_rejected,0
7,6,83,False,False,False,packet_rejected,0
7,6,84,False,False,False,packet_rejected,0
7,6,85,False,False,False,packet_rejected,0
7,6,86,False,False,False,packet_rejected,0
7,6,87,False,False,False,packet_rejected,0
7,6,88,False,False,False,packet_rejected,0
7,6,89,False,False,False,packet_rejected,0
7,6,90,False,False,False,packet_rejected,0
7,6,91,False,False,False,packet_rejected,0
7,6,92,False,False,False,packet_rejected,0
7,6,93,False,False,False,packet_rejected,0
7,6,94,False,False,False,packet_rejected,0
7,6,95,False,False,False,packet_rejected,0
7,6,96,False,False,False,packet_rejected,0
7,6,97,False,False,False,packet_rejected,0
7,6,98,False,False,False,packet_rejected,0
7,6,99,False,False,False,packet_rejected,0
7,7,0,True,True,True,accepted,5
7,7,1,True,True,True,accepted,5
7,7,2,True,True,True,accepted,5
7,7,3,True,True,True,accepted,5
7,7,4,True,True,True,accepted,5
7,7,5,True,True,True,accepted,5
7,7,6,True,True,True,accepted,5
7,7,7,True,True,True,accepted,5
7,7,8,True,True,True,accepted,5
7,7,9,True,True,True,accepted,5
7,7,10,True,True,True,accepted,5
7,7,11,True,True,True,accepted,5
7,7,12,True,True,True,accepted,5
7,7,13,True,True,True,accepted,5
7,7,14,True,True,True,accepted,5
7,7,15,True,True,True,accepted,5
7,7,16,True,True,True,accepted,5
7,7,17,True,True,True,accepted,5
7,7,18,True,True,True,accepted,5
7,7,19,True,True,True,accepted,5
7,7,20,True,True,True,accepted,5
7,7,21,True,True,True,accepted,5
7,7,22,True,True,True,accepted,5
7,7,23,True,True,True,accepted,5
7,7,24,True,True,True,accepted,5
7,7,25,True,True,True,accepted,5
7,7,26,True,True,True,accepted,5
7,7,27,True,True,True,accepted,5
7,7,28,True,True,True,accepted,5
7,7,29,True,True,True,accepted,5
7,7,30,True,True,True,accepted,5
7,7,31,True,True,True,accepted,5
7,7,32,True,True,True,accepted,5
7,7,33,True,True,True,accepted,5
7,7,34,True,True,True,accepted,5
7,7,35,True,True,True,accepted,5
7,7,36,True,True,True,accepted,5
7,7,37,True,True,True,accepted,5
7,7,38,True,True,True,accepted,5
7,7,39,True,True,True,accepted,5
7,7,40,True,True,True,accepted,5
7,7,41,True,True,True,accepted,5
7,7,42,True,True,True,accepted,5
7,7,43,True,True,True,accepted,5
7,7,44,True,True,True,accepted,5
7,7,45,True,True,True,accepted,5
7,7,46,True,True,True,accepted,5
7,7,47,True,True,True,accepted,5
7,7,48,True,True,True,accepted,5
7,7,49,True,True,True,accepted,5
7,7,50,True,True,True,accepted,5
7,7,51,True,True,True,accepted,5
7,7,52,True,True,True,accepted,5
7,7,53,True,True,True,accepted,5
7,7,54,True,True,True,accepted,5
7,7,55,True,True,True,accepted,5
7,7,56,True,True,True,accepted,5
7,7,57,True,True,True,accepted,5
7,7,58,True,True,True,accepted,5
7,7,59,True,True,True,accepted,5
7,7,60,True,True,True,accepted,5
7,7,61,True,True,True,accepted,5
7,7,62,True,True,True,accepted,5
7,7,63,True,True,True,accepted,5
7,7,64,True,True,True,accepted,5
7,7,65,True,True,True,accepted,5
7,7,66,True,True,True,accepted,5
7,7,67,True,True,True,accepted,5
7,7,68,True,True,True,accepted,5
7,7,69,True,True,True,accepted,5
7,7,70,True,True,True,accepted,5
7,7,71,True,True,True,accepted,5
7,7,72,True,True,True,accepted,5
7,7,73,True,True,True,accepted,5
7,7,74,True,True,True,accepted,5
7,7,75,True,True,True,accepted,5
7,7,76,True,True,True,accepted,5
7,7,77,True,True,True,accepted,5
7,7,78,True,True,True,accepted,5
7,7,79,True,True,True,accepted,5
7,7,80,True,True,True,accepted,5
7,7,81,True,True,True,accepted,5
7,7,82,True,True,True,accepted,5
7,7,83,True,True,True,accepted,5
7,7,84,True,True,True,accepted,5
7,7,85,True,True,True,accepted,5
7,7,86,True,True,True,accepted,5
7,7,87,True,True,True,accepted,5
7,7,88,True,True,True,accepted,5
7,7,89,True,True,True,accepted,5
7,7,90,True,True,True,accepted,5
7,7,91,True,True,True,accepted,5
7,7,92,True,True,True,accepted,5
7,7,93,True,True,True,accepted,5
7,7,94,True,True,True,accepted,5
7,7,95,True,True,True,accepted,5
7,7,96,True,True,True,accepted,5
7,7,97,True,True,True,accepted,5
7,7,98,True,True,True,accepted,5
7,7,99,True,True,True,accepted,5
7,8,0,False,False,False,packet_rejected,0
7,8,1,False,False,False,packet_rejected,0
7,8,2,False,False,False,packet_rejected,0
7,8,3,False,False,False,packet_rejected,0
7,8,4,False,False,False,packet_rejected,0
7,8,5,False,False,False,packet_rejected,0
7,8,6,False,False,False,packet_rejected,0
7,8,7,False,False,False,packet_rejected,0
7,8,8,False,False,False,packet_rejected,0
7,8,9,False,False,False,packet_rejected,0
7,8,10,False,False,False,packet_rejected,0
7,8,11,False,False,False,packet_rejected,0
7,8,12,False,False,False,packet_rejected,0
7,8,13,False,False,False,packet_rejected,0
7,8,14,False,False,False,packet_rejected,0
7,8,15,False,False,False,packet_rejected,0
7,8,16,False,False,False,packet_rejected,0
7,8,17,False,False,False,packet_rejected,0
7,8,18,False,False,False,packet_rejected,0
7,8,19,False,False,False,packet_rejected,0
7,8,20,False,False,False,packet_rejected,0
7,8,21,False,False,False,packet_rejected,0
7,8,22,False,False,False,packet_rejected,0
7,8,23,False,False,False,packet_rejected,0
7,8,24,False,False,False,packet_rejected,0
7,8,25,False,False,False,packet_rejected,0
7,8,26,False,False,False,packet_rejected,0
7,8,27,False,False,False,packet_rejected,0
7,8,28,False,False,False,packet_rejected,0
7,8,29,False,False,False,packet_rejected,0
7,8,30,False,False,False,packet_rejected,0
7,8,31,False,False,False,packet_rejected,0
7,8,32,False,False,False,packet_rejected,0
7,8,33,False,False,False,packet_rejected,0
7,8,34,False,False,False,packet_rejected,0
7,8,35,False,False,False,packet_rejected,0
7,8,36,False,False,False,packet_rejected,0
7,8,37,False,False,False,packet_rejected,0
7,8,38,False,False,False,packet_rejected,0
7,8,39,False,False,False,packet_rejected,0
7,8,40,False,False,False,packet_rejected,0
7,8,41,False,False,False,packet_rejected,0
7,8,42,False,False,False,packet_rejected,0
7,8,43,False,False,False,packet_rejected,0
7,8,44,False,False,False,packet_rejected,0
7,8,45,False,False,False,packet_rejected,0
7,8,46,False,False,False,packet_rejected,0
7,8,47,False,False,False,packet_rejected,0
7,8,48,False,False,False,packet_rejected,0
7,8,49,False,False,False,packet_rejected,0
7,8,50,False,False,False,packet_rejected,0
7,8,51,False,False,False,packet_rejected,0
7,8,52,False,False,False,packet_rejected,0
7,8,53,False,False,False,packet_rejected,0
7,8,54,False,False,False,packet_rejected,0
7,8,55,False,False,False,packet_rejected,0
7,8,56,False,False,False,packet_rejected,0
7,8,57,False,False,False,packet_rejected,0
7,8,58,False,False,False,packet_rejected,0
7,8,59,False,False,False,packet_rejected,0
7,8,60,False,False,False,packet_rejected,0
7,8,61,False,False,False,packet_rejected,0
7,8,62,False,False,False,packet_rejected,0
7,8,63,False,False,False,packet_rejected,0
7,8,64,False,False,False,packet_rejected,0
7,8,65,False,False,False,packet_rejected,0
7,8,66,False,False,False,packet_rejected,0
7,8,67,False,False,False,packet_rejected,0
7,8,68,False,False,False,packet_rejected,0
7,8,69,False,False,False,packet_rejected,0
7,8,70,False,False,False,packet_rejected,0
7,8,71,False,False,False,packet_rejected,0
7,8,72,False,False,False,packet_rejected,0
7,8,73,False,False,False,packet_rejected,0
7,8,74,False,False,False,packet_rejected,0
7,8,75,False,False,False,packet_rejected,0
7,8,76,False,False,False,packet_rejected,0
7,8,77,False,False,False,packet_rejected,0
7,8,78,False,False,False,packet_rejected,0
7,8,79,False,False,False,packet_rejected,0
7,8,80,False,False,False,packet_rejected,0
7,8,81,False,False,False,packet_rejected,0
7,8,82,False,False,False,packet_rejected,0
7,8,83,False,False,False,packet_rejected,0
7,8,84,False,False,False,packet_rejected,0
7,8,85,False,False,False,packet_rejected,0
7,8,86,False,False,False,packet_rejected,0
7,8,87,False,False,False,packet_rejected,0
7,8,88,False,False,False,packet_rejected,0
7,8,89,False,False,False,packet_rejected,0
7,8,90,False,False,False,packet_rejected,0
7,8,91,False,False,False,packet_rejected,0
7,8,92,False,False,False,packet_rejected,0
7,8,93,False,False,False,packet_rejected,0
7,8,94,False,False,False,packet_rejected,0
7,8,95,False,False,False,packet_rejected,0
7,8,96,False,False,False,packet_rejected,0
7,8,97,False,False,False,packet_rejected,0
7,8,98,False,False,False,packet_rejected,0
7,8,99,False,False,False,packet_rejected,0
8,0,0,False,False,False,packet_rejected,0
8,0,1,False,False,False,packet_rejected,0
8,0,2,False,False,False,packet_rejected,0
8,0,3,False,False,False,packet_rejected,0
8,0,4,False,False,False,packet_rejected,0
8,0,5,False,False,False,packet_rejected,0
8,0,6,False,False,False,packet_rejected,0
8,0,7,False,False,False,packet_rejected,0
8,0,8,False,False,False,packet_rejected,0
8,0,9,False,False,False,packet_rejected,0
8,0,10,False,False,False,packet_rejected,0
8,0,11,False,False,False,packet_rejected,0
8,0,12,False,False,False,packet_rejected,0
8,0,13,False,False,False,packet_rejected,0
8,0,14,False,False,False,packet_rejected,0
8,0,15,False,False,False,packet_rejected,0
8,0,16,False,False,False,packet_rejected,0
8,0,17,False,False,False,packet_rejected,0
8,0,18,False,False,False,packet_rejected,0
8,0,19,False,False,False,packet_rejected,0
8,0,20,False,False,False,packet_rejected,0
8,0,21,False,False,False,packet_rejected,0
8,0,22,False,False,False,packet_rejected,0
8,0,23,False,False,False,packet_rejected,0
8,0,24,False,False,False,packet_rejected,0
8,0,25,False,False,False,packet_rejected,0
8,0,26,False,False,False,packet_rejected,0
8,0,27,False,False,False,packet_rejected,0
8,0,28,False,False,False,packet_rejected,0
8,0,29,False,False,False,packet_rejected,0
8,0,30,False,False,False,packet_rejected,0
8,0,31,False,False,False,packet_rejected,0
8,0,32,False,False,False,packet_rejected,0
8,0,33,False,False,False,packet_rejected,0
8,0,34,False,False,False,packet_rejected,0
8,0,35,False,False,False,packet_rejected,0
8,0,36,False,False,False,packet_rejected,0
8,0,37,False,False,False,packet_rejected,0
8,0,38,False,False,False,packet_rejected,0
8,0,39,False,False,False,packet_rejected,0
8,0,40,False,False,False,packet_rejected,0
8,0,41,False,False,False,packet_rejected,0
8,0,42,False,False,False,packet_rejected,0
8,0,43,False,False,False,packet_rejected,0
8,0,44,False,False,False,packet_rejected,0
8,0,45,False,False,False,packet_rejected,0
8,0,46,False,False,False,packet_rejected,0
8,0,47,False,False,False,packet_rejected,0
8,0,48,False,False,False,packet_rejected,0
8,0,49,False,False,False,packet_rejected,0
8,0,50,False,False,False,packet_rejected,0
8,0,51,False,False,False,packet_rejected,0
8,0,52,False,False,False,packet_rejected,0
8,0,53,False,False,False,packet_rejected,0
8,0,54,False,False,False,packet_rejected,0
8,0,55,False,False,False,packet_rejected,0
8,0,56,False,False,False,packet_rejected,0
8,0,57,False,False,False,packet_rejected,0
8,0,58,False,False,False,packet_rejected,0
8,0,59,False,False,False,packet_rejected,0
8,0,60,False,False,False,packet_rejected,0
8,0,61,False,False,False,packet_rejected,0
8,0,62,False,False,False,packet_rejected,0
8,0,63,False,False,False,packet_rejected,0
8,0,64,False,False,False,packet_rejected,0
8,0,65,False,False,False,packet_rejected,0
8,0,66,False,False,False,packet_rejected,0
8,0,67,False,False,False,packet_rejected,0
8,0,68,False,False,False,packet_rejected,0
8,0,69,False,False,False,packet_rejected,0
8,0,70,False,False,False,packet_rejected,0
8,0,71,False,False,False,packet_rejected,0
8,0,72,False,False,False,packet_rejected,0
8,0,73,False,False,False,packet_rejected,0
8,0,74,False,False,False,packet_rejected,0
8,0,75,False,False,False,packet_rejected,0
8,0,76,False,False,False,packet_rejected,0
8,0,77,False,False,False,packet_rejected,0
8,0,78,False,False,False,packet_rejected,0
8,0,79,False,False,False,packet_rejected,0
8,0,80,False,False,False,packet_rejected,0
8,0,81,False,False,False,packet_rejected,0
8,0,82,False,False,False,packet_rejected,0
8,0,83,False,False,False,packet_rejected,0
8,0,84,False,False,False,packet_rejected,0
8,0,85,False,False,False,packet_rejected,0
8,0,86,False,False,False,packet_rejected,0
8,0,87,False,False,False,packet_rejected,0
8,0,88,False,False,False,packet_rejected,0
8,0,89,False,False,False,packet_rejected,0
8,0,90,False,False,False,packet_rejected,0
8,0,91,False,False,False,packet_rejected,0
8,0,92,False,False,False,packet_rejected,0
8,0,93,False,False,False,packet_rejected,0
8,0,94,False,False,False,packet_rejected,0
8,0,95,False,False,False,packet_rejected,0
8,0,96,False,False,False,packet_rejected,0
8,0,97,False,False,False,packet_rejected,0
8,0,98,False,False,False,packet_rejected,0
8,0,99,False,False,False,packet_rejected,0
8,1,0,False,False,False,packet_rejected,0
8,1,1,False,False,False,packet_rejected,0
8,1,2,False,False,False,packet_rejected,0
8,1,3,False,False,False,packet_rejected,0
8,1,4,False,False,False,packet_rejected,0
8,1,5,False,False,False,packet_rejected,0
8,1,6,False,False,False,packet_rejected,0
8,1,7,False,False,False,packet_rejected,0
8,1,8,False,False,False,packet_rejected,0
8,1,9,False,False,False,packet_rejected,0
8,1,10,False,False,False,packet_rejected,0
8,1,11,False,False,False,packet_rejected,0
8,1,12,False,False,False,packet_rejected,0
8,1,13,False,False,False,packet_rejected,0
8,1,14,False,False,False,packet_rejected,0
8,1,15,False,False,False,packet_rejected,0
8,1,16,False,False,False,packet_rejected,0
8,1,17,False,False,False,packet_rejected,0
8,1,18,False,False,False,packet_rejected,0
8,1,19,False,False,False,packet_rejected,0
8,1,20,False,False,False,packet_rejected,0
8,1,21,False,False,False,packet_rejected,0
8,1,22,False,False,False,packet_rejected,0
8,1,23,False,False,False,packet_rejected,0
8,1,24,False,False,False,packet_rejected,0
8,1,25,False,False,False,packet_rejected,0
8,1,26,False,False,False,packet_rejected,0
8,1,27,False,False,False,packet_rejected,0
8,1,28,False,False,False,packet_rejected,0
8,1,29,False,False,False,packet_rejected,0
8,1,30,False,False,False,packet_rejected,0
8,1,31,False,False,False,packet_rejected,0
8,1,32,False,False,False,packet_rejected,0
8,1,33,False,False,False,packet_rejected,0
8,1,34,False,False,False,packet_rejected,0
8,1,35,False,False,False,packet_rejected,0
8,1,36,False,False,False,packet_rejected,0
8,1,37,False,False,False,packet_rejected,0
8,1,38,False,False,False,packet_rejected,0
8,1,39,False,False,False,packet_rejected,0
8,1,40,False,False,False,packet_rejected,0
8,1,41,False,False,False,packet_rejected,0
8,1,42,False,False,False,packet_rejected,0
8,1,43,False,False,False,packet_rejected,0
8,1,44,False,False,False,packet_rejected,0
8,1,45,False,False,False,packet_rejected,0
8,1,46,False,False,False,packet_rejected,0
8,1,47,False,False,False,packet_rejected,0
8,1,48,False,False,False,packet_rejected,0
8,1,49,False,False,False,packet_rejected,0
8,1,50,False,False,False,packet_rejected,0
8,1,51,False,False,False,packet_rejected,0
8,1,52,False,False,False,packet_rejected,0
8,1,53,False,False,False,packet_rejected,0
8,1,54,False,False,False,packet_rejected,0
8,1,55,False,False,False,packet_rejected,0
8,1,56,False,False,False,packet_rejected,0
8,1,57,False,False,False,packet_rejected,0
8,1,58,False,False,False,packet_rejected,0
8,1,59,False,False,False,packet_rejected,0
8,1,60,False,False,False,packet_rejected,0
8,1,61,False,False,False,packet_rejected,0
8,1,62,False,False,False,packet_rejected,0
8,1,63,False,False,False,packet_rejected,0
8,1,64,False,False,False,packet_rejected,0
8,1,65,False,False,False,packet_rejected,0
8,1,66,False,False,False,packet_rejected,0
8,1,67,False,False,False,packet_rejected,0
8,1,68,False,False,False,packet_rejected,0
8,1,69,False,False,False,packet_rejected,0
8,1,70,False,False,False,packet_rejected,0
8,1,71,False,False,False,packet_rejected,0
8,1,72,False,False,False,packet_rejected,0
8,1,73,False,False,False,packet_rejected,0
8,1,74,False,False,False,packet_rejected,0
8,1,75,False,False,False,packet_rejected,0
8,1,76,False,False,False,packet_rejected,0
8,1,77,False,False,False,packet_rejected,0
8,1,78,False,False,False,packet_rejected,0
8,1,79,False,False,False,packet_rejected,0
8,1,80,False,False,False,packet_rejected,0
8,1,81,False,False,False,packet_rejected,0
8,1,82,False,False,False,packet_rejected,0
8,1,83,False,False,False,packet_rejected,0
8,1,84,False,False,False,packet_rejected,0
8,1,85,False,False,False,packet_rejected,0
8,1,86,False,False,False,packet_rejected,0
8,1,87,False,False,False,packet_rejected,0
8,1,88,False,False,False,packet_rejected,0
8,1,89,False,False,False,packet_rejected,0
8,1,90,False,False,False,packet_rejected,0
8,1,91,False,False,False,packet_rejected,0
8,1,92,False,False,False,packet_rejected,0
8,1,93,False,False,False,packet_rejected,0
8,1,94,False,False,False,packet_rejected,0
8,1,95,False,False,False,packet_rejected,0
8,1,96,False,False,False,packet_rejected,0
8,1,97,False,False,False,packet_rejected,0
8,1,98,False,False,False,packet_rejected,0
8,1,99,False,False,False,packet_rejected,0
8,2,0,False,False,False,packet_rejected,0
8,2,1,False,False,False,packet_rejected,0
8,2,2,False,False,False,packet_rejected,0
8,2,3,False,False,False,packet_rejected,0
8,2,4,False,False,False,packet_rejected,0
8,2,5,False,False,False,packet_rejected,0
8,2,6,False,False,False,packet_rejected,0
8,2,7,False,False,False,packet_rejected,0
8,2,8,False,False,False,packet_rejected,0
8,2,9,False,False,False,packet_rejected,0
8,2,10,False,False,False,packet_rejected,0
8,2,11,False,False,False,packet_rejected,0
8,2,12,False,False,False,packet_rejected,0
8,2,13,False,False,False,packet_rejected,0
8,2,14,False,False,False,packet_rejected,0
8,2,15,False,False,False,packet_rejected,0
8,2,16,False,False,False,packet_rejected,0
8,2,17,False,False,False,packet_rejected,0
8,2,18,False,False,False,packet_rejected,0
8,2,19,False,False,False,packet_rejected,0
8,2,20,False,False,False,packet_rejected,0
8,2,21,False,False,False,packet_rejected,0
8,2,22,False,False,False,packet_rejected,0
8,2,23,False,False,False,packet_rejected,0
8,2,24,False,False,False,packet_rejected,0
8,2,25,False,False,False,packet_rejected,0
8,2,26,False,False,False,packet_rejected,0
8,2,27,False,False,False,packet_rejected,0
8,2,28,False,False,False,packet_rejected,0
8,2,29,False,False,False,packet_rejected,0
8,2,30,False,False,False,packet_rejected,0
8,2,31,False,False,False,packet_rejected,0
8,2,32,False,False,False,packet_rejected,0
8,2,33,False,False,False,packet_rejected,0
8,2,34,False,False,False,packet_rejected,0
8,2,35,False,False,False,packet_rejected,0
8,2,36,False,False,False,packet_rejected,0
8,2,37,False,False,False,packet_rejected,0
8,2,38,False,False,False,packet_rejected,0
8,2,39,False,False,False,packet_rejected,0
8,2,40,False,False,False,packet_rejected,0
8,2,41,False,False,False,packet_rejected,0
8,2,42,False,False,False,packet_rejected,0
8,2,43,False,False,False,packet_rejected,0
8,2,44,False,False,False,packet_rejected,0
8,2,45,False,False,False,packet_rejected,0
8,2,46,False,False,False,packet_rejected,0
8,2,47,False,False,False,packet_rejected,0
8,2,48,False,False,False,packet_rejected,0
8,2,49,False,False,False,packet_rejected,0
8,2,50,False,False,False,packet_rejected,0
8,2,51,False,False,False,packet_rejected,0
8,2,52,False,False,False,packet_rejected,0
8,2,53,False,False,False,packet_rejected,0
8,2,54,False,False,False,packet_rejected,0
8,2,55,False,False,False,packet_rejected,0
8,2,56,False,False,False,packet_rejected,0
8,2,57,False,False,False,packet_rejected,0
8,2,58,False,False,False,packet_rejected,0
8,2,59,False,False,False,packet_rejected,0
8,2,60,False,False,False,packet_rejected,0
8,2,61,False,False,False,packet_rejected,0
8,2,62,False,False,False,packet_rejected,0
8,2,63,False,False,False,packet_rejected,0
8,2,64,False,False,False,packet_rejected,0
8,2,65,False,False,False,packet_rejected,0
8,2,66,False,False,False,packet_rejected,0
8,2,67,False,False,False,packet_rejected,0
8,2,68,False,False,False,packet_rejected,0
8,2,69,False,False,False,packet_rejected,0
8,2,70,False,False,False,packet_rejected,0
8,2,71,False,False,False,packet_rejected,0
8,2,72,False,False,False,packet_rejected,0
8,2,73,False,False,False,packet_rejected,0
8,2,74,False,False,False,packet_rejected,0
8,2,75,False,False,False,packet_rejected,0
8,2,76,False,False,False,packet_rejected,0
8,2,77,False,False,False,packet_rejected,0
8,2,78,False,False,False,packet_rejected,0
8,2,79,False,False,False,packet_rejected,0
8,2,80,False,False,False,packet_rejected,0
8,2,81,False,False,False,packet_rejected,0
8,2,82,False,False,False,packet_rejected,0
8,2,83,False,False,False,packet_rejected,0
8,2,84,False,False,False,packet_rejected,0
8,2,85,False,False,False,packet_rejected,0
8,2,86,False,False,False,packet_rejected,0
8,2,87,False,False,False,packet_rejected,0
8,2,88,False,False,False,packet_rejected,0
8,2,89,False,False,False,packet_rejected,0
8,2,90,False,False,False,packet_rejected,0
8,2,91,False,False,False,packet_rejected,0
8,2,92,False,False,False,packet_rejected,0
8,2,93,False,False,False,packet_rejected,0
8,2,94,False,False,False,packet_rejected,0
8,2,95,False,False,False,packet_rejected,0
8,2,96,False,False,False,packet_rejected,0
8,2,97,False,False,False,packet_rejected,0
8,2,98,False,False,False,packet_rejected,0
8,2,99,False,False,False,packet_rejected,0
8,3,0,False,False,False,packet_rejected,0
8,3,1,False,False,False,packet_rejected,0
8,3,2,False,False,False,packet_rejected,0
8,3,3,False,False,False,packet_rejected,0
8,3,4,False,False,False,packet_rejected,0
8,3,5,False,False,False,packet_rejected,0
8,3,6,False,False,False,packet_rejected,0
8,3,7,False,False,False,packet_rejected,0
8,3,8,False,False,False,packet_rejected,0
8,3,9,False,False,False,packet_rejected,0
8,3,10,False,False,False,packet_rejected,0
8,3,11,False,False,False,packet_rejected,0
8,3,12,False,False,False,packet_rejected,0
8,3,13,False,False,False,packet_rejected,0
8,3,14,False,False,False,packet_rejected,0
8,3,15,False,False,False,packet_rejected,0
8,3,16,False,False,False,packet_rejected,0
8,3,17,False,False,False,packet_rejected,0
8,3,18,False,False,False,packet_rejected,0
8,3,19,False,False,False,packet_rejected,0
8,3,20,False,False,False,packet_rejected,0
8,3,21,False,False,False,packet_rejected,0
8,3,22,False,False,False,packet_rejected,0
8,3,23,False,False,False,packet_rejected,0
8,3,24,False,False,False,packet_rejected,0
8,3,25,False,False,False,packet_rejected,0
8,3,26,False,False,False,packet_rejected,0
8,3,27,False,False,False,packet_rejected,0
8,3,28,False,False,False,packet_rejected,0
8,3,29,False,False,False,packet_rejected,0
8,3,30,False,False,False,packet_rejected,0
8,3,31,False,False,False,packet_rejected,0
8,3,32,False,False,False,packet_rejected,0
8,3,33,False,False,False,packet_rejected,0
8,3,34,False,False,False,packet_rejected,0
8,3,35,False,False,False,packet_rejected,0
8,3,36,False,False,False,packet_rejected,0
8,3,37,False,False,False,packet_rejected,0
8,3,38,False,False,False,packet_rejected,0
8,3,39,False,False,False,packet_rejected,0
8,3,40,False,False,False,packet_rejected,0
8,3,41,False,False,False,packet_rejected,0
8,3,42,False,False,False,packet_rejected,0
8,3,43,False,False,False,packet_rejected,0
8,3,44,False,False,False,packet_rejected,0
8,3,45,False,False,False,packet_rejected,0
8,3,46,False,False,False,packet_rejected,0
8,3,47,False,False,False,packet_rejected,0
8,3,48,False,False,False,packet_rejected,0
8,3,49,False,False,False,packet_rejected,0
8,3,50,False,False,False,packet_rejected,0
8,3,51,False,False,False,packet_rejected,0
8,3,52,False,False,False,packet_rejected,0
8,3,53,False,False,False,packet_rejected,0
8,3,54,False,False,False,packet_rejected,0
8,3,55,False,False,False,packet_rejected,0
8,3,56,False,False,False,packet_rejected,0
8,3,57,False,False,False,packet_rejected,0
8,3,58,False,False,False,packet_rejected,0
8,3,59,False,False,False,packet_rejected,0
8,3,60,False,False,False,packet_rejected,0
8,3,61,False,False,False,packet_rejected,0
8,3,62,False,False,False,packet_rejected,0
8,3,63,False,False,False,packet_rejected,0
8,3,64,False,False,False,packet_rejected,0
8,3,65,False,False,False,packet_rejected,0
8,3,66,False,False,False,packet_rejected,0
8,3,67,False,False,False,packet_rejected,0
8,3,68,False,False,False,packet_rejected,0
8,3,69,False,False,False,packet_rejected,0
8,3,70,False,False,False,packet_rejected,0
8,3,71,False,False,False,packet_rejected,0
8,3,72,False,False,False,packet_rejected,0
8,3,73,False,False,False,packet_rejected,0
8,3,74,False,False,False,packet_rejected,0
8,3,75,False,False,False,packet_rejected,0
8,3,76,False,False,False,packet_rejected,0
8,3,77,False,False,False,packet_rejected,0
8,3,78,False,False,False,packet_rejected,0
8,3,79,False,False,False,packet_rejected,0
8,3,80,False,False,False,packet_rejected,0
8,3,81,False,False,False,packet_rejected,0
8,3,82,False,False,False,packet_rejected,0
8,3,83,False,False,False,packet_rejected,0
8,3,84,False,False,False,packet_rejected,0
8,3,85,False,False,False,packet_rejected,0
8,3,86,False,False,False,packet_rejected,0
8,3,87,False,False,False,packet_rejected,0
8,3,88,False,False,False,packet_rejected,0
8,3,89,False,False,False,packet_rejected,0
8,3,90,False,False,False,packet_rejected,0
8,3,91,False,False,False,packet_rejected,0
8,3,92,False,False,False,packet_rejected,0
8,3,93,False,False,False,packet_rejected,0
8,3,94,False,False,False,packet_rejected,0
8,3,95,False,False,False,packet_rejected,0
8,3,96,False,False,False,packet_rejected,0
8,3,97,False,False,False,packet_rejected,0
8,3,98,False,False,False,packet_rejected,0
8,3,99,False,False,False,packet_rejected,0
8,4,0,False,False,False,packet_rejected,0
8,4,1,False,False,False,packet_rejected,0
8,4,2,False,False,False,packet_rejected,0
8,4,3,False,False,False,packet_rejected,0
8,4,4,False,False,False,packet_rejected,0
8,4,5,False,False,False,packet_rejected,0
8,4,6,False,False,False,packet_rejected,0
8,4,7,False,False,False,packet_rejected,0
8,4,8,False,False,False,packet_rejected,0
8,4,9,False,False,False,packet_rejected,0
8,4,10,False,False,False,packet_rejected,0
8,4,11,False,False,False,packet_rejected,0
8,4,12,False,False,False,packet_rejected,0
8,4,13,False,False,False,packet_rejected,0
8,4,14,False,False,False,packet_rejected,0
8,4,15,False,False,False,packet_rejected,0
8,4,16,False,False,False,packet_rejected,0
8,4,17,False,False,False,packet_rejected,0
8,4,18,False,False,False,packet_rejected,0
8,4,19,False,False,False,packet_rejected,0
8,4,20,False,False,False,packet_rejected,0
8,4,21,False,False,False,packet_rejected,0
8,4,22,False,False,False,packet_rejected,0
8,4,23,False,False,False,packet_rejected,0
8,4,24,False,False,False,packet_rejected,0
8,4,25,False,False,False,packet_rejected,0
8,4,26,False,False,False,packet_rejected,0
8,4,27,False,False,False,packet_rejected,0
8,4,28,False,False,False,packet_rejected,0
8,4,29,False,False,False,packet_rejected,0
8,4,30,False,False,False,packet_rejected,0
8,4,31,False,False,False,packet_rejected,0
8,4,32,False,False,False,packet_rejected,0
8,4,33,False,False,False,packet_rejected,0
8,4,34,False,False,False,packet_rejected,0
8,4,35,False,False,False,packet_rejected,0
8,4,36,False,False,False,packet_rejected,0
8,4,37,False,False,False,packet_rejected,0
8,4,38,False,False,False,packet_rejected,0
8,4,39,False,False,False,packet_rejected,0
8,4,40,False,False,False,packet_rejected,0
8,4,41,False,False,False,packet_rejected,0
8,4,42,False,False,False,packet_rejected,0
8,4,43,False,False,False,packet_rejected,0
8,4,44,False,False,False,packet_rejected,0
8,4,45,False,False,False,packet_rejected,0
8,4,46,False,False,False,packet_rejected,0
8,4,47,False,False,False,packet_rejected,0
8,4,48,False,False,False,packet_rejected,0
8,4,49,False,False,False,packet_rejected,0
8,4,50,False,False,False,packet_rejected,0
8,4,51,False,False,False,packet_rejected,0
8,4,52,False,False,False,packet_rejected,0
8,4,53,False,False,False,packet_rejected,0
8,4,54,False,False,False,packet_rejected,0
8,4,55,False,False,False,packet_rejected,0
8,4,56,False,False,False,packet_rejected,0
8,4,57,False,False,False,packet_rejected,0
8,4,58,False,False,False,packet_rejected,0
8,4,59,False,False,False,packet_rejected,0
8,4,60,False,False,False,packet_rejected,0
8,4,61,False,False,False,packet_rejected,0
8,4,62,False,False,False,packet_rejected,0
8,4,63,False,False,False,packet_rejected,0
8,4,64,False,False,False,packet_rejected,0
8,4,65,False,False,False,packet_rejected,0
8,4,66,False,False,False,packet_rejected,0
8,4,67,False,False,False,packet_rejected,0
8,4,68,False,False,False,packet_rejected,0
8,4,69,False,False,False,packet_rejected,0
8,4,70,False,False,False,packet_rejected,0
8,4,71,False,False,False,packet_rejected,0
8,4,72,False,False,False,packet_rejected,0
8,4,73,False,False,False,packet_rejected,0
8,4,74,False,False,False,packet_rejected,0
8,4,75,False,False,False,packet_rejected,0
8,4,76,False,False,False,packet_rejected,0
8,4,77,False,False,False,packet_rejected,0
8,4,78,False,False,False,packet_rejected,0
8,4,79,False,False,False,packet_rejected,0
8,4,80,False,False,False,packet_rejected,0
8,4,81,False,False,False,packet_rejected,0
8,4,82,False,False,False,packet_rejected,0
8,4,83,False,False,False,packet_rejected,0
8,4,84,False,False,False,packet_rejected,0
8,4,85,False,False,False,packet_rejected,0
8,4,86,False,False,False,packet_rejected,0
8,4,87,False,False,False,packet_rejected,0
8,4,88,False,False,False,packet_rejected,0
8,4,89,False,False,False,packet_rejected,0
8,4,90,False,False,False,packet_rejected,0
8,4,91,False,False,False,packet_rejected,0
8,4,92,False,False,False,packet_rejected,0
8,4,93,False,False,False,packet_rejected,0
8,4,94,False,False,False,packet_rejected,0
8,4,95,False,False,False,packet_rejected,0
8,4,96,False,False,False,packet_rejected,0
8,4,97,False,False,False,packet_rejected,0
8,4,98,False,False,False,packet_rejected,0
8,4,99,False,False,False,packet_rejected,0
8,5,0,False,False,False,packet_rejected,0
8,5,1,False,False,False,packet_rejected,0
8,5,2,False,False,False,packet_rejected,0
8,5,3,False,False,False,packet_rejected,0
8,5,4,False,False,False,packet_rejected,0
8,5,5,False,False,False,packet_rejected,0
8,5,6,False,False,False,packet_rejected,0
8,5,7,False,False,False,packet_rejected,0
8,5,8,False,False,False,packet_rejected,0
8,5,9,False,False,False,packet_rejected,0
8,5,10,False,False,False,packet_rejected,0
8,5,11,False,False,False,packet_rejected,0
8,5,12,False,False,False,packet_rejected,0
8,5,13,False,False,False,packet_rejected,0
8,5,14,False,False,False,packet_rejected,0
8,5,15,False,False,False,packet_rejected,0
8,5,16,False,False,False,packet_rejected,0
8,5,17,False,False,False,packet_rejected,0
8,5,18,False,False,False,packet_rejected,0
8,5,19,False,False,False,packet_rejected,0
8,5,20,False,False,False,packet_rejected,0
8,5,21,False,False,False,packet_rejected,0
8,5,22,False,False,False,packet_rejected,0
8,5,23,False,False,False,packet_rejected,0
8,5,24,False,False,False,packet_rejected,0
8,5,25,False,False,False,packet_rejected,0
8,5,26,False,False,False,packet_rejected,0
8,5,27,False,False,False,packet_rejected,0
8,5,28,False,False,False,packet_rejected,0
8,5,29,False,False,False,packet_rejected,0
8,5,30,False,False,False,packet_rejected,0
8,5,31,False,False,False,packet_rejected,0
8,5,32,False,False,False,packet_rejected,0
8,5,33,False,False,False,packet_rejected,0
8,5,34,False,False,False,packet_rejected,0
8,5,35,False,False,False,packet_rejected,0
8,5,36,False,False,False,packet_rejected,0
8,5,37,False,False,False,packet_rejected,0
8,5,38,False,False,False,packet_rejected,0
8,5,39,False,False,False,packet_rejected,0
8,5,40,False,False,False,packet_rejected,0
8,5,41,False,False,False,packet_rejected,0
8,5,42,False,False,False,packet_rejected,0
8,5,43,False,False,False,packet_rejected,0
8,5,44,False,False,False,packet_rejected,0
8,5,45,False,False,False,packet_rejected,0
8,5,46,False,False,False,packet_rejected,0
8,5,47,False,False,False,packet_rejected,0
8,5,48,False,False,False,packet_rejected,0
8,5,49,False,False,False,packet_rejected,0
8,5,50,False,False,False,packet_rejected,0
8,5,51,False,False,False,packet_rejected,0
8,5,52,False,False,False,packet_rejected,0
8,5,53,False,False,False,packet_rejected,0
8,5,54,False,False,False,packet_rejected,0
8,5,55,False,False,False,packet_rejected,0
8,5,56,False,False,False,packet_rejected,0
8,5,57,False,False,False,packet_rejected,0
8,5,58,False,False,False,packet_rejected,0
8,5,59,False,False,False,packet_rejected,0
8,5,60,False,False,False,packet_rejected,0
8,5,61,False,False,False,packet_rejected,0
8,5,62,False,False,False,packet_rejected,0
8,5,63,False,False,False,packet_rejected,0
8,5,64,False,False,False,packet_rejected,0
8,5,65,False,False,False,packet_rejected,0
8,5,66,False,False,False,packet_rejected,0
8,5,67,False,False,False,packet_rejected,0
8,5,68,False,False,False,packet_rejected,0
8,5,69,False,False,False,packet_rejected,0
8,5,70,False,False,False,packet_rejected,0
8,5,71,False,False,False,packet_rejected,0
8,5,72,False,False,False,packet_rejected,0
8,5,73,False,False,False,packet_rejected,0
8,5,74,False,False,False,packet_rejected,0
8,5,75,False,False,False,packet_rejected,0
8,5,76,False,False,False,packet_rejected,0
8,5,77,False,False,False,packet_rejected,0
8,5,78,False,False,False,packet_rejected,0
8,5,79,False,False,False,packet_rejected,0
8,5,80,False,False,False,packet_rejected,0
8,5,81,False,False,False,packet_rejected,0
8,5,82,False,False,False,packet_rejected,0
8,5,83,False,False,False,packet_rejected,0
8,5,84,False,False,False,packet_rejected,0
8,5,85,False,False,False,packet_rejected,0
8,5,86,False,False,False,packet_rejected,0
8,5,87,False,False,False,packet_rejected,0
8,5,88,False,False,False,packet_rejected,0
8,5,89,False,False,False,packet_rejected,0
8,5,90,False,False,False,packet_rejected,0
8,5,91,False,False,False,packet_rejected,0
8,5,92,False,False,False,packet_rejected,0
8,5,93,False,False,False,packet_rejected,0
8,5,94,False,False,False,packet_rejected,0
8,5,95,False,False,False,packet_rejected,0
8,5,96,False,False,False,packet_rejected,0
8,5,97,False,False,False,packet_rejected,0
8,5,98,False,False,False,packet_rejected,0
8,5,99,False,False,False,packet_rejected,0
8,6,0,False,False,False,packet_rejected,0
8,6,1,False,False,False,packet_rejected,0
8,6,2,False,False,False,packet_rejected,0
8,6,3,False,False,False,packet_rejected,0
8,6,4,False,False,False,packet_rejected,0
8,6,5,False,False,False,packet_rejected,0
8,6,6,False,False,False,packet_rejected,0
8,6,7,False,False,False,packet_rejected,0
8,6,8,False,False,False,packet_rejected,0
8,6,9,False,False,False,packet_rejected,0
8,6,10,False,False,False,packet_rejected,0
8,6,11,False,False,False,packet_rejected,0
8,6,12,False,False,False,packet_rejected,0
8,6,13,False,False,False,packet_rejected,0
8,6,14,False,False,False,packet_rejected,0
8,6,15,False,False,False,packet_rejected,0
8,6,16,False,False,False,packet_rejected,0
8,6,17,False,False,False,packet_rejected,0
8,6,18,False,False,False,packet_rejected,0
8,6,19,False,False,False,packet_rejected,0
8,6,20,False,False,False,packet_rejected,0
8,6,21,False,False,False,packet_rejected,0
8,6,22,False,False,False,packet_rejected,0
8,6,23,False,False,False,packet_rejected,0
8,6,24,False,False,False,packet_rejected,0
8,6,25,False,False,False,packet_rejected,0
8,6,26,False,False,False,packet_rejected,0
8,6,27,False,False,False,packet_rejected,0
8,6,28,False,False,False,packet_rejected,0
8,6,29,False,False,False,packet_rejected,0
8,6,30,False,False,False,packet_rejected,0
8,6,31,False,False,False,packet_rejected,0
8,6,32,False,False,False,packet_rejected,0
8,6,33,False,False,False,packet_rejected,0
8,6,34,False,False,False,packet_rejected,0
8,6,35,False,False,False,packet_rejected,0
8,6,36,False,False,False,packet_rejected,0
8,6,37,False,False,False,packet_rejected,0
8,6,38,False,False,False,packet_rejected,0
8,6,39,False,False,False,packet_rejected,0
8,6,40,False,False,False,packet_rejected,0
8,6,41,False,False,False,packet_rejected,0
8,6,42,False,False,False,packet_rejected,0
8,6,43,False,False,False,packet_rejected,0
8,6,44,False,False,False,packet_rejected,0
8,6,45,False,False,False,packet_rejected,0
8,6,46,False,False,False,packet_rejected,0
8,6,47,False,False,False,packet_rejected,0
8,6,48,False,False,False,packet_rejected,0
8,6,49,False,False,False,packet_rejected,0
8,6,50,False,False,False,packet_rejected,0
8,6,51,False,False,False,packet_rejected,0
8,6,52,False,False,False,packet_rejected,0
8,6,53,False,False,False,packet_rejected,0
8,6,54,False,False,False,packet_rejected,0
8,6,55,False,False,False,packet_rejected,0
8,6,56,False,False,False,packet_rejected,0
8,6,57,False,False,False,packet_rejected,0
8,6,58,False,False,False,packet_rejected,0
8,6,59,False,False,False,packet_rejected,0
8,6,60,False,False,False,packet_rejected,0
8,6,61,False,False,False,packet_rejected,0
8,6,62,False,False,False,packet_rejected,0
8,6,63,False,False,False,packet_rejected,0
8,6,64,False,False,False,packet_rejected,0
8,6,65,False,False,False,packet_rejected,0
8,6,66,False,False,False,packet_rejected,0
8,6,67,False,False,False,packet_rejected,0
8,6,68,False,False,False,packet_rejected,0
8,6,69,False,False,False,packet_rejected,0
8,6,70,False,False,False,packet_rejected,0
8,6,71,False,False,False,packet_rejected,0
8,6,72,False,False,False,packet_rejected,0
8,6,73,False,False,False,packet_rejected,0
8,6,74,False,False,False,packet_rejected,0
8,6,75,False,False,False,packet_rejected,0
8,6,76,False,False,False,packet_rejected,0
8,6,77,False,False,False,packet_rejected,0
8,6,78,False,False,False,packet_rejected,0
8,6,79,False,False,False,packet_rejected,0
8,6,80,False,False,False,packet_rejected,0
8,6,81,False,False,False,packet_rejected,0
8,6,82,False,False,False,packet_rejected,0
8,6,83,False,False,False,packet_rejected,0
8,6,84,False,False,False,packet_rejected,0
8,6,85,False,False,False,packet_rejected,0
8,6,86,False,False,False,packet_rejected,0
8,6,87,False,False,False,packet_rejected,0
8,6,88,False,False,False,packet_rejected,0
8,6,89,False,False,False,packet_rejected,0
8,6,90,False,False,False,packet_rejected,0
8,6,91,False,False,False,packet_rejected,0
8,6,92,False,False,False,packet_rejected,0
8,6,93,False,False,False,packet_rejected,0
8,6,94,False,False,False,packet_rejected,0
8,6,95,False,False,False,packet_rejected,0
8,6,96,False,False,False,packet_rejected,0
8,6,97,False,False,False,packet_rejected,0
8,6,98,False,False,False,packet_rejected,0
8,6,99,False,False,False,packet_rejected,0
8,7,0,False,False,False,packet_rejected,0
8,7,1,False,False,False,packet_rejected,0
8,7,2,False,False,False,packet_rejected,0
8,7,3,False,False,False,packet_rejected,0
8,7,4,False,False,False,packet_rejected,0
8,7,5,False,False,False,packet_rejected,0
8,7,6,False,False,False,packet_rejected,0
8,7,7,False,False,False,packet_rejected,0
8,7,8,False,False,False,packet_rejected,0
8,7,9,False,False,False,packet_rejected,0
8,7,10,False,False,False,packet_rejected,0
8,7,11,False,False,False,packet_rejected,0
8,7,12,False,False,False,packet_rejected,0
8,7,13,False,False,False,packet_rejected,0
8,7,14,False,False,False,packet_rejected,0
8,7,15,False,False,False,packet_rejected,0
8,7,16,False,False,False,packet_rejected,0
8,7,17,False,False,False,packet_rejected,0
8,7,18,False,False,False,packet_rejected,0
8,7,19,False,False,False,packet_rejected,0
8,7,20,False,False,False,packet_rejected,0
8,7,21,False,False,False,packet_rejected,0
8,7,22,False,False,False,packet_rejected,0
8,7,23,False,False,False,packet_rejected,0
8,7,24,False,False,False,packet_rejected,0
8,7,25,False,False,False,packet_rejected,0
8,7,26,False,False,False,packet_rejected,0
8,7,27,False,False,False,packet_rejected,0
8,7,28,False,False,False,packet_rejected,0
8,7,29,False,False,False,packet_rejected,0
8,7,30,False,False,False,packet_rejected,0
8,7,31,False,False,False,packet_rejected,0
8,7,32,False,False,False,packet_rejected,0
8,7,33,False,False,False,packet_rejected,0
8,7,34,False,False,False,packet_rejected,0
8,7,35,False,False,False,packet_rejected,0
8,7,36,False,False,False,packet_rejected,0
8,7,37,False,False,False,packet_rejected,0
8,7,38,False,False,False,packet_rejected,0
8,7,39,False,False,False,packet_rejected,0
8,7,40,False,False,False,packet_rejected,0
8,7,41,False,False,False,packet_rejected,0
8,7,42,False,False,False,packet_rejected,0
8,7,43,False,False,False,packet_rejected,0
8,7,44,False,False,False,packet_rejected,0
8,7,45,False,False,False,packet_rejected,0
8,7,46,False,False,False,packet_rejected,0
8,7,47,False,False,False,packet_rejected,0
8,7,48,False,False,False,packet_rejected,0
8,7,49,False,False,False,packet_rejected,0
8,7,50,False,False,False,packet_rejected,0
8,7,51,False,False,False,packet_rejected,0
8,7,52,False,False,False,packet_rejected,0
8,7,53,False,False,False,packet_rejected,0
8,7,54,False,False,False,packet_rejected,0
8,7,55,False,False,False,packet_rejected,0
8,7,56,False,False,False,packet_rejected,0
8,7,57,False,False,False,packet_rejected,0
8,7,58,False,False,False,packet_rejected,0
8,7,59,False,False,False,packet_rejected,0
8,7,60,False,False,False,packet_rejected,0
8,7,61,False,False,False,packet_rejected,0
8,7,62,False,False,False,packet_rejected,0
8,7,63,False,False,False,packet_rejected,0
8,7,64,False,False,False,packet_rejected,0
8,7,65,False,False,False,packet_rejected,0
8,7,66,False,False,False,packet_rejected,0
8,7,67,False,False,False,packet_rejected,0
8,7,68,False,False,False,packet_rejected,0
8,7,69,False,False,False,packet_rejected,0
8,7,70,False,False,False,packet_rejected,0
8,7,71,False,False,False,packet_rejected,0
8,7,72,False,False,False,packet_rejected,0
8,7,73,False,False,False,packet_rejected,0
8,7,74,False,False,False,packet_rejected,0
8,7,75,False,False,False,packet_rejected,0
8,7,76,False,False,False,packet_rejected,0
8,7,77,False,False,False,packet_rejected,0
8,7,78,False,False,False,packet_rejected,0
8,7,79,False,False,False,packet_rejected,0
8,7,80,False,False,False,packet_rejected,0
8,7,81,False,False,False,packet_rejected,0
8,7,82,False,False,False,packet_rejected,0
8,7,83,False,False,False,packet_rejected,0
8,7,84,False,False,False,packet_rejected,0
8,7,85,False,False,False,packet_rejected,0
8,7,86,False,False,False,packet_rejected,0
8,7,87,False,False,False,packet_rejected,0
8,7,88,False,False,False,packet_rejected,0
8,7,89,False,False,False,packet_rejected,0
8,7,90,False,False,False,packet_rejected,0
8,7,91,False,False,False,packet_rejected,0
8,7,92,False,False,False,packet_rejected,0
8,7,93,False,False,False,packet_rejected,0
8,7,94,False,False,False,packet_rejected,0
8,7,95,False,False,False,packet_rejected,0
8,7,96,False,False,False,packet_rejected,0
8,7,97,False,False,False,packet_rejected,0
8,7,98,False,False,False,packet_rejected,0
8,7,99,False,False,False,packet_rejected,0
8,8,0,True,True,True,accepted,4
8,8,1,True,True,True,accepted,4
8,8,2,True,True,True,accepted,4
8,8,3,True,True,True,accepted,4
8,8,4,True,True,True,accepted,4
8,8,5,True,True,True,accepted,4
8,8,6,True,True,True,accepted,4
8,8,7,True,True,True,accepted,4
8,8,8,True,True,True,accepted,4
8,8,9,True,True,True,accepted,4
8,8,10,True,True,True,accepted,4
8,8,11,True,True,True,accepted,4
8,8,12,True,True,True,accepted,4
8,8,13,True,True,True,accepted,4
8,8,14,True,True,True,accepted,4
8,8,15,True,True,True,accepted,4
8,8,16,True,True,True,accepted,4
8,8,17,True,True,True,accepted,4
8,8,18,True,True,True,accepted,4
8,8,19,True,True,True,accepted,4
8,8,20,True,True,True,accepted,4
8,8,21,True,True,True,accepted,4
8,8,22,True,True,True,accepted,4
8,8,23,True,True,True,accepted,4
8,8,24,True,True,True,accepted,4
8,8,25,True,True,True,accepted,4
8,8,26,True,True,True,accepted,4
8,8,27,True,True,True,accepted,4
8,8,28,True,True,True,accepted,4
8,8,29,True,True,True,accepted,4
8,8,30,True,True,True,accepted,4
8,8,31,True,True,True,accepted,4
8,8,32,True,True,True,accepted,4
8,8,33,True,True,True,accepted,4
8,8,34,True,True,True,accepted,4
8,8,35,True,True,True,accepted,4
8,8,36,True,True,True,accepted,4
8,8,37,True,True,True,accepted,4
8,8,38,True,True,True,accepted,4
8,8,39,True,True,True,accepted,4
8,8,40,True,True,True,accepted,4
8,8,41,True,True,True,accepted,4
8,8,42,True,True,True,accepted,4
8,8,43,True,True,True,accepted,4
8,8,44,True,True,True,accepted,4
8,8,45,True,True,True,accepted,4
8,8,46,True,True,True,accepted,4
8,8,47,True,True,True,accepted,4
8,8,48,True,True,True,accepted,4
8,8,49,True,True,True,accepted,4
8,8,50,True,True,True,accepted,4
8,8,51,True,True,True,accepted,4
8,8,52,True,True,True,accepted,4
8,8,53,True,True,True,accepted,4
8,8,54,True,True,True,accepted,4
8,8,55,True,True,True,accepted,4
8,8,56,True,True,True,accepted,4
8,8,57,True,True,True,accepted,4
8,8,58,True,True,True,accepted,4
8,8,59,True,True,True,accepted,4
8,8,60,True,True,True,accepted,4
8,8,61,True,True,True,accepted,4
8,8,62,True,True,True,accepted,4
8,8,63,True,True,True,accepted,4
8,8,64,True,True,True,accepted,4
8,8,65,True,True,True,accepted,4
8,8,66,True,True,True,accepted,4
8,8,67,True,True,True,accepted,4
8,8,68,True,True,True,accepted,4
8,8,69,True,True,True,accepted,4
8,8,70,True,True,True,accepted,4
8,8,71,True,True,True,accepted,4
8,8,72,True,True,True,accepted,4
8,8,73,True,True,True,accepted,4
8,8,74,True,True,True,accepted,4
8,8,75,True,True,True,accepted,4
8,8,76,True,True,True,accepted,4
8,8,77,True,True,True,accepted,4
8,8,78,True,True,True,accepted,4
8,8,79,True,True,True,accepted,4
8,8,80,True,True,True,accepted,4
8,8,81,True,True,True,accepted,4
8,8,82,True,True,True,accepted,4
8,8,83,True,True,True,accepted,4
8,8,84,True,True,True,accepted,4
8,8,85,True,True,True,accepted,4
8,8,86,True,True,True,accepted,4
8,8,87,True,True,True,accepted,4
8,8,88,True,True,True,accepted,4
8,8,89,True,True,True,accepted,4
8,8,90,True,True,True,accepted,4
8,8,91,True,True,True,accepted,4
8,8,92,True,True,True,accepted,4
8,8,93,True,True,True,accepted,4
8,8,94,True,True,True,accepted,4
8,8,95,True,True,True,accepted,4
8,8,96,True,True,True,accepted,4
8,8,97,True,True,True,accepted,4
8,8,98,True,True,True,accepted,4
8,8,99,True,True,True,accepted,4
