case,trial,accepted,prefix_removed,ext_missing,status,received
Clean legacy,0,True,False,False,accepted,12
Clean legacy,1,True,False,False,accepted,12
Clean legacy,2,True,False,False,accepted,12
Clean legacy,3,True,False,False,accepted,12
Clean legacy,4,True,False,False,accepted,12
Clean legacy,5,True,False,False,accepted,12
Clean legacy,6,True,False,False,accepted,12
Clean legacy,7,True,False,False,accepted,12
Clean legacy,8,True,False,False,accepted,12
Clean legacy,9,True,False,False,accepted,12
Clean legacy,10,True,False,False,accepted,12
Clean legacy,11,True,False,False,accepted,12
Clean legacy,12,True,False,False,accepted,12
Clean legacy,13,True,False,False,accepted,12
Clean legacy,14,True,False,False,accepted,12
Clean legacy,15,True,False,False,accepted,12
Clean legacy,16,True,False,False,accepted,12
Clean legacy,17,True,False,False,accepted,12
Clean legacy,18,True,False,False,accepted,12
Clean legacy,19,True,False,False,accepted,12
Clean legacy,20,True,False,False,accepted,12
Clean legacy,21,True,False,False,accepted,12
Clean legacy,22,True,False,False,accepted,12
Clean legacy,23,True,False,False,accepted,12
Clean legacy,24,True,False,False,accepted,12
Clean legacy,25,True,False,False,accepted,12
Clean legacy,26,True,False,False,accepted,12
Clean legacy,27,True,False,False,accepted,12
Clean legacy,28,True,False,False,accepted,12
Clean legacy,29,True,False,False,accepted,12
Clean legacy,30,True,False,False,accepted,12
Clean legacy,31,True,False,False,accepted,12
Clean legacy,32,True,False,False,accepted,12
Clean legacy,33,True,False,False,accepted,12
Clean legacy,34,True,False,False,accepted,12
Clean legacy,35,True,False,False,accepted,12
Clean legacy,36,True,False,False,accepted,12
Clean legacy,37,True,False,False,accepted,12
Clean legacy,38,True,False,False,accepted,12
Clean legacy,39,True,False,False,accepted,12
Clean legacy,40,True,False,False,accepted,12
Clean legacy,41,True,False,False,accepted,12
Clean legacy,42,True,False,False,accepted,12
Clean legacy,43,True,False,False,accepted,12
Clean legacy,44,True,False,False,accepted,12
Clean legacy,45,True,False,False,accepted,12
Clean legacy,46,True,False,False,accepted,12
Clean legacy,47,True,False,False,accepted,12
Clean legacy,48,True,False,False,accepted,12
Clean legacy,49,True,False,False,accepted,12
Clean legacy,50,True,False,False,accepted,12
Clean legacy,51,True,False,False,accepted,12
Clean legacy,52,True,False,False,accepted,12
Clean legacy,53,True,False,False,accepted,12
Clean legacy,54,True,False,False,accepted,12
Clean legacy,55,True,False,False,accepted,12
Clean legacy,56,True,False,False,accepted,12
Clean legacy,57,True,False,False,accepted,12
Clean legacy,58,True,False,False,accepted,12
Clean legacy,59,True,False,False,accepted,12
Clean legacy,60,True,False,False,accepted,12
Clean legacy,61,True,False,False,accepted,12
Clean legacy,62,True,False,False,accepted,12
Clean legacy,63,True,False,False,accepted,12
Clean legacy,64,True,False,False,accepted,12
Clean legacy,65,True,False,False,accepted,12
Clean legacy,66,True,False,False,accepted,12
Clean legacy,67,True,False,False,accepted,12
Clean legacy,68,True,False,False,accepted,12
Clean legacy,69,True,False,False,accepted,12
Clean legacy,70,True,False,False,accepted,12
Clean legacy,71,True,False,False,accepted,12
Clean legacy,72,True,False,False,accepted,12
Clean legacy,73,True,False,False,accepted,12
Clean legacy,74,True,False,False,accepted,12
Clean legacy,75,True,False,False,accepted,12
Clean legacy,76,True,False,False,accepted,12
Clean legacy,77,True,False,False,accepted,12
Clean legacy,78,True,False,False,accepted,12
Clean legacy,79,True,False,False,accepted,12
Clean legacy,80,True,False,False,accepted,12
Clean legacy,81,True,False,False,accepted,12
Clean legacy,82,True,False,False,accepted,12
Clean legacy,83,True,False,False,accepted,12
Clean legacy,84,True,False,False,accepted,12
Clean legacy,85,True,False,False,accepted,12
Clean legacy,86,True,False,False,accepted,12
Clean legacy,87,True,False,False,accepted,12
Clean legacy,88,True,False,False,accepted,12
Clean legacy,89,True,False,False,accepted,12
Clean legacy,90,True,False,False,accepted,12
Clean legacy,91,True,False,False,accepted,12
Clean legacy,92,True,False,False,accepted,12
Clean legacy,93,True,False,False,accepted,12
Clean legacy,94,True,False,False,accepted,12
Clean legacy,95,True,False,False,accepted,12
Clean legacy,96,True,False,False,accepted,12
Clean legacy,97,True,False,False,accepted,12
Clean legacy,98,True,False,False,accepted,12
Clean legacy,99,True,False,False,accepted,12
Clean legacy,100,True,False,False,accepted,12
Clean legacy,101,True,False,False,accepted,12
Clean legacy,102,True,False,False,accepted,12
Clean legacy,103,True,False,False,accepted,12
Clean legacy,104,True,False,False,accepted,12
Clean legacy,105,True,False,False,accepted,12
Clean legacy,106,True,False,False,accepted,12
Clean legacy,107,True,False,False,accepted,12
Clean legacy,108,True,False,False,accepted,12
Clean legacy,109,True,False,False,accepted,12
Clean legacy,110,True,False,False,accepted,12
Clean legacy,111,True,False,False,accepted,12
Clean legacy,112,True,False,False,accepted,12
Clean legacy,113,True,False,False,accepted,12
Clean legacy,114,True,False,False,accepted,12
Clean legacy,115,True,False,False,accepted,12
Clean legacy,116,True,False,False,accepted,12
Clean legacy,117,True,False,False,accepted,12
Clean legacy,118,True,False,False,accepted,12
Clean legacy,119,True,False,False,accepted,12
Clean legacy,120,True,False,False,accepted,12
Clean legacy,121,True,False,False,accepted,12
Clean legacy,122,True,False,False,accepted,12
Clean legacy,123,True,False,False,accepted,12
Clean legacy,124,True,False,False,accepted,12
Clean legacy,125,True,False,False,accepted,12
Clean legacy,126,True,False,False,accepted,12
Clean legacy,127,True,False,False,accepted,12
Clean legacy,128,True,False,False,accepted,12
Clean legacy,129,True,False,False,accepted,12
Clean legacy,130,True,False,False,accepted,12
Clean legacy,131,True,False,False,accepted,12
Clean legacy,132,True,False,False,accepted,12
Clean legacy,133,True,False,False,accepted,12
Clean legacy,134,True,False,False,accepted,12
Clean legacy,135,True,False,False,accepted,12
Clean legacy,136,True,False,False,accepted,12
Clean legacy,137,True,False,False,accepted,12
Clean legacy,138,True,False,False,accepted,12
Clean legacy,139,True,False,False,accepted,12
Clean legacy,140,True,False,False,accepted,12
Clean legacy,141,True,False,False,accepted,12
Clean legacy,142,True,False,False,accepted,12
Clean legacy,143,True,False,False,accepted,12
Clean legacy,144,True,False,False,accepted,12
Clean legacy,145,True,False,False,accepted,12
Clean legacy,146,True,False,False,accepted,12
Clean legacy,147,True,False,False,accepted,12
Clean legacy,148,True,False,False,accepted,12
Clean legacy,149,True,False,False,accepted,12
Clean legacy,150,True,False,False,accepted,12
Clean legacy,151,True,False,False,accepted,12
Clean legacy,152,True,False,False,accepted,12
Clean legacy,153,True,False,False,accepted,12
Clean legacy,154,True,False,False,accepted,12
Clean legacy,155,True,False,False,accepted,12
Clean legacy,156,True,False,False,accepted,12
Clean legacy,157,True,False,False,accepted,12
Clean legacy,158,True,False,False,accepted,12
Clean legacy,159,True,False,False,accepted,12
Clean legacy,160,True,False,False,accepted,12
Clean legacy,161,True,False,False,accepted,12
Clean legacy,162,True,False,False,accepted,12
Clean legacy,163,True,False,False,accepted,12
Clean legacy,164,True,False,False,accepted,12
Clean legacy,165,True,False,False,accepted,12
Clean legacy,166,True,False,False,accepted,12
Clean legacy,167,True,False,False,accepted,12
Clean legacy,168,True,False,False,accepted,12
Clean legacy,169,True,False,False,accepted,12
Clean legacy,170,True,False,False,accepted,12
Clean legacy,171,True,False,False,accepted,12
Clean legacy,172,True,False,False,accepted,12
Clean legacy,173,True,False,False,accepted,12
Clean legacy,174,True,False,False,accepted,12
Clean legacy,175,True,False,False,accepted,12
Clean legacy,176,True,False,False,accepted,12
Clean legacy,177,True,False,False,accepted,12
Clean legacy,178,True,False,False,accepted,12
Clean legacy,179,True,False,False,accepted,12
Clean legacy,180,True,False,False,accepted,12
Clean legacy,181,True,False,False,accepted,12
Clean legacy,182,True,False,False,accepted,12
Clean legacy,183,True,False,False,accepted,12
Clean legacy,184,True,False,False,accepted,12
Clean legacy,185,True,False,False,accepted,12
Clean legacy,186,True,False,False,accepted,12
Clean legacy,187,True,False,False,accepted,12
Clean legacy,188,True,False,False,accepted,12
Clean legacy,189,True,False,False,accepted,12
Clean legacy,190,True,False,False,accepted,12
Clean legacy,191,True,False,False,accepted,12
Clean legacy,192,True,False,False,accepted,12
Clean legacy,193,True,False,False,accepted,12
Clean legacy,194,True,False,False,accepted,12
Clean legacy,195,True,False,False,accepted,12
Clean legacy,196,True,False,False,accepted,12
Clean legacy,197,True,False,False,accepted,12
Clean legacy,198,True,False,False,accepted,12
Clean legacy,199,True,False,False,accepted,12
Clean legacy,200,True,False,False,accepted,12
Clean legacy,201,True,False,False,accepted,12
Clean legacy,202,True,False,False,accepted,12
Clean legacy,203,True,False,False,accepted,12
Clean legacy,204,True,False,False,accepted,12
Clean legacy,205,True,False,False,accepted,12
Clean legacy,206,True,False,False,accepted,12
Clean legacy,207,True,False,False,accepted,12
Clean legacy,208,True,False,False,accepted,12
Clean legacy,209,True,False,False,accepted,12
Clean legacy,210,True,False,False,accepted,12
Clean legacy,211,True,False,False,accepted,12
Clean legacy,212,True,False,False,accepted,12
Clean legacy,213,True,False,False,accepted,12
Clean legacy,214,True,False,False,accepted,12
Clean legacy,215,True,False,False,accepted,12
Clean legacy,216,True,False,False,accepted,12
Clean legacy,217,True,False,False,accepted,12
Clean legacy,218,True,False,False,accepted,12
Clean legacy,219,True,False,False,accepted,12
Clean legacy,220,True,False,False,accepted,12
Clean legacy,221,True,False,False,accepted,12
Clean legacy,222,True,False,False,accepted,12
Clean legacy,223,True,False,False,accepted,12
Clean legacy,224,True,False,False,accepted,12
Clean legacy,225,True,False,False,accepted,12
Clean legacy,226,True,False,False,accepted,12
Clean legacy,227,True,False,False,accepted,12
Clean legacy,228,True,False,False,accepted,12
Clean legacy,229,True,False,False,accepted,12
Clean legacy,230,True,False,False,accepted,12
Clean legacy,231,True,False,False,accepted,12
Clean legacy,232,True,False,False,accepted,12
Clean legacy,233,True,False,False,accepted,12
Clean legacy,234,True,False,False,accepted,12
Clean legacy,235,True,False,False,accepted,12
Clean legacy,236,True,False,False,accepted,12
Clean legacy,237,True,False,False,accepted,12
Clean legacy,238,True,False,False,accepted,12
Clean legacy,239,True,False,False,accepted,12
Clean legacy,240,True,False,False,accepted,12
Clean legacy,241,True,False,False,accepted,12
Clean legacy,242,True,False,False,accepted,12
Clean legacy,243,True,False,False,accepted,12
Clean legacy,244,True,False,False,accepted,12
Clean legacy,245,True,False,False,accepted,12
Clean legacy,246,True,False,False,accepted,12
Clean legacy,247,True,False,False,accepted,12
Clean legacy,248,True,False,False,accepted,12
Clean legacy,249,True,False,False,accepted,12
Clean legacy,250,True,False,False,accepted,12
Clean legacy,251,True,False,False,accepted,12
Clean legacy,252,True,False,False,accepted,12
Clean legacy,253,True,False,False,accepted,12
Clean legacy,254,True,False,False,accepted,12
Clean legacy,255,True,False,False,accepted,12
Clean legacy,256,True,False,False,accepted,12
Clean legacy,257,True,False,False,accepted,12
Clean legacy,258,True,False,False,accepted,12
Clean legacy,259,True,False,False,accepted,12
Clean legacy,260,True,False,False,accepted,12
Clean legacy,261,True,False,False,accepted,12
Clean legacy,262,True,False,False,accepted,12
Clean legacy,263,True,False,False,accepted,12
Clean legacy,264,True,False,False,accepted,12
Clean legacy,265,True,False,False,accepted,12
Clean legacy,266,True,False,False,accepted,12
Clean legacy,267,True,False,False,accepted,12
Clean legacy,268,True,False,False,accepted,12
Clean legacy,269,True,False,False,accepted,12
Clean legacy,270,True,False,False,accepted,12
Clean legacy,271,True,False,False,accepted,12
Clean legacy,272,True,False,False,accepted,12
Clean legacy,273,True,False,False,accepted,12
Clean legacy,274,True,False,False,accepted,12
Clean legacy,275,True,False,False,accepted,12
Clean legacy,276,True,False,False,accepted,12
Clean legacy,277,True,False,False,accepted,12
Clean legacy,278,True,False,False,accepted,12
Clean legacy,279,True,False,False,accepted,12
Clean legacy,280,True,False,False,accepted,12
Clean legacy,281,True,False,False,accepted,12
Clean legacy,282,True,False,False,accepted,12
Clean legacy,283,True,False,False,accepted,12
Clean legacy,284,True,False,False,accepted,12
Clean legacy,285,True,False,False,accepted,12
Clean legacy,286,True,False,False,accepted,12
Clean legacy,287,True,False,False,accepted,12
Clean legacy,288,True,False,False,accepted,12
Clean legacy,289,True,False,False,accepted,12
Clean legacy,290,True,False,False,accepted,12
Clean legacy,291,True,False,False,accepted,12
Clean legacy,292,True,False,False,accepted,12
Clean legacy,293,True,False,False,accepted,12
Clean legacy,294,True,False,False,accepted,12
Clean legacy,295,True,False,False,accepted,12
Clean legacy,296,True,False,False,accepted,12
Clean legacy,297,True,False,False,accepted,12
Clean legacy,298,True,False,False,accepted,12
Clean legacy,299,True,False,False,accepted,12
Clean legacy,300,True,False,False,accepted,12
Clean legacy,301,True,False,False,accepted,12
Clean legacy,302,True,False,False,accepted,12
Clean legacy,303,True,False,False,accepted,12
Clean legacy,304,True,False,False,accepted,12
Clean legacy,305,True,False,False,accepted,12
Clean legacy,306,True,False,False,accepted,12
Clean legacy,307,True,False,False,accepted,12
Clean legacy,308,True,False,False,accepted,12
Clean legacy,309,True,False,False,accepted,12
Clean legacy,310,True,False,False,accepted,12
Clean legacy,311,True,False,False,accepted,12
Clean legacy,312,True,False,False,accepted,12
Clean legacy,313,True,False,False,accepted,12
Clean legacy,314,True,False,False,accepted,12
Clean legacy,315,True,False,False,accepted,12
Clean legacy,316,True,False,False,accepted,12
Clean legacy,317,True,False,False,accepted,12
Clean legacy,318,True,False,False,accepted,12
Clean legacy,319,True,False,False,accepted,12
Clean legacy,320,True,False,False,accepted,12
Clean legacy,321,True,False,False,accepted,12
Clean legacy,322,True,False,False,accepted,12
Clean legacy,323,True,False,False,accepted,12
Clean legacy,324,True,False,False,accepted,12
Clean legacy,325,True,False,False,accepted,12
Clean legacy,326,True,False,False,accepted,12
Clean legacy,327,True,False,False,accepted,12
Clean legacy,328,True,False,False,accepted,12
Clean legacy,329,True,False,False,accepted,12
Clean legacy,330,True,False,False,accepted,12
Clean legacy,331,True,False,False,accepted,12
Clean legacy,332,True,False,False,accepted,12
Clean legacy,333,True,False,False,accepted,12
Clean legacy,334,True,False,False,accepted,12
Clean legacy,335,True,False,False,accepted,12
Clean legacy,336,True,False,False,accepted,12
Clean legacy,337,True,False,False,accepted,12
Clean legacy,338,True,False,False,accepted,12
Clean legacy,339,True,False,False,accepted,12
Clean legacy,340,True,False,False,accepted,12
Clean legacy,341,True,False,False,accepted,12
Clean legacy,342,True,False,False,accepted,12
Clean legacy,343,True,False,False,accepted,12
Clean legacy,344,True,False,False,accepted,12
Clean legacy,345,True,False,False,accepted,12
Clean legacy,346,True,False,False,accepted,12
Clean legacy,347,True,False,False,accepted,12
Clean legacy,348,True,False,False,accepted,12
Clean legacy,349,True,False,False,accepted,12
Clean legacy,350,True,False,False,accepted,12
Clean legacy,351,True,False,False,accepted,12
Clean legacy,352,True,False,False,accepted,12
Clean legacy,353,True,False,False,accepted,12
Clean legacy,354,True,False,False,accepted,12
Clean legacy,355,True,False,False,accepted,12
Clean legacy,356,True,False,False,accepted,12
Clean legacy,357,True,False,False,accepted,12
Clean legacy,358,True,False,False,accepted,12
Clean legacy,359,True,False,False,accepted,12
Clean legacy,360,True,False,False,accepted,12
Clean legacy,361,True,False,False,accepted,12
Clean legacy,362,True,False,False,accepted,12
Clean legacy,363,True,False,False,accepted,12
Clean legacy,364,True,False,False,accepted,12
Clean legacy,365,True,False,False,accepted,12
Clean legacy,366,True,False,False,accepted,12
Clean legacy,367,True,False,False,accepted,12
Clean legacy,368,True,False,False,accepted,12
Clean legacy,369,True,False,False,accepted,12
Clean legacy,370,True,False,False,accepted,12
Clean legacy,371,True,False,False,accepted,12
Clean legacy,372,True,False,False,accepted,12
Clean legacy,373,True,False,False,accepted,12
Clean legacy,374,True,False,False,accepted,12
Clean legacy,375,True,False,False,accepted,12
Clean legacy,376,True,False,False,accepted,12
Clean legacy,377,True,False,False,accepted,12
Clean legacy,378,True,False,False,accepted,12
Clean legacy,379,True,False,False,accepted,12
Clean legacy,380,True,False,False,accepted,12
Clean legacy,381,True,False,False,accepted,12
Clean legacy,382,True,False,False,accepted,12
Clean legacy,383,True,False,False,accepted,12
Clean legacy,384,True,False,False,accepted,12
Clean legacy,385,True,False,False,accepted,12
Clean legacy,386,True,False,False,accepted,12
Clean legacy,387,True,False,False,accepted,12
Clean legacy,388,True,False,False,accepted,12
Clean legacy,389,True,False,False,accepted,12
Clean legacy,390,True,False,False,accepted,12
Clean legacy,391,True,False,False,accepted,12
Clean legacy,392,True,False,False,accepted,12
Clean legacy,393,True,False,False,accepted,12
Clean legacy,394,True,False,False,accepted,12
Clean legacy,395,True,False,False,accepted,12
Clean legacy,396,True,False,False,accepted,12
Clean legacy,397,True,False,False,accepted,12
Clean legacy,398,True,False,False,accepted,12
Clean legacy,399,True,False,False,accepted,12
Clean legacy,400,True,False,False,accepted,12
Clean legacy,401,True,False,False,accepted,12
Clean legacy,402,True,False,False,accepted,12
Clean legacy,403,True,False,False,accepted,12
Clean legacy,404,True,False,False,accepted,12
Clean legacy,405,True,False,False,accepted,12
Clean legacy,406,True,False,False,accepted,12
Clean legacy,407,True,False,False,accepted,12
Clean legacy,408,True,False,False,accepted,12
Clean legacy,409,True,False,False,accepted,12
Clean legacy,410,True,False,False,accepted,12
Clean legacy,411,True,False,False,accepted,12
Clean legacy,412,True,False,False,accepted,12
Clean legacy,413,True,False,False,accepted,12
Clean legacy,414,True,False,False,accepted,12
Clean legacy,415,True,False,False,accepted,12
Clean legacy,416,True,False,False,accepted,12
Clean legacy,417,True,False,False,accepted,12
Clean legacy,418,True,False,False,accepted,12
Clean legacy,419,True,False,False,accepted,12
Clean legacy,420,True,False,False,accepted,12
Clean legacy,421,True,False,False,accepted,12
Clean legacy,422,True,False,False,accepted,12
Clean legacy,423,True,False,False,accepted,12
Clean legacy,424,True,False,False,accepted,12
Clean legacy,425,True,False,False,accepted,12
Clean legacy,426,True,False,False,accepted,12
Clean legacy,427,True,False,False,accepted,12
Clean legacy,428,True,False,False,accepted,12
Clean legacy,429,True,False,False,accepted,12
Clean legacy,430,True,False,False,accepted,12
Clean legacy,431,True,False,False,accepted,12
Clean legacy,432,True,False,False,accepted,12
Clean legacy,433,True,False,False,accepted,12
Clean legacy,434,True,False,False,accepted,12
Clean legacy,435,True,False,False,accepted,12
Clean legacy,436,True,False,False,accepted,12
Clean legacy,437,True,False,False,accepted,12
Clean legacy,438,True,False,False,accepted,12
Clean legacy,439,True,False,False,accepted,12
Clean legacy,440,True,False,False,accepted,12
Clean legacy,441,True,False,False,accepted,12
Clean legacy,442,True,False,False,accepted,12
Clean legacy,443,True,False,False,accepted,12
Clean legacy,444,True,False,False,accepted,12
Clean legacy,445,True,False,False,accepted,12
Clean legacy,446,True,False,False,accepted,12
Clean legacy,447,True,False,False,accepted,12
Clean legacy,448,True,False,False,accepted,12
Clean legacy,449,True,False,False,accepted,12
Clean legacy,450,True,False,False,accepted,12
Clean legacy,451,True,False,False,accepted,12
Clean legacy,452,True,False,False,accepted,12
Clean legacy,453,True,False,False,accepted,12
Clean legacy,454,True,False,False,accepted,12
Clean legacy,455,True,False,False,accepted,12
Clean legacy,456,True,False,False,accepted,12
Clean legacy,457,True,False,False,accepted,12
Clean legacy,458,True,False,False,accepted,12
Clean legacy,459,True,False,False,accepted,12
Clean legacy,460,True,False,False,accepted,12
Clean legacy,461,True,False,False,accepted,12
Clean legacy,462,True,False,False,accepted,12
Clean legacy,463,True,False,False,accepted,12
Clean legacy,464,True,False,False,accepted,12
Clean legacy,465,True,False,False,accepted,12
Clean legacy,466,True,False,False,accepted,12
Clean legacy,467,True,False,False,accepted,12
Clean legacy,468,True,False,False,accepted,12
Clean legacy,469,True,False,False,accepted,12
Clean legacy,470,True,False,False,accepted,12
Clean legacy,471,True,False,False,accepted,12
Clean legacy,472,True,False,False,accepted,12
Clean legacy,473,True,False,False,accepted,12
Clean legacy,474,True,False,False,accepted,12
Clean legacy,475,True,False,False,accepted,12
Clean legacy,476,True,False,False,accepted,12
Clean legacy,477,True,False,False,accepted,12
Clean legacy,478,True,False,False,accepted,12
Clean legacy,479,True,False,False,accepted,12
Clean legacy,480,True,False,False,accepted,12
Clean legacy,481,True,False,False,accepted,12
Clean legacy,482,True,False,False,accepted,12
Clean legacy,483,True,False,False,accepted,12
Clean legacy,484,True,False,False,accepted,12
Clean legacy,485,True,False,False,accepted,12
Clean legacy,486,True,False,False,accepted,12
Clean legacy,487,True,False,False,accepted,12
Clean legacy,488,True,False,False,accepted,12
Clean legacy,489,True,False,False,accepted,12
Clean legacy,490,True,False,False,accepted,12
Clean legacy,491,True,False,False,accepted,12
Clean legacy,492,True,False,False,accepted,12
Clean legacy,493,True,False,False,accepted,12
Clean legacy,494,True,False,False,accepted,12
Clean legacy,495,True,False,False,accepted,12
Clean legacy,496,True,False,False,accepted,12
Clean legacy,497,True,False,False,accepted,12
Clean legacy,498,True,False,False,accepted,12
Clean legacy,499,True,False,False,accepted,12
Clean legacy,500,True,False,False,accepted,12
Clean legacy,501,True,False,False,accepted,12
Clean legacy,502,True,False,False,accepted,12
Clean legacy,503,True,False,False,accepted,12
Clean legacy,504,True,False,False,accepted,12
Clean legacy,505,True,False,False,accepted,12
Clean legacy,506,True,False,False,accepted,12
Clean legacy,507,True,False,False,accepted,12
Clean legacy,508,True,False,False,accepted,12
Clean legacy,509,True,False,False,accepted,12
Clean legacy,510,True,False,False,accepted,12
Clean legacy,511,True,False,False,accepted,12
Clean legacy,512,True,False,False,accepted,12
Clean legacy,513,True,False,False,accepted,12
Clean legacy,514,True,False,False,accepted,12
Clean legacy,515,True,False,False,accepted,12
Clean legacy,516,True,False,False,accepted,12
Clean legacy,517,True,False,False,accepted,12
Clean legacy,518,True,False,False,accepted,12
Clean legacy,519,True,False,False,accepted,12
Clean legacy,520,True,False,False,accepted,12
Clean legacy,521,True,False,False,accepted,12
Clean legacy,522,True,False,False,accepted,12
Clean legacy,523,True,False,False,accepted,12
Clean legacy,524,True,False,False,accepted,12
Clean legacy,525,True,False,False,accepted,12
Clean legacy,526,True,False,False,accepted,12
Clean legacy,527,True,False,False,accepted,12
Clean legacy,528,True,False,False,accepted,12
Clean legacy,529,True,False,False,accepted,12
Clean legacy,530,True,False,False,accepted,12
Clean legacy,531,True,False,False,accepted,12
Clean legacy,532,True,False,False,accepted,12
Clean legacy,533,True,False,False,accepted,12
Clean legacy,534,True,False,False,accepted,12
Clean legacy,535,True,False,False,accepted,12
Clean legacy,536,True,False,False,accepted,12
Clean legacy,537,True,False,False,accepted,12
Clean legacy,538,True,False,False,accepted,12
Clean legacy,539,True,False,False,accepted,12
Clean legacy,540,True,False,False,accepted,12
Clean legacy,541,True,False,False,accepted,12
Clean legacy,542,True,False,False,accepted,12
Clean legacy,543,True,False,False,accepted,12
Clean legacy,544,True,False,False,accepted,12
Clean legacy,545,True,False,False,accepted,12
Clean legacy,546,True,False,False,accepted,12
Clean legacy,547,True,False,False,accepted,12
Clean legacy,548,True,False,False,accepted,12
Clean legacy,549,True,False,False,accepted,12
Clean legacy,550,True,False,False,accepted,12
Clean legacy,551,True,False,False,accepted,12
Clean legacy,552,True,False,False,accepted,12
Clean legacy,553,True,False,False,accepted,12
Clean legacy,554,True,False,False,accepted,12
Clean legacy,555,True,False,False,accepted,12
Clean legacy,556,True,False,False,accepted,12
Clean legacy,557,True,False,False,accepted,12
Clean legacy,558,True,False,False,accepted,12
Clean legacy,559,True,False,False,accepted,12
Clean legacy,560,True,False,False,accepted,12
Clean legacy,561,True,False,False,accepted,12
Clean legacy,562,True,False,False,accepted,12
Clean legacy,563,True,False,False,accepted,12
Clean legacy,564,True,False,False,accepted,12
Clean legacy,565,True,False,False,accepted,12
Clean legacy,566,True,False,False,accepted,12
Clean legacy,567,True,False,False,accepted,12
Clean legacy,568,True,False,False,accepted,12
Clean legacy,569,True,False,False,accepted,12
Clean legacy,570,True,False,False,accepted,12
Clean legacy,571,True,False,False,accepted,12
Clean legacy,572,True,False,False,accepted,12
Clean legacy,573,True,False,False,accepted,12
Clean legacy,574,True,False,False,accepted,12
Clean legacy,575,True,False,False,accepted,12
Clean legacy,576,True,False,False,accepted,12
Clean legacy,577,True,False,False,accepted,12
Clean legacy,578,True,False,False,accepted,12
Clean legacy,579,True,False,False,accepted,12
Clean legacy,580,True,False,False,accepted,12
Clean legacy,581,True,False,False,accepted,12
Clean legacy,582,True,False,False,accepted,12
Clean legacy,583,True,False,False,accepted,12
Clean legacy,584,True,False,False,accepted,12
Clean legacy,585,True,False,False,accepted,12
Clean legacy,586,True,False,False,accepted,12
Clean legacy,587,True,False,False,accepted,12
Clean legacy,588,True,False,False,accepted,12
Clean legacy,589,True,False,False,accepted,12
Clean legacy,590,True,False,False,accepted,12
Clean legacy,591,True,False,False,accepted,12
Clean legacy,592,True,False,False,accepted,12
Clean legacy,593,True,False,False,accepted,12
Clean legacy,594,True,False,False,accepted,12
Clean legacy,595,True,False,False,accepted,12
Clean legacy,596,True,False,False,accepted,12
Clean legacy,597,True,False,False,accepted,12
Clean legacy,598,True,False,False,accepted,12
Clean legacy,599,True,False,False,accepted,12
Clean legacy,600,True,False,False,accepted,12
Clean legacy,601,True,False,False,accepted,12
Clean legacy,602,True,False,False,accepted,12
Clean legacy,603,True,False,False,accepted,12
Clean legacy,604,True,False,False,accepted,12
Clean legacy,605,True,False,False,accepted,12
Clean legacy,606,True,False,False,accepted,12
Clean legacy,607,True,False,False,accepted,12
Clean legacy,608,True,False,False,accepted,12
Clean legacy,609,True,False,False,accepted,12
Clean legacy,610,True,False,False,accepted,12
Clean legacy,611,True,False,False,accepted,12
Clean legacy,612,True,False,False,accepted,12
Clean legacy,613,True,False,False,accepted,12
Clean legacy,614,True,False,False,accepted,12
Clean legacy,615,True,False,False,accepted,12
Clean legacy,616,True,False,False,accepted,12
Clean legacy,617,True,False,False,accepted,12
Clean legacy,618,True,False,False,accepted,12
Clean legacy,619,True,False,False,accepted,12
Clean legacy,620,True,False,False,accepted,12
Clean legacy,621,True,False,False,accepted,12
Clean legacy,622,True,False,False,accepted,12
Clean legacy,623,True,False,False,accepted,12
Clean legacy,624,True,False,False,accepted,12
Clean legacy,625,True,False,False,accepted,12
Clean legacy,626,True,False,False,accepted,12
Clean legacy,627,True,False,False,accepted,12
Clean legacy,628,True,False,False,accepted,12
Clean legacy,629,True,False,False,accepted,12
Clean legacy,630,True,False,False,accepted,12
Clean legacy,631,True,False,False,accepted,12
Clean legacy,632,True,False,False,accepted,12
Clean legacy,633,True,False,False,accepted,12
Clean legacy,634,True,False,False,accepted,12
Clean legacy,635,True,False,False,accepted,12
Clean legacy,636,True,False,False,accepted,12
Clean legacy,637,True,False,False,accepted,12
Clean legacy,638,True,False,False,accepted,12
Clean legacy,639,True,False,False,accepted,12
Clean legacy,640,True,False,False,accepted,12
Clean legacy,641,True,False,False,accepted,12
Clean legacy,642,True,False,False,accepted,12
Clean legacy,643,True,False,False,accepted,12
Clean legacy,644,True,False,False,accepted,12
Clean legacy,645,True,False,False,accepted,12
Clean legacy,646,True,False,False,accepted,12
Clean legacy,647,True,False,False,accepted,12
Clean legacy,648,True,False,False,accepted,12
Clean legacy,649,True,False,False,accepted,12
Clean legacy,650,True,False,False,accepted,12
Clean legacy,651,True,False,False,accepted,12
Clean legacy,652,True,False,False,accepted,12
Clean legacy,653,True,False,False,accepted,12
Clean legacy,654,True,False,False,accepted,12
Clean legacy,655,True,False,False,accepted,12
Clean legacy,656,True,False,False,accepted,12
Clean legacy,657,True,False,False,accepted,12
Clean legacy,658,True,False,False,accepted,12
Clean legacy,659,True,False,False,accepted,12
Clean legacy,660,True,False,False,accepted,12
Clean legacy,661,True,False,False,accepted,12
Clean legacy,662,True,False,False,accepted,12
Clean legacy,663,True,False,False,accepted,12
Clean legacy,664,True,False,False,accepted,12
Clean legacy,665,True,False,False,accepted,12
Clean legacy,666,True,False,False,accepted,12
Clean legacy,667,True,False,False,accepted,12
Clean legacy,668,True,False,False,accepted,12
Clean legacy,669,True,False,False,accepted,12
Clean legacy,670,True,False,False,accepted,12
Clean legacy,671,True,False,False,accepted,12
Clean legacy,672,True,False,False,accepted,12
Clean legacy,673,True,False,False,accepted,12
Clean legacy,674,True,False,False,accepted,12
Clean legacy,675,True,False,False,accepted,12
Clean legacy,676,True,False,False,accepted,12
Clean legacy,677,True,False,False,accepted,12
Clean legacy,678,True,False,False,accepted,12
Clean legacy,679,True,False,False,accepted,12
Clean legacy,680,True,False,False,accepted,12
Clean legacy,681,True,False,False,accepted,12
Clean legacy,682,True,False,False,accepted,12
Clean legacy,683,True,False,False,accepted,12
Clean legacy,684,True,False,False,accepted,12
Clean legacy,685,True,False,False,accepted,12
Clean legacy,686,True,False,False,accepted,12
Clean legacy,687,True,False,False,accepted,12
Clean legacy,688,True,False,False,accepted,12
Clean legacy,689,True,False,False,accepted,12
Clean legacy,690,True,False,False,accepted,12
Clean legacy,691,True,False,False,accepted,12
Clean legacy,692,True,False,False,accepted,12
Clean legacy,693,True,False,False,accepted,12
Clean legacy,694,True,False,False,accepted,12
Clean legacy,695,True,False,False,accepted,12
Clean legacy,696,True,False,False,accepted,12
Clean legacy,697,True,False,False,accepted,12
Clean legacy,698,True,False,False,accepted,12
Clean legacy,699,True,False,False,accepted,12
Clean legacy,700,True,False,False,accepted,12
Clean legacy,701,True,False,False,accepted,12
Clean legacy,702,True,False,False,accepted,12
Clean legacy,703,True,False,False,accepted,12
Clean legacy,704,True,False,False,accepted,12
Clean legacy,705,True,False,False,accepted,12
Clean legacy,706,True,False,False,accepted,12
Clean legacy,707,True,False,False,accepted,12
Clean legacy,708,True,False,False,accepted,12
Clean legacy,709,True,False,False,accepted,12
Clean legacy,710,True,False,False,accepted,12
Clean legacy,711,True,False,False,accepted,12
Clean legacy,712,True,False,False,accepted,12
Clean legacy,713,True,False,False,accepted,12
Clean legacy,714,True,False,False,accepted,12
Clean legacy,715,True,False,False,accepted,12
Clean legacy,716,True,False,False,accepted,12
Clean legacy,717,True,False,False,accepted,12
Clean legacy,718,True,False,False,accepted,12
Clean legacy,719,True,False,False,accepted,12
Clean legacy,720,True,False,False,accepted,12
Clean legacy,721,True,False,False,accepted,12
Clean legacy,722,True,False,False,accepted,12
Clean legacy,723,True,False,False,accepted,12
Clean legacy,724,True,False,False,accepted,12
Clean legacy,725,True,False,False,accepted,12
Clean legacy,726,True,False,False,accepted,12
Clean legacy,727,True,False,False,accepted,12
Clean legacy,728,True,False,False,accepted,12
Clean legacy,729,True,False,False,accepted,12
Clean legacy,730,True,False,False,accepted,12
Clean legacy,731,True,False,False,accepted,12
Clean legacy,732,True,False,False,accepted,12
Clean legacy,733,True,False,False,accepted,12
Clean legacy,734,True,False,False,accepted,12
Clean legacy,735,True,False,False,accepted,12
Clean legacy,736,True,False,False,accepted,12
Clean legacy,737,True,False,False,accepted,12
Clean legacy,738,True,False,False,accepted,12
Clean legacy,739,True,False,False,accepted,12
Clean legacy,740,True,False,False,accepted,12
Clean legacy,741,True,False,False,accepted,12
Clean legacy,742,True,False,False,accepted,12
Clean legacy,743,True,False,False,accepted,12
Clean legacy,744,True,False,False,accepted,12
Clean legacy,745,True,False,False,accepted,12
Clean legacy,746,True,False,False,accepted,12
Clean legacy,747,True,False,False,accepted,12
Clean legacy,748,True,False,False,accepted,12
Clean legacy,749,True,False,False,accepted,12
Clean legacy,750,True,False,False,accepted,12
Clean legacy,751,True,False,False,accepted,12
Clean legacy,752,True,False,False,accepted,12
Clean legacy,753,True,False,False,accepted,12
Clean legacy,754,True,False,False,accepted,12
Clean legacy,755,True,False,False,accepted,12
Clean legacy,756,True,False,False,accepted,12
Clean legacy,757,True,False,False,accepted,12
Clean legacy,758,True,False,False,accepted,12
Clean legacy,759,True,False,False,accepted,12
Clean legacy,760,True,False,False,accepted,12
Clean legacy,761,True,False,False,accepted,12
Clean legacy,762,True,False,False,accepted,12
Clean legacy,763,True,False,False,accepted,12
Clean legacy,764,True,False,False,accepted,12
Clean legacy,765,True,False,False,accepted,12
Clean legacy,766,True,False,False,accepted,12
Clean legacy,767,True,False,False,accepted,12
Clean legacy,768,True,False,False,accepted,12
Clean legacy,769,True,False,False,accepted,12
Clean legacy,770,True,False,False,accepted,12
Clean legacy,771,True,False,False,accepted,12
Clean legacy,772,True,False,False,accepted,12
Clean legacy,773,True,False,False,accepted,12
Clean legacy,774,True,False,False,accepted,12
Clean legacy,775,True,False,False,accepted,12
Clean legacy,776,True,False,False,accepted,12
Clean legacy,777,True,False,False,accepted,12
Clean legacy,778,True,False,False,accepted,12
Clean legacy,779,True,False,False,accepted,12
Clean legacy,780,True,False,False,accepted,12
Clean legacy,781,True,False,False,accepted,12
Clean legacy,782,True,False,False,accepted,12
Clean legacy,783,True,False,False,accepted,12
Clean legacy,784,True,False,False,accepted,12
Clean legacy,785,True,False,False,accepted,12
Clean legacy,786,True,False,False,accepted,12
Clean legacy,787,True,False,False,accepted,12
Clean legacy,788,True,False,False,accepted,12
Clean legacy,789,True,False,False,accepted,12
Clean legacy,790,True,False,False,accepted,12
Clean legacy,791,True,False,False,accepted,12
Clean legacy,792,True,False,False,accepted,12
Clean legacy,793,True,False,False,accepted,12
Clean legacy,794,True,False,False,accepted,12
Clean legacy,795,True,False,False,accepted,12
Clean legacy,796,True,False,False,accepted,12
Clean legacy,797,True,False,False,accepted,12
Clean legacy,798,True,False,False,accepted,12
Clean legacy,799,True,False,False,accepted,12
Clean legacy,800,True,False,False,accepted,12
Clean legacy,801,True,False,False,accepted,12
Clean legacy,802,True,False,False,accepted,12
Clean legacy,803,True,False,False,accepted,12
Clean legacy,804,True,False,False,accepted,12
Clean legacy,805,True,False,False,accepted,12
Clean legacy,806,True,False,False,accepted,12
Clean legacy,807,True,False,False,accepted,12
Clean legacy,808,True,False,False,accepted,12
Clean legacy,809,True,False,False,accepted,12
Clean legacy,810,True,False,False,accepted,12
Clean legacy,811,True,False,False,accepted,12
Clean legacy,812,True,False,False,accepted,12
Clean legacy,813,True,False,False,accepted,12
Clean legacy,814,True,False,False,accepted,12
Clean legacy,815,True,False,False,accepted,12
Clean legacy,816,True,False,False,accepted,12
Clean legacy,817,True,False,False,accepted,12
Clean legacy,818,True,False,False,accepted,12
Clean legacy,819,True,False,False,accepted,12
Clean legacy,820,True,False,False,accepted,12
Clean legacy,821,True,False,False,accepted,12
Clean legacy,822,True,False,False,accepted,12
Clean legacy,823,True,False,False,accepted,12
Clean legacy,824,True,False,False,accepted,12
Clean legacy,825,True,False,False,accepted,12
Clean legacy,826,True,False,False,accepted,12
Clean legacy,827,True,False,False,accepted,12
Clean legacy,828,True,False,False,accepted,12
Clean legacy,829,True,False,False,accepted,12
Clean legacy,830,True,False,False,accepted,12
Clean legacy,831,True,False,False,accepted,12
Clean legacy,832,True,False,False,accepted,12
Clean legacy,833,True,False,False,accepted,12
Clean legacy,834,True,False,False,accepted,12
Clean legacy,835,True,False,False,accepted,12
Clean legacy,836,True,False,False,accepted,12
Clean legacy,837,True,False,False,accepted,12
Clean legacy,838,True,False,False,accepted,12
Clean legacy,839,True,False,False,accepted,12
Clean legacy,840,True,False,False,accepted,12
Clean legacy,841,True,False,False,accepted,12
Clean legacy,842,True,False,False,accepted,12
Clean legacy,843,True,False,False,accepted,12
Clean legacy,844,True,False,False,accepted,12
Clean legacy,845,True,False,False,accepted,12
Clean legacy,846,True,False,False,accepted,12
Clean legacy,847,True,False,False,accepted,12
Clean legacy,848,True,False,False,accepted,12
Clean legacy,849,True,False,False,accepted,12
Clean legacy,850,True,False,False,accepted,12
Clean legacy,851,True,False,False,accepted,12
Clean legacy,852,True,False,False,accepted,12
Clean legacy,853,True,False,False,accepted,12
Clean legacy,854,True,False,False,accepted,12
Clean legacy,855,True,False,False,accepted,12
Clean legacy,856,True,False,False,accepted,12
Clean legacy,857,True,False,False,accepted,12
Clean legacy,858,True,False,False,accepted,12
Clean legacy,859,True,False,False,accepted,12
Clean legacy,860,True,False,False,accepted,12
Clean legacy,861,True,False,False,accepted,12
Clean legacy,862,True,False,False,accepted,12
Clean legacy,863,True,False,False,accepted,12
Clean legacy,864,True,False,False,accepted,12
Clean legacy,865,True,False,False,accepted,12
Clean legacy,866,True,False,False,accepted,12
Clean legacy,867,True,False,False,accepted,12
Clean legacy,868,True,False,False,accepted,12
Clean legacy,869,True,False,False,accepted,12
Clean legacy,870,True,False,False,accepted,12
Clean legacy,871,True,False,False,accepted,12
Clean legacy,872,True,False,False,accepted,12
Clean legacy,873,True,False,False,accepted,12
Clean legacy,874,True,False,False,accepted,12
Clean legacy,875,True,False,False,accepted,12
Clean legacy,876,True,False,False,accepted,12
Clean legacy,877,True,False,False,accepted,12
Clean legacy,878,True,False,False,accepted,12
Clean legacy,879,True,False,False,accepted,12
Clean legacy,880,True,False,False,accepted,12
Clean legacy,881,True,False,False,accepted,12
Clean legacy,882,True,False,False,accepted,12
Clean legacy,883,True,False,False,accepted,12
Clean legacy,884,True,False,False,accepted,12
Clean legacy,885,True,False,False,accepted,12
Clean legacy,886,True,False,False,accepted,12
Clean legacy,887,True,False,False,accepted,12
Clean legacy,888,True,False,False,accepted,12
Clean legacy,889,True,False,False,accepted,12
Clean legacy,890,True,False,False,accepted,12
Clean legacy,891,True,False,False,accepted,12
Clean legacy,892,True,False,False,accepted,12
Clean legacy,893,True,False,False,accepted,12
Clean legacy,894,True,False,False,accepted,12
Clean legacy,895,True,False,False,accepted,12
Clean legacy,896,True,False,False,accepted,12
Clean legacy,897,True,False,False,accepted,12
Clean legacy,898,True,False,False,accepted,12
Clean legacy,899,True,False,False,accepted,12
Clean legacy,900,True,False,False,accepted,12
Clean legacy,901,True,False,False,accepted,12
Clean legacy,902,True,False,False,accepted,12
Clean legacy,903,True,False,False,accepted,12
Clean legacy,904,True,False,False,accepted,12
Clean legacy,905,True,False,False,accepted,12
Clean legacy,906,True,False,False,accepted,12
Clean legacy,907,True,False,False,accepted,12
Clean legacy,908,True,False,False,accepted,12
Clean legacy,909,True,False,False,accepted,12
Clean legacy,910,True,False,False,accepted,12
Clean legacy,911,True,False,False,accepted,12
Clean legacy,912,True,False,False,accepted,12
Clean legacy,913,True,False,False,accepted,12
Clean legacy,914,True,False,False,accepted,12
Clean legacy,915,True,False,False,accepted,12
Clean legacy,916,True,False,False,accepted,12
Clean legacy,917,True,False,False,accepted,12
Clean legacy,918,True,False,False,accepted,12
Clean legacy,919,True,False,False,accepted,12
Clean legacy,920,True,False,False,accepted,12
Clean legacy,921,True,False,False,accepted,12
Clean legacy,922,True,False,False,accepted,12
Clean legacy,923,True,False,False,accepted,12
Clean legacy,924,True,False,False,accepted,12
Clean legacy,925,True,False,False,accepted,12
Clean legacy,926,True,False,False,accepted,12
Clean legacy,927,True,False,False,accepted,12
Clean legacy,928,True,False,False,accepted,12
Clean legacy,929,True,False,False,accepted,12
Clean legacy,930,True,False,False,accepted,12
Clean legacy,931,True,False,False,accepted,12
Clean legacy,932,True,False,False,accepted,12
Clean legacy,933,True,False,False,accepted,12
Clean legacy,934,True,False,False,accepted,12
Clean legacy,935,True,False,False,accepted,12
Clean legacy,936,True,False,False,accepted,12
Clean legacy,937,True,False,False,accepted,12
Clean legacy,938,True,False,False,accepted,12
Clean legacy,939,True,False,False,accepted,12
Clean legacy,940,True,False,False,accepted,12
Clean legacy,941,True,False,False,accepted,12
Clean legacy,942,True,False,False,accepted,12
Clean legacy,943,True,False,False,accepted,12
Clean legacy,944,True,False,False,accepted,12
Clean legacy,945,True,False,False,accepted,12
Clean legacy,946,True,False,False,accepted,12
Clean legacy,947,True,False,False,accepted,12
Clean legacy,948,True,False,False,accepted,12
Clean legacy,949,True,False,False,accepted,12
Clean legacy,950,True,False,False,accepted,12
Clean legacy,951,True,False,False,accepted,12
Clean legacy,952,True,False,False,accepted,12
Clean legacy,953,True,False,False,accepted,12
Clean legacy,954,True,False,False,accepted,12
Clean legacy,955,True,False,False,accepted,12
Clean legacy,956,True,False,False,accepted,12
Clean legacy,957,True,False,False,accepted,12
Clean legacy,958,True,False,False,accepted,12
Clean legacy,959,True,False,False,accepted,12
Clean legacy,960,True,False,False,accepted,12
Clean legacy,961,True,False,False,accepted,12
Clean legacy,962,True,False,False,accepted,12
Clean legacy,963,True,False,False,accepted,12
Clean legacy,964,True,False,False,accepted,12
Clean legacy,965,True,False,False,accepted,12
Clean legacy,966,True,False,False,accepted,12
Clean legacy,967,True,False,False,accepted,12
Clean legacy,968,True,False,False,accepted,12
Clean legacy,969,True,False,False,accepted,12
Clean legacy,970,True,False,False,accepted,12
Clean legacy,971,True,False,False,accepted,12
Clean legacy,972,True,False,False,accepted,12
Clean legacy,973,True,False,False,accepted,12
Clean legacy,974,True,False,False,accepted,12
Clean legacy,975,True,False,False,accepted,12
Clean legacy,976,True,False,False,accepted,12
Clean legacy,977,True,False,False,accepted,12
Clean legacy,978,True,False,False,accepted,12
Clean legacy,979,True,False,False,accepted,12
Clean legacy,980,True,False,False,accepted,12
Clean legacy,981,True,False,False,accepted,12
Clean legacy,982,True,False,False,accepted,12
Clean legacy,983,True,False,False,accepted,12
Clean legacy,984,True,False,False,accepted,12
Clean legacy,985,True,False,False,accepted,12
Clean legacy,986,True,False,False,accepted,12
Clean legacy,987,True,False,False,accepted,12
Clean legacy,988,True,False,False,accepted,12
Clean legacy,989,True,False,False,accepted,12
Clean legacy,990,True,False,False,accepted,12
Clean legacy,991,True,False,False,accepted,12
Clean legacy,992,True,False,False,accepted,12
Clean legacy,993,True,False,False,accepted,12
Clean legacy,994,True,False,False,accepted,12
Clean legacy,995,True,False,False,accepted,12
Clean legacy,996,True,False,False,accepted,12
Clean legacy,997,True,False,False,accepted,12
Clean legacy,998,True,False,False,accepted,12
Clean legacy,999,True,False,False,accepted,12
Drop only,0,False,False,False,packet_rejected,0
Drop only,1,False,False,False,packet_rejected,0
Drop only,2,False,False,False,packet_rejected,0
Drop only,3,False,False,False,packet_rejected,0
Drop only,4,False,False,False,packet_rejected,0
Drop only,5,False,False,False,packet_rejected,0
Drop only,6,False,False,False,packet_rejected,0
Drop only,7,False,False,False,packet_rejected,0
Drop only,8,False,False,False,packet_rejected,0
Drop only,9,False,False,False,packet_rejected,0
Drop only,10,False,False,False,packet_rejected,0
Drop only,11,False,False,False,packet_rejected,0
Drop only,12,False,False,False,packet_rejected,0
Drop only,13,False,False,False,packet_rejected,0
Drop only,14,False,False,False,packet_rejected,0
Drop only,15,False,False,False,packet_rejected,0
Drop only,16,False,False,False,packet_rejected,0
Drop only,17,False,False,False,packet_rejected,0
Drop only,18,False,False,False,packet_rejected,0
Drop only,19,False,False,False,packet_rejected,0
Drop only,20,False,False,False,packet_rejected,0
Drop only,21,False,False,False,packet_rejected,0
Drop only,22,False,False,False,packet_rejected,0
Drop only,23,False,False,False,packet_rejected,0
Drop only,24,False,False,False,packet_rejected,0
Drop only,25,False,False,False,packet_rejected,0
Drop only,26,False,False,False,packet_rejected,0
Drop only,27,False,False,False,packet_rejected,0
Drop only,28,False,False,False,packet_rejected,0
Drop only,29,False,False,False,packet_rejected,0
Drop only,30,False,False,False,packet_rejected,0
Drop only,31,False,False,False,packet_rejected,0
Drop only,32,False,False,False,packet_rejected,0
Drop only,33,False,False,False,packet_rejected,0
Drop only,34,False,False,False,packet_rejected,0
Drop only,35,False,False,False,packet_rejected,0
Drop only,36,False,False,False,packet_rejected,0
Drop only,37,False,False,False,packet_rejected,0
Drop only,38,False,False,False,packet_rejected,0
Drop only,39,False,False,False,packet_rejected,0
Drop only,40,False,False,False,packet_rejected,0
Drop only,41,False,False,False,packet_rejected,0
Drop only,42,False,False,False,packet_rejected,0
Drop only,43,False,False,False,packet_rejected,0
Drop only,44,False,False,False,packet_rejected,0
Drop only,45,False,False,False,packet_rejected,0
Drop only,46,False,False,False,packet_rejected,0
Drop only,47,False,False,False,packet_rejected,0
Drop only,48,False,False,False,packet_rejected,0
Drop only,49,False,False,False,packet_rejected,0
Drop only,50,False,False,False,packet_rejected,0
Drop only,51,False,False,False,packet_rejected,0
Drop only,52,False,False,False,packet_rejected,0
Drop only,53,False,False,False,packet_rejected,0
Drop only,54,False,False,False,packet_rejected,0
Drop only,55,False,False,False,packet_rejected,0
Drop only,56,False,False,False,packet_rejected,0
Drop only,57,False,False,False,packet_rejected,0
Drop only,58,False,False,False,packet_rejected,0
Drop only,59,False,False,False,packet_rejected,0
Drop only,60,False,False,False,packet_rejected,0
Drop only,61,False,False,False,packet_rejected,0
Drop only,62,False,False,False,packet_rejected,0
Drop only,63,False,False,False,packet_rejected,0
Drop only,64,False,False,False,packet_rejected,0
Drop only,65,False,False,False,packet_rejected,0
Drop only,66,False,False,False,packet_rejected,0
Drop only,67,False,False,False,packet_rejected,0
Drop only,68,False,False,False,packet_rejected,0
Drop only,69,False,False,False,packet_rejected,0
Drop only,70,False,False,False,packet_rejected,0
Drop only,71,False,False,False,packet_rejected,0
Drop only,72,False,False,False,packet_rejected,0
Drop only,73,False,False,False,packet_rejected,0
Drop only,74,False,False,False,packet_rejected,0
Drop only,75,False,False,False,packet_rejected,0
Drop only,76,False,False,False,packet_rejected,0
Drop only,77,False,False,False,packet_rejected,0
Drop only,78,False,False,False,packet_rejected,0
Drop only,79,False,False,False,packet_rejected,0
Drop only,80,False,False,False,packet_rejected,0
Drop only,81,False,False,False,packet_rejected,0
Drop only,82,False,False,False,packet_rejected,0
Drop only,83,False,False,False,packet_rejected,0
Drop only,84,False,False,False,packet_rejected,0
Drop only,85,False,False,False,packet_rejected,0
Drop only,86,False,False,False,packet_rejected,0
Drop only,87,False,False,False,packet_rejected,0
Drop only,88,False,False,False,packet_rejected,0
Drop only,89,False,False,False,packet_rejected,0
Drop only,90,False,False,False,packet_rejected,0
Drop only,91,False,False,False,packet_rejected,0
Drop only,92,False,False,False,packet_rejected,0
Drop only,93,False,False,False,packet_rejected,0
Drop only,94,False,False,False,packet_rejected,0
Drop only,95,False,False,False,packet_rejected,0
Drop only,96,False,False,False,packet_rejected,0
Drop only,97,False,False,False,packet_rejected,0
Drop only,98,False,False,False,packet_rejected,0
Drop only,99,False,False,False,packet_rejected,0
Drop only,100,False,False,False,packet_rejected,0
Drop only,101,False,False,False,packet_rejected,0
Drop only,102,False,False,False,packet_rejected,0
Drop only,103,False,False,False,packet_rejected,0
Drop only,104,False,False,False,packet_rejected,0
Drop only,105,False,False,False,packet_rejected,0
Drop only,106,False,False,False,packet_rejected,0
Drop only,107,False,False,False,packet_rejected,0
Drop only,108,False,False,False,packet_rejected,0
Drop only,109,False,False,False,packet_rejected,0
Drop only,110,False,False,False,packet_rejected,0
Drop only,111,False,False,False,packet_rejected,0
Drop only,112,False,False,False,packet_rejected,0
Drop only,113,False,False,False,packet_rejected,0
Drop only,114,False,False,False,packet_rejected,0
Drop only,115,False,False,False,packet_rejected,0
Drop only,116,False,False,False,packet_rejected,0
Drop only,117,False,False,False,packet_rejected,0
Drop only,118,False,False,False,packet_rejected,0
Drop only,119,False,False,False,packet_rejected,0
Drop only,120,False,False,False,packet_rejected,0
Drop only,121,False,False,False,packet_rejected,0
Drop only,122,False,False,False,packet_rejected,0
Drop only,123,False,False,False,packet_rejected,0
Drop only,124,False,False,False,packet_rejected,0
Drop only,125,False,False,False,packet_rejected,0
Drop only,126,False,False,False,packet_rejected,0
Drop only,127,False,False,False,packet_rejected,0
Drop only,128,False,False,False,packet_rejected,0
Drop only,129,False,False,False,packet_rejected,0
Drop only,130,False,False,False,packet_rejected,0
Drop only,131,False,False,False,packet_rejected,0
Drop only,132,False,False,False,packet_rejected,0
Drop only,133,False,False,False,packet_rejected,0
Drop only,134,False,False,False,packet_rejected,0
Drop only,135,False,False,False,packet_rejected,0
Drop only,136,False,False,False,packet_rejected,0
Drop only,137,False,False,False,packet_rejected,0
Drop only,138,False,False,False,packet_rejected,0
Drop only,139,False,False,False,packet_rejected,0
Drop only,140,False,False,False,packet_rejected,0
Drop only,141,False,False,False,packet_rejected,0
Drop only,142,False,False,False,packet_rejected,0
Drop only,143,False,False,False,packet_rejected,0
Drop only,144,False,False,False,packet_rejected,0
Drop only,145,False,False,False,packet_rejected,0
Drop only,146,False,False,False,packet_rejected,0
Drop only,147,False,False,False,packet_rejected,0
Drop only,148,False,False,False,packet_rejected,0
Drop only,149,False,False,False,packet_rejected,0
Drop only,150,False,False,False,packet_rejected,0
Drop only,151,False,False,False,packet_rejected,0
Drop only,152,False,False,False,packet_rejected,0
Drop only,153,False,False,False,packet_rejected,0
Drop only,154,False,False,False,packet_rejected,0
Drop only,155,False,False,False,packet_rejected,0
Drop only,156,False,False,False,packet_rejected,0
Drop only,157,False,False,False,packet_rejected,0
Drop only,158,False,False,False,packet_rejected,0
Drop only,159,False,False,False,packet_rejected,0
Drop only,160,False,False,False,packet_rejected,0
Drop only,161,False,False,False,packet_rejected,0
Drop only,162,False,False,False,packet_rejected,0
Drop only,163,False,False,False,packet_rejected,0
Drop only,164,False,False,False,packet_rejected,0
Drop only,165,False,False,False,packet_rejected,0
Drop only,166,False,False,False,packet_rejected,0
Drop only,167,False,False,False,packet_rejected,0
Drop only,168,False,False,False,packet_rejected,0
Drop only,169,False,False,False,packet_rejected,0
Drop only,170,False,False,False,packet_rejected,0
Drop only,171,False,False,False,packet_rejected,0
Drop only,172,False,False,False,packet_rejected,0
Drop only,173,False,False,False,packet_rejected,0
Drop only,174,False,False,False,packet_rejected,0
Drop only,175,False,False,False,packet_rejected,0
Drop only,176,False,False,False,packet_rejected,0
Drop only,177,False,False,False,packet_rejected,0
Drop only,178,False,False,False,packet_rejected,0
Drop only,179,False,False,False,packet_rejected,0
Drop only,180,False,False,False,packet_rejected,0
Drop only,181,False,False,False,packet_rejected,0
Drop only,182,False,False,False,packet_rejected,0
Drop only,183,False,False,False,packet_rejected,0
Drop only,184,False,False,False,packet_rejected,0
Drop only,185,False,False,False,packet_rejected,0
Drop only,186,False,False,False,packet_rejected,0
Drop only,187,False,False,False,packet_rejected,0
Drop only,188,False,False,False,packet_rejected,0
Drop only,189,False,False,False,packet_rejected,0
Drop only,190,False,False,False,packet_rejected,0
Drop only,191,False,False,False,packet_rejected,0
Drop only,192,False,False,False,packet_rejected,0
Drop only,193,False,False,False,packet_rejected,0
Drop only,194,False,False,False,packet_rejected,0
Drop only,195,False,False,False,packet_rejected,0
Drop only,196,False,False,False,packet_rejected,0
Drop only,197,False,False,False,packet_rejected,0
Drop only,198,False,False,False,packet_rejected,0
Drop only,199,False,False,False,packet_rejected,0
Drop only,200,False,False,False,packet_rejected,0
Drop only,201,False,False,False,packet_rejected,0
Drop only,202,False,False,False,packet_rejected,0
Drop only,203,False,False,False,packet_rejected,0
Drop only,204,False,False,False,packet_rejected,0
Drop only,205,False,False,False,packet_rejected,0
Drop only,206,False,False,False,packet_rejected,0
Drop only,207,False,False,False,packet_rejected,0
Drop only,208,False,False,False,packet_rejected,0
Drop only,209,False,False,False,packet_rejected,0
Drop only,210,False,False,False,packet_rejected,0
Drop only,211,False,False,False,packet_rejected,0
Drop only,212,False,False,False,packet_rejected,0
Drop only,213,False,False,False,packet_rejected,0
Drop only,214,False,False,False,packet_rejected,0
Drop only,215,False,False,False,packet_rejected,0
Drop only,216,False,False,False,packet_rejected,0
Drop only,217,False,False,False,packet_rejected,0
Drop only,218,False,False,False,packet_rejected,0
Drop only,219,False,False,False,packet_rejected,0
Drop only,220,False,False,False,packet_rejected,0
Drop only,221,False,False,False,packet_rejected,0
Drop only,222,False,False,False,packet_rejected,0
Drop only,223,False,False,False,packet_rejected,0
Drop only,224,False,False,False,packet_rejected,0
Drop only,225,False,False,False,packet_rejected,0
Drop only,226,False,False,False,packet_rejected,0
Drop only,227,False,False,False,packet_rejected,0
Drop only,228,False,False,False,packet_rejected,0
Drop only,229,False,False,False,packet_rejected,0
Drop only,230,False,False,False,packet_rejected,0
Drop only,231,False,False,False,packet_rejected,0
Drop only,232,False,False,False,packet_rejected,0
Drop only,233,False,False,False,packet_rejected,0
Drop only,234,False,False,False,packet_rejected,0
Drop only,235,False,False,False,packet_rejected,0
Drop only,236,False,False,False,packet_rejected,0
Drop only,237,False,False,False,packet_rejected,0
Drop only,238,False,False,False,packet_rejected,0
Drop only,239,False,False,False,packet_rejected,0
Drop only,240,False,False,False,packet_rejected,0
Drop only,241,False,False,False,packet_rejected,0
Drop only,242,False,False,False,packet_rejected,0
Drop only,243,False,False,False,packet_rejected,0
Drop only,244,False,False,False,packet_rejected,0
Drop only,245,False,False,False,packet_rejected,0
Drop only,246,False,False,False,packet_rejected,0
Drop only,247,False,False,False,packet_rejected,0
Drop only,248,False,False,False,packet_rejected,0
Drop only,249,False,False,False,packet_rejected,0
Drop only,250,False,False,False,packet_rejected,0
Drop only,251,False,False,False,packet_rejected,0
Drop only,252,False,False,False,packet_rejected,0
Drop only,253,False,False,False,packet_rejected,0
Drop only,254,False,False,False,packet_rejected,0
Drop only,255,False,False,False,packet_rejected,0
Drop only,256,False,False,False,packet_rejected,0
Drop only,257,False,False,False,packet_rejected,0
Drop only,258,False,False,False,packet_rejected,0
Drop only,259,False,False,False,packet_rejected,0
Drop only,260,False,False,False,packet_rejected,0
Drop only,261,False,False,False,packet_rejected,0
Drop only,262,False,False,False,packet_rejected,0
Drop only,263,False,False,False,packet_rejected,0
Drop only,264,False,False,False,packet_rejected,0
Drop only,265,False,False,False,packet_rejected,0
Drop only,266,False,False,False,packet_rejected,0
Drop only,267,False,False,False,packet_rejected,0
Drop only,268,False,False,False,packet_rejected,0
Drop only,269,False,False,False,packet_rejected,0
Drop only,270,False,False,False,packet_rejected,0
Drop only,271,False,False,False,packet_rejected,0
Drop only,272,False,False,False,packet_rejected,0
Drop only,273,False,False,False,packet_rejected,0
Drop only,274,False,False,False,packet_rejected,0
Drop only,275,False,False,False,packet_rejected,0
Drop only,276,False,False,False,packet_rejected,0
Drop only,277,False,False,False,packet_rejected,0
Drop only,278,False,False,False,packet_rejected,0
Drop only,279,False,False,False,packet_rejected,0
Drop only,280,False,False,False,packet_rejected,0
Drop only,281,False,False,False,packet_rejected,0
Drop only,282,False,False,False,packet_rejected,0
Drop only,283,False,False,False,packet_rejected,0
Drop only,284,False,False,False,packet_rejected,0
Drop only,285,False,False,False,packet_rejected,0
Drop only,286,False,False,False,packet_rejected,0
Drop only,287,False,False,False,packet_rejected,0
Drop only,288,False,False,False,packet_rejected,0
Drop only,289,False,False,False,packet_rejected,0
Drop only,290,False,False,False,packet_rejected,0
Drop only,291,False,False,False,packet_rejected,0
Drop only,292,False,False,False,packet_rejected,0
Drop only,293,False,False,False,packet_rejected,0
Drop only,294,False,False,False,packet_rejected,0
Drop only,295,False,False,False,packet_rejected,0
Drop only,296,False,False,False,packet_rejected,0
Drop only,297,False,False,False,packet_rejected,0
Drop only,298,False,False,False,packet_rejected,0
Drop only,299,False,False,False,packet_rejected,0
Drop only,300,False,False,False,packet_rejected,0
Drop only,301,False,False,False,packet_rejected,0
Drop only,302,False,False,False,packet_rejected,0
Drop only,303,False,False,False,packet_rejected,0
Drop only,304,False,False,False,packet_rejected,0
Drop only,305,False,False,False,packet_rejected,0
Drop only,306,False,False,False,packet_rejected,0
Drop only,307,False,False,False,packet_rejected,0
Drop only,308,False,False,False,packet_rejected,0
Drop only,309,False,False,False,packet_rejected,0
Drop only,310,False,False,False,packet_rejected,0
Drop only,311,False,False,False,packet_rejected,0
Drop only,312,False,False,False,packet_rejected,0
Drop only,313,False,False,False,packet_rejected,0
Drop only,314,False,False,False,packet_rejected,0
Drop only,315,False,False,False,packet_rejected,0
Drop only,316,False,False,False,packet_rejected,0
Drop only,317,False,False,False,packet_rejected,0
Drop only,318,False,False,False,packet_rejected,0
Drop only,319,False,False,False,packet_rejected,0
Drop only,320,False,False,False,packet_rejected,0
Drop only,321,False,False,False,packet_rejected,0
Drop only,322,False,False,False,packet_rejected,0
Drop only,323,False,False,False,packet_rejected,0
Drop only,324,False,False,False,packet_rejected,0
Drop only,325,False,False,False,packet_rejected,0
Drop only,326,False,False,False,packet_rejected,0
Drop only,327,False,False,False,packet_rejected,0
Drop only,328,False,False,False,packet_rejected,0
Drop only,329,False,False,False,packet_rejected,0
Drop only,330,False,False,False,packet_rejected,0
Drop only,331,False,False,False,packet_rejected,0
Drop only,332,False,False,False,packet_rejected,0
Drop only,333,False,False,False,packet_rejected,0
Drop only,334,False,False,False,packet_rejected,0
Drop only,335,False,False,False,packet_rejected,0
Drop only,336,False,False,False,packet_rejected,0
Drop only,337,False,False,False,packet_rejected,0
Drop only,338,False,False,False,packet_rejected,0
Drop only,339,False,False,False,packet_rejected,0
Drop only,340,False,False,False,packet_rejected,0
Drop only,341,False,False,False,packet_rejected,0
Drop only,342,False,False,False,packet_rejected,0
Drop only,343,False,False,False,packet_rejected,0
Drop only,344,False,False,False,packet_rejected,0
Drop only,345,False,False,False,packet_rejected,0
Drop only,346,False,False,False,packet_rejected,0
Drop only,347,False,False,False,packet_rejected,0
Drop only,348,False,False,False,packet_rejected,0
Drop only,349,False,False,False,packet_rejected,0
Drop only,350,False,False,False,packet_rejected,0
Drop only,351,False,False,False,packet_rejected,0
Drop only,352,False,False,False,packet_rejected,0
Drop only,353,False,False,False,packet_rejected,0
Drop only,354,False,False,False,packet_rejected,0
Drop only,355,False,False,False,packet_rejected,0
Drop only,356,False,False,False,packet_rejected,0
Drop only,357,False,False,False,packet_rejected,0
Drop only,358,False,False,False,packet_rejected,0
Drop only,359,False,False,False,packet_rejected,0
Drop only,360,False,False,False,packet_rejected,0
Drop only,361,False,False,False,packet_rejected,0
Drop only,362,False,False,False,packet_rejected,0
Drop only,363,False,False,False,packet_rejected,0
Drop only,364,False,False,False,packet_rejected,0
Drop only,365,False,False,False,packet_rejected,0
Drop only,366,False,False,False,packet_rejected,0
Drop only,367,False,False,False,packet_rejected,0
Drop only,368,False,False,False,packet_rejected,0
Drop only,369,False,False,False,packet_rejected,0
Drop only,370,False,False,False,packet_rejected,0
Drop only,371,False,False,False,packet_rejected,0
Drop only,372,False,False,False,packet_rejected,0
Drop only,373,False,False,False,packet_rejected,0
Drop only,374,False,False,False,packet_rejected,0
Drop only,375,False,False,False,packet_rejected,0
Drop only,376,False,False,False,packet_rejected,0
Drop only,377,False,False,False,packet_rejected,0
Drop only,378,False,False,False,packet_rejected,0
Drop only,379,False,False,False,packet_rejected,0
Drop only,380,False,False,False,packet_rejected,0
Drop only,381,False,False,False,packet_rejected,0
Drop only,382,False,False,False,packet_rejected,0
Drop only,383,False,False,False,packet_rejected,0
Drop only,384,False,False,False,packet_rejected,0
Drop only,385,False,False,False,packet_rejected,0
Drop only,386,False,False,False,packet_rejected,0
Drop only,387,False,False,False,packet_rejected,0
Drop only,388,False,False,False,packet_rejected,0
Drop only,389,False,False,False,packet_rejected,0
Drop only,390,False,False,False,packet_rejected,0
Drop only,391,False,False,False,packet_rejected,0
Drop only,392,False,False,False,packet_rejected,0
Drop only,393,False,False,False,packet_rejected,0
Drop only,394,False,False,False,packet_rejected,0
Drop only,395,False,False,False,packet_rejected,0
Drop only,396,False,False,False,packet_rejected,0
Drop only,397,False,False,False,packet_rejected,0
Drop only,398,False,False,False,packet_rejected,0
Drop only,399,False,False,False,packet_rejected,0
Drop only,400,False,False,False,packet_rejected,0
Drop only,401,False,False,False,packet_rejected,0
Drop only,402,False,False,False,packet_rejected,0
Drop only,403,False,False,False,packet_rejected,0
Drop only,404,False,False,False,packet_rejected,0
Drop only,405,False,False,False,packet_rejected,0
Drop only,406,False,False,False,packet_rejected,0
Drop only,407,False,False,False,packet_rejected,0
Drop only,408,False,False,False,packet_rejected,0
Drop only,409,False,False,False,packet_rejected,0
Drop only,410,False,False,False,packet_rejected,0
Drop only,411,False,False,False,packet_rejected,0
Drop only,412,False,False,False,packet_rejected,0
Drop only,413,False,False,False,packet_rejected,0
Drop only,414,False,False,False,packet_rejected,0
Drop only,415,False,False,False,packet_rejected,0
Drop only,416,False,False,False,packet_rejected,0
Drop only,417,False,False,False,packet_rejected,0
Drop only,418,False,False,False,packet_rejected,0
Drop only,419,False,False,False,packet_rejected,0
Drop only,420,False,False,False,packet_rejected,0
Drop only,421,False,False,False,packet_rejected,0
Drop only,422,False,False,False,packet_rejected,0
Drop only,423,False,False,False,packet_rejected,0
Drop only,424,False,False,False,packet_rejected,0
Drop only,425,False,False,False,packet_rejected,0
Drop only,426,False,False,False,packet_rejected,0
Drop only,427,False,False,False,packet_rejected,0
Drop only,428,False,False,False,packet_rejected,0
Drop only,429,False,False,False,packet_rejected,0
Drop only,430,False,False,False,packet_rejected,0
Drop only,431,False,False,False,packet_rejected,0
Drop only,432,False,False,False,packet_rejected,0
Drop only,433,False,False,False,packet_rejected,0
Drop only,434,False,False,False,packet_rejected,0
Drop only,435,False,False,False,packet_rejected,0
Drop only,436,False,False,False,packet_rejected,0
Drop only,437,False,False,False,packet_rejected,0
Drop only,438,False,False,False,packet_rejected,0
Drop only,439,False,False,False,packet_rejected,0
Drop only,440,False,False,False,packet_rejected,0
Drop only,441,False,False,False,packet_rejected,0
Drop only,442,False,False,False,packet_rejected,0
Drop only,443,False,False,False,packet_rejected,0
Drop only,444,False,False,False,packet_rejected,0
Drop only,445,False,False,False,packet_rejected,0
Drop only,446,False,False,False,packet_rejected,0
Drop only,447,False,False,False,packet_rejected,0
Drop only,448,False,False,False,packet_rejected,0
Drop only,449,False,False,False,packet_rejected,0
Drop only,450,False,False,False,packet_rejected,0
Drop only,451,False,False,False,packet_rejected,0
Drop only,452,False,False,False,packet_rejected,0
Drop only,453,False,False,False,packet_rejected,0
Drop only,454,False,False,False,packet_rejected,0
Drop only,455,False,False,False,packet_rejected,0
Drop only,456,False,False,False,packet_rejected,0
Drop only,457,False,False,False,packet_rejected,0
Drop only,458,False,False,False,packet_rejected,0
Drop only,459,False,False,False,packet_rejected,0
Drop only,460,False,False,False,packet_rejected,0
Drop only,461,False,False,False,packet_rejected,0
Drop only,462,False,False,False,packet_rejected,0
Drop only,463,False,False,False,packet_rejected,0
Drop only,464,False,False,False,packet_rejected,0
Drop only,465,False,False,False,packet_rejected,0
Drop only,466,False,False,False,packet_rejected,0
Drop only,467,False,False,False,packet_rejected,0
Drop only,468,False,False,False,packet_rejected,0
Drop only,469,False,False,False,packet_rejected,0
Drop only,470,False,False,False,packet_rejected,0
Drop only,471,False,False,False,packet_rejected,0
Drop only,472,False,False,False,packet_rejected,0
Drop only,473,False,False,False,packet_rejected,0
Drop only,474,False,False,False,packet_rejected,0
Drop only,475,False,False,False,packet_rejected,0
Drop only,476,False,False,False,packet_rejected,0
Drop only,477,False,False,False,packet_rejected,0
Drop only,478,False,False,False,packet_rejected,0
Drop only,479,False,False,False,packet_rejected,0
Drop only,480,False,False,False,packet_rejected,0
Drop only,481,False,False,False,packet_rejected,0
Drop only,482,False,False,False,packet_rejected,0
Drop only,483,False,False,False,packet_rejected,0
Drop only,484,False,False,False,packet_rejected,0
Drop only,485,False,False,False,packet_rejected,0
Drop only,486,False,False,False,packet_rejected,0
Drop only,487,False,False,False,packet_rejected,0
Drop only,488,False,False,False,packet_rejected,0
Drop only,489,False,False,False,packet_rejected,0
Drop only,490,False,False,False,packet_rejected,0
Drop only,491,False,False,False,packet_rejected,0
Drop only,492,False,False,False,packet_rejected,0
Drop only,493,False,False,False,packet_rejected,0
Drop only,494,False,False,False,packet_rejected,0
Drop only,495,False,False,False,packet_rejected,0
Drop only,496,False,False,False,packet_rejected,0
Drop only,497,False,False,False,packet_rejected,0
Drop only,498,False,False,False,packet_rejected,0
Drop only,499,False,False,False,packet_rejected,0
Drop only,500,False,False,False,packet_rejected,0
Drop only,501,False,False,False,packet_rejected,0
Drop only,502,False,False,False,packet_rejected,0
Drop only,503,False,False,False,packet_rejected,0
Drop only,504,False,False,False,packet_rejected,0
Drop only,505,False,False,False,packet_rejected,0
Drop only,506,False,False,False,packet_rejected,0
Drop only,507,False,False,False,packet_rejected,0
Drop only,508,False,False,False,packet_rejected,0
Drop only,509,False,False,False,packet_rejected,0
Drop only,510,False,False,False,packet_rejected,0
Drop only,511,False,False,False,packet_rejected,0
Drop only,512,False,False,False,packet_rejected,0
Drop only,513,False,False,False,packet_rejected,0
Drop only,514,False,False,False,packet_rejected,0
Drop only,515,False,False,False,packet_rejected,0
Drop only,516,False,False,False,packet_rejected,0
Drop only,517,False,False,False,packet_rejected,0
Drop only,518,False,False,False,packet_rejected,0
Drop only,519,False,False,False,packet_rejected,0
Drop only,520,False,False,False,packet_rejected,0
Drop only,521,False,False,False,packet_rejected,0
Drop only,522,False,False,False,packet_rejected,0
Drop only,523,False,False,False,packet_rejected,0
Drop only,524,False,False,False,packet_rejected,0
Drop only,525,False,False,False,packet_rejected,0
Drop only,526,False,False,False,packet_rejected,0
Drop only,527,False,False,False,packet_rejected,0
Drop only,528,False,False,False,packet_rejected,0
Drop only,529,False,False,False,packet_rejected,0
Drop only,530,False,False,False,packet_rejected,0
Drop only,531,False,False,False,packet_rejected,0
Drop only,532,False,False,False,packet_rejected,0
Drop only,533,False,False,False,packet_rejected,0
Drop only,534,False,False,False,packet_rejected,0
Drop only,535,False,False,False,packet_rejected,0
Drop only,536,False,False,False,packet_rejected,0
Drop only,537,False,False,False,packet_rejected,0
Drop only,538,False,False,False,packet_rejected,0
Drop only,539,False,False,False,packet_rejected,0
Drop only,540,False,False,False,packet_rejected,0
Drop only,541,False,False,False,packet_rejected,0
Drop only,542,False,False,False,packet_rejected,0
Drop only,543,False,False,False,packet_rejected,0
Drop only,544,False,False,False,packet_rejected,0
Drop only,545,False,False,False,packet_rejected,0
Drop only,546,False,False,False,packet_rejected,0
Drop only,547,False,False,False,packet_rejected,0
Drop only,548,False,False,False,packet_rejected,0
Drop only,549,False,False,False,packet_rejected,0
Drop only,550,False,False,False,packet_rejected,0
Drop only,551,False,False,False,packet_rejected,0
Drop only,552,False,False,False,packet_rejected,0
Drop only,553,False,False,False,packet_rejected,0
Drop only,554,False,False,False,packet_rejected,0
Drop only,555,False,False,False,packet_rejected,0
Drop only,556,False,False,False,packet_rejected,0
Drop only,557,False,False,False,packet_rejected,0
Drop only,558,False,False,False,packet_rejected,0
Drop only,559,False,False,False,packet_rejected,0
Drop only,560,False,False,False,packet_rejected,0
Drop only,561,False,False,False,packet_rejected,0
Drop only,562,False,False,False,packet_rejected,0
Drop only,563,False,False,False,packet_rejected,0
Drop only,564,False,False,False,packet_rejected,0
Drop only,565,False,False,False,packet_rejected,0
Drop only,566,False,False,False,packet_rejected,0
Drop only,567,False,False,False,packet_rejected,0
Drop only,568,False,False,False,packet_rejected,0
Drop only,569,False,False,False,packet_rejected,0
Drop only,570,False,False,False,packet_rejected,0
Drop only,571,False,False,False,packet_rejected,0
Drop only,572,False,False,False,packet_rejected,0
Drop only,573,False,False,False,packet_rejected,0
Drop only,574,False,False,False,packet_rejected,0
Drop only,575,False,False,False,packet_rejected,0
Drop only,576,False,False,False,packet_rejected,0
Drop only,577,False,False,False,packet_rejected,0
Drop only,578,False,False,False,packet_rejected,0
Drop only,579,False,False,False,packet_rejected,0
Drop only,580,False,False,False,packet_rejected,0
Drop only,581,False,False,False,packet_rejected,0
Drop only,582,False,False,False,packet_rejected,0
Drop only,583,False,False,False,packet_rejected,0
Drop only,584,False,False,False,packet_rejected,0
Drop only,585,False,False,False,packet_rejected,0
Drop only,586,False,False,False,packet_rejected,0
Drop only,587,False,False,False,packet_rejected,0
Drop only,588,False,False,False,packet_rejected,0
Drop only,589,False,False,False,packet_rejected,0
Drop only,590,False,False,False,packet_rejected,0
Drop only,591,False,False,False,packet_rejected,0
Drop only,592,False,False,False,packet_rejected,0
Drop only,593,False,False,False,packet_rejected,0
Drop only,594,False,False,False,packet_rejected,0
Drop only,595,False,False,False,packet_rejected,0
Drop only,596,False,False,False,packet_rejected,0
Drop only,597,False,False,False,packet_rejected,0
Drop only,598,False,False,False,packet_rejected,0
Drop only,599,False,False,False,packet_rejected,0
Drop only,600,False,False,False,packet_rejected,0
Drop only,601,False,False,False,packet_rejected,0
Drop only,602,False,False,False,packet_rejected,0
Drop only,603,False,False,False,packet_rejected,0
Drop only,604,False,False,False,packet_rejected,0
Drop only,605,False,False,False,packet_rejected,0
Drop only,606,False,False,False,packet_rejected,0
Drop only,607,False,False,False,packet_rejected,0
Drop only,608,False,False,False,packet_rejected,0
Drop only,609,False,False,False,packet_rejected,0
Drop only,610,False,False,False,packet_rejected,0
Drop only,611,False,False,False,packet_rejected,0
Drop only,612,False,False,False,packet_rejected,0
Drop only,613,False,False,False,packet_rejected,0
Drop only,614,False,False,False,packet_rejected,0
Drop only,615,False,False,False,packet_rejected,0
Drop only,616,False,False,False,packet_rejected,0
Drop only,617,False,False,False,packet_rejected,0
Drop only,618,False,False,False,packet_rejected,0
Drop only,619,False,False,False,packet_rejected,0
Drop only,620,False,False,False,packet_rejected,0
Drop only,621,False,False,False,packet_rejected,0
Drop only,622,False,False,False,packet_rejected,0
Drop only,623,False,False,False,packet_rejected,0
Drop only,624,False,False,False,packet_rejected,0
Drop only,625,False,False,False,packet_rejected,0
Drop only,626,False,False,False,packet_rejected,0
Drop only,627,False,False,False,packet_rejected,0
Drop only,628,False,False,False,packet_rejected,0
Drop only,629,False,False,False,packet_rejected,0
Drop only,630,False,False,False,packet_rejected,0
Drop only,631,False,False,False,packet_rejected,0
Drop only,632,False,False,False,packet_rejected,0
Drop only,633,False,False,False,packet_rejected,0
Drop only,634,False,False,False,packet_rejected,0
Drop only,635,False,False,False,packet_rejected,0
Drop only,636,False,False,False,packet_rejected,0
Drop only,637,False,False,False,packet_rejected,0
Drop only,638,False,False,False,packet_rejected,0
Drop only,639,False,False,False,packet_rejected,0
Drop only,640,False,False,False,packet_rejected,0
Drop only,641,False,False,False,packet_rejected,0
Drop only,642,False,False,False,packet_rejected,0
Drop only,643,False,False,False,packet_rejected,0
Drop only,644,False,False,False,packet_rejected,0
Drop only,645,False,False,False,packet_rejected,0
Drop only,646,False,False,False,packet_rejected,0
Drop only,647,False,False,False,packet_rejected,0
Drop only,648,False,False,False,packet_rejected,0
Drop only,649,False,False,False,packet_rejected,0
Drop only,650,False,False,False,packet_rejected,0
Drop only,651,False,False,False,packet_rejected,0
Drop only,652,False,False,False,packet_rejected,0
Drop only,653,False,False,False,packet_rejected,0
Drop only,654,False,False,False,packet_rejected,0
Drop only,655,False,False,False,packet_rejected,0
Drop only,656,False,False,False,packet_rejected,0
Drop only,657,False,False,False,packet_rejected,0
Drop only,658,False,False,False,packet_rejected,0
Drop only,659,False,False,False,packet_rejected,0
Drop only,660,False,False,False,packet_rejected,0
Drop only,661,False,False,False,packet_rejected,0
Drop only,662,False,False,False,packet_rejected,0
Drop only,663,False,False,False,packet_rejected,0
Drop only,664,False,False,False,packet_rejected,0
Drop only,665,False,False,False,packet_rejected,0
Drop only,666,False,False,False,packet_rejected,0
Drop only,667,False,False,False,packet_rejected,0
Drop only,668,False,False,False,packet_rejected,0
Drop only,669,False,False,False,packet_rejected,0
Drop only,670,False,False,False,packet_rejected,0
Drop only,671,False,False,False,packet_rejected,0
Drop only,672,False,False,False,packet_rejected,0
Drop only,673,False,False,False,packet_rejected,0
Drop only,674,False,False,False,packet_rejected,0
Drop only,675,False,False,False,packet_rejected,0
Drop only,676,False,False,False,packet_rejected,0
Drop only,677,False,False,False,packet_rejected,0
Drop only,678,False,False,False,packet_rejected,0
Drop only,679,False,False,False,packet_rejected,0
Drop only,680,False,False,False,packet_rejected,0
Drop only,681,False,False,False,packet_rejected,0
Drop only,682,False,False,False,packet_rejected,0
Drop only,683,False,False,False,packet_rejected,0
Drop only,684,False,False,False,packet_rejected,0
Drop only,685,False,False,False,packet_rejected,0
Drop only,686,False,False,False,packet_rejected,0
Drop only,687,False,False,False,packet_rejected,0
Drop only,688,False,False,False,packet_rejected,0
Drop only,689,False,False,False,packet_rejected,0
Drop only,690,False,False,False,packet_rejected,0
Drop only,691,False,False,False,packet_rejected,0
Drop only,692,False,False,False,packet_rejected,0
Drop only,693,False,False,False,packet_rejected,0
Drop only,694,False,False,False,packet_rejected,0
Drop only,695,False,False,False,packet_rejected,0
Drop only,696,False,False,False,packet_rejected,0
Drop only,697,False,False,False,packet_rejected,0
Drop only,698,False,False,False,packet_rejected,0
Drop only,699,False,False,False,packet_rejected,0
Drop only,700,False,False,False,packet_rejected,0
Drop only,701,False,False,False,packet_rejected,0
Drop only,702,False,False,False,packet_rejected,0
Drop only,703,False,False,False,packet_rejected,0
Drop only,704,False,False,False,packet_rejected,0
Drop only,705,False,False,False,packet_rejected,0
Drop only,706,False,False,False,packet_rejected,0
Drop only,707,False,False,False,packet_rejected,0
Drop only,708,False,False,False,packet_rejected,0
Drop only,709,False,False,False,packet_rejected,0
Drop only,710,False,False,False,packet_rejected,0
Drop only,711,False,False,False,packet_rejected,0
Drop only,712,False,False,False,packet_rejected,0
Drop only,713,False,False,False,packet_rejected,0
Drop only,714,False,False,False,packet_rejected,0
Drop only,715,False,False,False,packet_rejected,0
Drop only,716,False,False,False,packet_rejected,0
Drop only,717,False,False,False,packet_rejected,0
Drop only,718,False,False,False,packet_rejected,0
Drop only,719,False,False,False,packet_rejected,0
Drop only,720,False,False,False,packet_rejected,0
Drop only,721,False,False,False,packet_rejected,0
Drop only,722,False,False,False,packet_rejected,0
Drop only,723,False,False,False,packet_rejected,0
Drop only,724,False,False,False,packet_rejected,0
Drop only,725,False,False,False,packet_rejected,0
Drop only,726,False,False,False,packet_rejected,0
Drop only,727,False,False,False,packet_rejected,0
Drop only,728,False,False,False,packet_rejected,0
Drop only,729,False,False,False,packet_rejected,0
Drop only,730,False,False,False,packet_rejected,0
Drop only,731,False,False,False,packet_rejected,0
Drop only,732,False,False,False,packet_rejected,0
Drop only,733,False,False,False,packet_rejected,0
Drop only,734,False,False,False,packet_rejected,0
Drop only,735,False,False,False,packet_rejected,0
Drop only,736,False,False,False,packet_rejected,0
Drop only,737,False,False,False,packet_rejected,0
Drop only,738,False,False,False,packet_rejected,0
Drop only,739,False,False,False,packet_rejected,0
Drop only,740,False,False,False,packet_rejected,0
Drop only,741,False,False,False,packet_rejected,0
Drop only,742,False,False,False,packet_rejected,0
Drop only,743,False,False,False,packet_rejected,0
Drop only,744,False,False,False,packet_rejected,0
Drop only,745,False,False,False,packet_rejected,0
Drop only,746,False,False,False,packet_rejected,0
Drop only,747,False,False,False,packet_rejected,0
Drop only,748,False,False,False,packet_rejected,0
Drop only,749,False,False,False,packet_rejected,0
Drop only,750,False,False,False,packet_rejected,0
Drop only,751,False,False,False,packet_rejected,0
Drop only,752,False,False,False,packet_rejected,0
Drop only,753,False,False,False,packet_rejected,0
Drop only,754,False,False,False,packet_rejected,0
Drop only,755,False,False,False,packet_rejected,0
Drop only,756,False,False,False,packet_rejected,0
Drop only,757,False,False,False,packet_rejected,0
Drop only,758,False,False,False,packet_rejected,0
Drop only,759,False,False,False,packet_rejected,0
Drop only,760,False,False,False,packet_rejected,0
Drop only,761,False,False,False,packet_rejected,0
Drop only,762,False,False,False,packet_rejected,0
Drop only,763,False,False,False,packet_rejected,0
Drop only,764,False,False,False,packet_rejected,0
Drop only,765,False,False,False,packet_rejected,0
Drop only,766,False,False,False,packet_rejected,0
Drop only,767,False,False,False,packet_rejected,0
Drop only,768,False,False,False,packet_rejected,0
Drop only,769,False,False,False,packet_rejected,0
Drop only,770,False,False,False,packet_rejected,0
Drop only,771,False,False,False,packet_rejected,0
Drop only,772,False,False,False,packet_rejected,0
Drop only,773,False,False,False,packet_rejected,0
Drop only,774,False,False,False,packet_rejected,0
Drop only,775,False,False,False,packet_rejected,0
Drop only,776,False,False,False,packet_rejected,0
Drop only,777,False,False,False,packet_rejected,0
Drop only,778,False,False,False,packet_rejected,0
Drop only,779,False,False,False,packet_rejected,0
Drop only,780,False,False,False,packet_rejected,0
Drop only,781,False,False,False,packet_rejected,0
Drop only,782,False,False,False,packet_rejected,0
Drop only,783,False,False,False,packet_rejected,0
Drop only,784,False,False,False,packet_rejected,0
Drop only,785,False,False,False,packet_rejected,0
Drop only,786,False,False,False,packet_rejected,0
Drop only,787,False,False,False,packet_rejected,0
Drop only,788,False,False,False,packet_rejected,0
Drop only,789,False,False,False,packet_rejected,0
Drop only,790,False,False,False,packet_rejected,0
Drop only,791,False,False,False,packet_rejected,0
Drop only,792,False,False,False,packet_rejected,0
Drop only,793,False,False,False,packet_rejected,0
Drop only,794,False,False,False,packet_rejected,0
Drop only,795,False,False,False,packet_rejected,0
Drop only,796,False,False,False,packet_rejected,0
Drop only,797,False,False,False,packet_rejected,0
Drop only,798,False,False,False,packet_rejected,0
Drop only,799,False,False,False,packet_rejected,0
Drop only,800,False,False,False,packet_rejected,0
Drop only,801,False,False,False,packet_rejected,0
Drop only,802,False,False,False,packet_rejected,0
Drop only,803,False,False,False,packet_rejected,0
Drop only,804,False,False,False,packet_rejected,0
Drop only,805,False,False,False,packet_rejected,0
Drop only,806,False,False,False,packet_rejected,0
Drop only,807,False,False,False,packet_rejected,0
Drop only,808,False,False,False,packet_rejected,0
Drop only,809,False,False,False,packet_rejected,0
Drop only,810,False,False,False,packet_rejected,0
Drop only,811,False,False,False,packet_rejected,0
Drop only,812,False,False,False,packet_rejected,0
Drop only,813,False,False,False,packet_rejected,0
Drop only,814,False,False,False,packet_rejected,0
Drop only,815,False,False,False,packet_rejected,0
Drop only,816,False,False,False,packet_rejected,0
Drop only,817,False,False,False,packet_rejected,0
Drop only,818,False,False,False,packet_rejected,0
Drop only,819,False,False,False,packet_rejected,0
Drop only,820,False,False,False,packet_rejected,0
Drop only,821,False,False,False,packet_rejected,0
Drop only,822,False,False,False,packet_rejected,0
Drop only,823,False,False,False,packet_rejected,0
Drop only,824,False,False,False,packet_rejected,0
Drop only,825,False,False,False,packet_rejected,0
Drop only,826,False,False,False,packet_rejected,0
Drop only,827,False,False,False,packet_rejected,0
Drop only,828,False,False,False,packet_rejected,0
Drop only,829,False,False,False,packet_rejected,0
Drop only,830,False,False,False,packet_rejected,0
Drop only,831,False,False,False,packet_rejected,0
Drop only,832,False,False,False,packet_rejected,0
Drop only,833,False,False,False,packet_rejected,0
Drop only,834,False,False,False,packet_rejected,0
Drop only,835,False,False,False,packet_rejected,0
Drop only,836,False,False,False,packet_rejected,0
Drop only,837,False,False,False,packet_rejected,0
Drop only,838,False,False,False,packet_rejected,0
Drop only,839,False,False,False,packet_rejected,0
Drop only,840,False,False,False,packet_rejected,0
Drop only,841,False,False,False,packet_rejected,0
Drop only,842,False,False,False,packet_rejected,0
Drop only,843,False,False,False,packet_rejected,0
Drop only,844,False,False,False,packet_rejected,0
Drop only,845,False,False,False,packet_rejected,0
Drop only,846,False,False,False,packet_rejected,0
Drop only,847,False,False,False,packet_rejected,0
Drop only,848,False,False,False,packet_rejected,0
Drop only,849,False,False,False,packet_rejected,0
Drop only,850,False,False,False,packet_rejected,0
Drop only,851,False,False,False,packet_rejected,0
Drop only,852,False,False,False,packet_rejected,0
Drop only,853,False,False,False,packet_rejected,0
Drop only,854,False,False,False,packet_rejected,0
Drop only,855,False,False,False,packet_rejected,0
Drop only,856,False,False,False,packet_rejected,0
Drop only,857,False,False,False,packet_rejected,0
Drop only,858,False,False,False,packet_rejected,0
Drop only,859,False,False,False,packet_rejected,0
Drop only,860,False,False,False,packet_rejected,0
Drop only,861,False,False,False,packet_rejected,0
Drop only,862,False,False,False,packet_rejected,0
Drop only,863,False,False,False,packet_rejected,0
Drop only,864,False,False,False,packet_rejected,0
Drop only,865,False,False,False,packet_rejected,0
Drop only,866,False,False,False,packet_rejected,0
Drop only,867,False,False,False,packet_rejected,0
Drop only,868,False,False,False,packet_rejected,0
Drop only,869,False,False,False,packet_rejected,0
Drop only,870,False,False,False,packet_rejected,0
Drop only,871,False,False,False,packet_rejected,0
Drop only,872,False,False,False,packet_rejected,0
Drop only,873,False,False,False,packet_rejected,0
Drop only,874,False,False,False,packet_rejected,0
Drop only,875,False,False,False,packet_rejected,0
Drop only,876,False,False,False,packet_rejected,0
Drop only,877,False,False,False,packet_rejected,0
Drop only,878,False,False,False,packet_rejected,0
Drop only,879,False,False,False,packet_rejected,0
Drop only,880,False,False,False,packet_rejected,0
Drop only,881,False,False,False,packet_rejected,0
Drop only,882,False,False,False,packet_rejected,0
Drop only,883,False,False,False,packet_rejected,0
Drop only,884,False,False,False,packet_rejected,0
Drop only,885,False,False,False,packet_rejected,0
Drop only,886,False,False,False,packet_rejected,0
Drop only,887,False,False,False,packet_rejected,0
Drop only,888,False,False,False,packet_rejected,0
Drop only,889,False,False,False,packet_rejected,0
Drop only,890,False,False,False,packet_rejected,0
Drop only,891,False,False,False,packet_rejected,0
Drop only,892,False,False,False,packet_rejected,0
Drop only,893,False,False,False,packet_rejected,0
Drop only,894,False,False,False,packet_rejected,0
Drop only,895,False,False,False,packet_rejected,0
Drop only,896,False,False,False,packet_rejected,0
Drop only,897,False,False,False,packet_rejected,0
Drop only,898,False,False,False,packet_rejected,0
Drop only,899,False,False,False,packet_rejected,0
Drop only,900,False,False,False,packet_rejected,0
Drop only,901,False,False,False,packet_rejected,0
Drop only,902,False,False,False,packet_rejected,0
Drop only,903,False,False,False,packet_rejected,0
Drop only,904,False,False,False,packet_rejected,0
Drop only,905,False,False,False,packet_rejected,0
Drop only,906,False,False,False,packet_rejected,0
Drop only,907,False,False,False,packet_rejected,0
Drop only,908,False,False,False,packet_rejected,0
Drop only,909,False,False,False,packet_rejected,0
Drop only,910,False,False,False,packet_rejected,0
Drop only,911,False,False,False,packet_rejected,0
Drop only,912,False,False,False,packet_rejected,0
Drop only,913,False,False,False,packet_rejected,0
Drop only,914,False,False,False,packet_rejected,0
Drop only,915,False,False,False,packet_rejected,0
Drop only,916,False,False,False,packet_rejected,0
Drop only,917,False,False,False,packet_rejected,0
Drop only,918,False,False,False,packet_rejected,0
Drop only,919,False,False,False,packet_rejected,0
Drop only,920,False,False,False,packet_rejected,0
Drop only,921,False,False,False,packet_rejected,0
Drop only,922,False,False,False,packet_rejected,0
Drop only,923,False,False,False,packet_rejected,0
Drop only,924,False,False,False,packet_rejected,0
Drop only,925,False,False,False,packet_rejected,0
Drop only,926,False,False,False,packet_rejected,0
Drop only,927,False,False,False,packet_rejected,0
Drop only,928,False,False,False,packet_rejected,0
Drop only,929,False,False,False,packet_rejected,0
Drop only,930,False,False,False,packet_rejected,0
Drop only,931,False,False,False,packet_rejected,0
Drop only,932,False,False,False,packet_rejected,0
Drop only,933,False,False,False,packet_rejected,0
Drop only,934,False,False,False,packet_rejected,0
Drop only,935,False,False,False,packet_rejected,0
Drop only,936,False,False,False,packet_rejected,0
Drop only,937,False,False,False,packet_rejected,0
Drop only,938,False,False,False,packet_rejected,0
Drop only,939,False,False,False,packet_rejected,0
Drop only,940,False,False,False,packet_rejected,0
Drop only,941,False,False,False,packet_rejected,0
Drop only,942,False,False,False,packet_rejected,0
Drop only,943,False,False,False,packet_rejected,0
Drop only,944,False,False,False,packet_rejected,0
Drop only,945,False,False,False,packet_rejected,0
Drop only,946,False,False,False,packet_rejected,0
Drop only,947,False,False,False,packet_rejected,0
Drop only,948,False,False,False,packet_rejected,0
Drop only,949,False,False,False,packet_rejected,0
Drop only,950,False,False,False,packet_rejected,0
Drop only,951,False,False,False,packet_rejected,0
Drop only,952,False,False,False,packet_rejected,0
Drop only,953,False,False,False,packet_rejected,0
Drop only,954,False,False,False,packet_rejected,0
Drop only,955,False,False,False,packet_rejected,0
Drop only,956,False,False,False,packet_rejected,0
Drop only,957,False,False,False,packet_rejected,0
Drop only,958,False,False,False,packet_rejected,0
Drop only,959,False,False,False,packet_rejected,0
Drop only,960,False,False,False,packet_rejected,0
Drop only,961,False,False,False,packet_rejected,0
Drop only,962,False,False,False,packet_rejected,0
Drop only,963,False,False,False,packet_rejected,0
Drop only,964,False,False,False,packet_rejected,0
Drop only,965,False,False,False,packet_rejected,0
Drop only,966,False,False,False,packet_rejected,0
Drop only,967,False,False,False,packet_rejected,0
Drop only,968,False,False,False,packet_rejected,0
Drop only,969,False,False,False,packet_rejected,0
Drop only,970,False,False,False,packet_rejected,0
Drop only,971,False,False,False,packet_rejected,0
Drop only,972,False,False,False,packet_rejected,0
Drop only,973,False,False,False,packet_rejected,0
Drop only,974,False,False,False,packet_rejected,0
Drop only,975,False,False,False,packet_rejected,0
Drop only,976,False,False,False,packet_rejected,0
Drop only,977,False,False,False,packet_rejected,0
Drop only,978,False,False,False,packet_rejected,0
Drop only,979,False,False,False,packet_rejected,0
Drop only,980,False,False,False,packet_rejected,0
Drop only,981,False,False,False,packet_rejected,0
Drop only,982,False,False,False,packet_rejected,0
Drop only,983,False,False,False,packet_rejected,0
Drop only,984,False,False,False,packet_rejected,0
Drop only,985,False,False,False,packet_rejected,0
Drop only,986,False,False,False,packet_rejected,0
Drop only,987,False,False,False,packet_rejected,0
Drop only,988,False,False,False,packet_rejected,0
Drop only,989,False,False,False,packet_rejected,0
Drop only,990,False,False,False,packet_rejected,0
Drop only,991,False,False,False,packet_rejected,0
Drop only,992,False,False,False,packet_rejected,0
Drop only,993,False,False,False,packet_rejected,0
Drop only,994,False,False,False,packet_rejected,0
Drop only,995,False,False,False,packet_rejected,0
Drop only,996,False,False,False,packet_rejected,0
Drop only,997,False,False,False,packet_rejected,0
Drop only,998,False,False,False,packet_rejected,0
Drop only,999,False,False,False,packet_rejected,0
Inject only,0,False,False,False,packet_rejected,0
Inject only,1,False,False,False,packet_rejected,0
Inject only,2,False,False,False,packet_rejected,0
Inject only,3,False,False,False,packet_rejected,0
Inject only,4,False,False,False,packet_rejected,0
Inject only,5,False,False,False,packet_rejected,0
Inject only,6,False,False,False,packet_rejected,0
Inject only,7,False,False,False,packet_rejected,0
Inject only,8,False,False,False,packet_rejected,0
Inject only,9,False,False,False,packet_rejected,0
Inject only,10,False,False,False,packet_rejected,0
Inject only,11,False,False,False,packet_rejected,0
Inject only,12,False,False,False,packet_rejected,0
Inject only,13,False,False,False,packet_rejected,0
Inject only,14,False,False,False,packet_rejected,0
Inject only,15,False,False,False,packet_rejected,0
Inject only,16,False,False,False,packet_rejected,0
Inject only,17,False,False,False,packet_rejected,0
Inject only,18,False,False,False,packet_rejected,0
Inject only,19,False,False,False,packet_rejected,0
Inject only,20,False,False,False,packet_rejected,0
Inject only,21,False,False,False,packet_rejected,0
Inject only,22,False,False,False,packet_rejected,0
Inject only,23,False,False,False,packet_rejected,0
Inject only,24,False,False,False,packet_rejected,0
Inject only,25,False,False,False,packet_rejected,0
Inject only,26,False,False,False,packet_rejected,0
Inject only,27,False,False,False,packet_rejected,0
Inject only,28,False,False,False,packet_rejected,0
Inject only,29,False,False,False,packet_rejected,0
Inject only,30,False,False,False,packet_rejected,0
Inject only,31,False,False,False,packet_rejected,0
Inject only,32,False,False,False,packet_rejected,0
Inject only,33,False,False,False,packet_rejected,0
Inject only,34,False,False,False,packet_rejected,0
Inject only,35,False,False,False,packet_rejected,0
Inject only,36,False,False,False,packet_rejected,0
Inject only,37,False,False,False,packet_rejected,0
Inject only,38,False,False,False,packet_rejected,0
Inject only,39,False,False,False,packet_rejected,0
Inject only,40,False,False,False,packet_rejected,0
Inject only,41,False,False,False,packet_rejected,0
Inject only,42,False,False,False,packet_rejected,0
Inject only,43,False,False,False,packet_rejected,0
Inject only,44,False,False,False,packet_rejected,0
Inject only,45,False,False,False,packet_rejected,0
Inject only,46,False,False,False,packet_rejected,0
Inject only,47,False,False,False,packet_rejected,0
Inject only,48,False,False,False,packet_rejected,0
Inject only,49,False,False,False,packet_rejected,0
Inject only,50,False,False,False,packet_rejected,0
Inject only,51,False,False,False,packet_rejected,0
Inject only,52,False,False,False,packet_rejected,0
Inject only,53,False,False,False,packet_rejected,0
Inject only,54,False,False,False,packet_rejected,0
Inject only,55,False,False,False,packet_rejected,0
Inject only,56,False,False,False,packet_rejected,0
Inject only,57,False,False,False,packet_rejected,0
Inject only,58,False,False,False,packet_rejected,0
Inject only,59,False,False,False,packet_rejected,0
Inject only,60,False,False,False,packet_rejected,0
Inject only,61,False,False,False,packet_rejected,0
Inject only,62,False,False,False,packet_rejected,0
Inject only,63,False,False,False,packet_rejected,0
Inject only,64,False,False,False,packet_rejected,0
Inject only,65,False,False,False,packet_rejected,0
Inject only,66,False,False,False,packet_rejected,0
Inject only,67,False,False,False,packet_rejected,0
Inject only,68,False,False,False,packet_rejected,0
Inject only,69,False,False,False,packet_rejected,0
Inject only,70,False,False,False,packet_rejected,0
Inject only,71,False,False,False,packet_rejected,0
Inject only,72,False,False,False,packet_rejected,0
Inject only,73,False,False,False,packet_rejected,0
Inject only,74,False,False,False,packet_rejected,0
Inject only,75,False,False,False,packet_rejected,0
Inject only,76,False,False,False,packet_rejected,0
Inject only,77,False,False,False,packet_rejected,0
Inject only,78,False,False,False,packet_rejected,0
Inject only,79,False,False,False,packet_rejected,0
Inject only,80,False,False,False,packet_rejected,0
Inject only,81,False,False,False,packet_rejected,0
Inject only,82,False,False,False,packet_rejected,0
Inject only,83,False,False,False,packet_rejected,0
Inject only,84,False,False,False,packet_rejected,0
Inject only,85,False,False,False,packet_rejected,0
Inject only,86,False,False,False,packet_rejected,0
Inject only,87,False,False,False,packet_rejected,0
Inject only,88,False,False,False,packet_rejected,0
Inject only,89,False,False,False,packet_rejected,0
Inject only,90,False,False,False,packet_rejected,0
Inject only,91,False,False,False,packet_rejected,0
Inject only,92,False,False,False,packet_rejected,0
Inject only,93,False,False,False,packet_rejected,0
Inject only,94,False,False,False,packet_rejected,0
Inject only,95,False,False,False,packet_rejected,0
Inject only,96,False,False,False,packet_rejected,0
Inject only,97,False,False,False,packet_rejected,0
Inject only,98,False,False,False,packet_rejected,0
Inject only,99,False,False,False,packet_rejected,0
Inject only,100,False,False,False,packet_rejected,0
Inject only,101,False,False,False,packet_rejected,0
Inject only,102,False,False,False,packet_rejected,0
Inject only,103,False,False,False,packet_rejected,0
Inject only,104,False,False,False,packet_rejected,0
Inject only,105,False,False,False,packet_rejected,0
Inject only,106,False,False,False,packet_rejected,0
Inject only,107,False,False,False,packet_rejected,0
Inject only,108,False,False,False,packet_rejected,0
Inject only,109,False,False,False,packet_rejected,0
Inject only,110,False,False,False,packet_rejected,0
Inject only,111,False,False,False,packet_rejected,0
Inject only,112,False,False,False,packet_rejected,0
Inject only,113,False,False,False,packet_rejected,0
Inject only,114,False,False,False,packet_rejected,0
Inject only,115,False,False,False,packet_rejected,0
Inject only,116,False,False,False,packet_rejected,0
Inject only,117,False,False,False,packet_rejected,0
Inject only,118,False,False,False,packet_rejected,0
Inject only,119,False,False,False,packet_rejected,0
Inject only,120,False,False,False,packet_rejected,0
Inject only,121,False,False,False,packet_rejected,0
Inject only,122,False,False,False,packet_rejected,0
Inject only,123,False,False,False,packet_rejected,0
Inject only,124,False,False,False,packet_rejected,0
Inject only,125,False,False,False,packet_rejected,0
Inject only,126,False,False,False,packet_rejected,0
Inject only,127,False,False,False,packet_rejected,0
Inject only,128,False,False,False,packet_rejected,0
Inject only,129,False,False,False,packet_rejected,0
Inject only,130,False,False,False,packet_rejected,0
Inject only,131,False,False,False,packet_rejected,0
Inject only,132,False,False,False,packet_rejected,0
Inject only,133,False,False,False,packet_rejected,0
Inject only,134,False,False,False,packet_rejected,0
Inject only,135,False,False,False,packet_rejected,0
Inject only,136,False,False,False,packet_rejected,0
Inject only,137,False,False,False,packet_rejected,0
Inject only,138,False,False,False,packet_rejected,0
Inject only,139,False,False,False,packet_rejected,0
Inject only,140,False,False,False,packet_rejected,0
Inject only,141,False,False,False,packet_rejected,0
Inject only,142,False,False,False,packet_rejected,0
Inject only,143,False,False,False,packet_rejected,0
Inject only,144,False,False,False,packet_rejected,0
Inject only,145,False,False,False,packet_rejected,0
Inject only,146,False,False,False,packet_rejected,0
Inject only,147,False,False,False,packet_rejected,0
Inject only,148,False,False,False,packet_rejected,0
Inject only,149,False,False,False,packet_rejected,0
Inject only,150,False,False,False,packet_rejected,0
Inject only,151,False,False,False,packet_rejected,0
Inject only,152,False,False,False,packet_rejected,0
Inject only,153,False,False,False,packet_rejected,0
Inject only,154,False,False,False,packet_rejected,0
Inject only,155,False,False,False,packet_rejected,0
Inject only,156,False,False,False,packet_rejected,0
Inject only,157,False,False,False,packet_rejected,0
Inject only,158,False,False,False,packet_rejected,0
Inject only,159,False,False,False,packet_rejected,0
Inject only,160,False,False,False,packet_rejected,0
Inject only,161,False,False,False,packet_rejected,0
Inject only,162,False,False,False,packet_rejected,0
Inject only,163,False,False,False,packet_rejected,0
Inject only,164,False,False,False,packet_rejected,0
Inject only,165,False,False,False,packet_rejected,0
Inject only,166,False,False,False,packet_rejected,0
Inject only,167,False,False,False,packet_rejected,0
Inject only,168,False,False,False,packet_rejected,0
Inject only,169,False,False,False,packet_rejected,0
Inject only,170,False,False,False,packet_rejected,0
Inject only,171,False,False,False,packet_rejected,0
Inject only,172,False,False,False,packet_rejected,0
Inject only,173,False,False,False,packet_rejected,0
Inject only,174,False,False,False,packet_rejected,0
Inject only,175,False,False,False,packet_rejected,0
Inject only,176,False,False,False,packet_rejected,0
Inject only,177,False,False,False,packet_rejected,0
Inject only,178,False,False,False,packet_rejected,0
Inject only,179,False,False,False,packet_rejected,0
Inject only,180,False,False,False,packet_rejected,0
Inject only,181,False,False,False,packet_rejected,0
Inject only,182,False,False,False,packet_rejected,0
Inject only,183,False,False,False,packet_rejected,0
Inject only,184,False,False,False,packet_rejected,0
Inject only,185,False,False,False,packet_rejected,0
Inject only,186,False,False,False,packet_rejected,0
Inject only,187,False,False,False,packet_rejected,0
Inject only,188,False,False,False,packet_rejected,0
Inject only,189,False,False,False,packet_rejected,0
Inject only,190,False,False,False,packet_rejected,0
Inject only,191,False,False,False,packet_rejected,0
Inject only,192,False,False,False,packet_rejected,0
Inject only,193,False,False,False,packet_rejected,0
Inject only,194,False,False,False,packet_rejected,0
Inject only,195,False,False,False,packet_rejected,0
Inject only,196,False,False,False,packet_rejected,0
Inject only,197,False,False,False,packet_rejected,0
Inject only,198,False,False,False,packet_rejected,0
Inject only,199,False,False,False,packet_rejected,0
Inject only,200,False,False,False,packet_rejected,0
Inject only,201,False,False,False,packet_rejected,0
Inject only,202,False,False,False,packet_rejected,0
Inject only,203,False,False,False,packet_rejected,0
Inject only,204,False,False,False,packet_rejected,0
Inject only,205,False,False,False,packet_rejected,0
Inject only,206,False,False,False,packet_rejected,0
Inject only,207,False,False,False,packet_rejected,0
Inject only,208,False,False,False,packet_rejected,0
Inject only,209,False,False,False,packet_rejected,0
Inject only,210,False,False,False,packet_rejected,0
Inject only,211,False,False,False,packet_rejected,0
Inject only,212,False,False,False,packet_rejected,0
Inject only,213,False,False,False,packet_rejected,0
Inject only,214,False,False,False,packet_rejected,0
Inject only,215,False,False,False,packet_rejected,0
Inject only,216,False,False,False,packet_rejected,0
Inject only,217,False,False,False,packet_rejected,0
Inject only,218,False,False,False,packet_rejected,0
Inject only,219,False,False,False,packet_rejected,0
Inject only,220,False,False,False,packet_rejected,0
Inject only,221,False,False,False,packet_rejected,0
Inject only,222,False,False,False,packet_rejected,0
Inject only,223,False,False,False,packet_rejected,0
Inject only,224,False,False,False,packet_rejected,0
Inject only,225,False,False,False,packet_rejected,0
Inject only,226,False,False,False,packet_rejected,0
Inject only,227,False,False,False,packet_rejected,0
Inject only,228,False,False,False,packet_rejected,0
Inject only,229,False,False,False,packet_rejected,0
Inject only,230,False,False,False,packet_rejected,0
Inject only,231,False,False,False,packet_rejected,0
Inject only,232,False,False,False,packet_rejected,0
Inject only,233,False,False,False,packet_rejected,0
Inject only,234,False,False,False,packet_rejected,0
Inject only,235,False,False,False,packet_rejected,0
Inject only,236,False,False,False,packet_rejected,0
Inject only,237,False,False,False,packet_rejected,0
Inject only,238,False,False,False,packet_rejected,0
Inject only,239,False,False,False,packet_rejected,0
Inject only,240,False,False,False,packet_rejected,0
Inject only,241,False,False,False,packet_rejected,0
Inject only,242,False,False,False,packet_rejected,0
Inject only,243,False,False,False,packet_rejected,0
Inject only,244,False,False,False,packet_rejected,0
Inject only,245,False,False,False,packet_rejected,0
Inject only,246,False,False,False,packet_rejected,0
Inject only,247,False,False,False,packet_rejected,0
Inject only,248,False,False,False,packet_rejected,0
Inject only,249,False,False,False,packet_rejected,0
Inject only,250,False,False,False,packet_rejected,0
Inject only,251,False,False,False,packet_rejected,0
Inject only,252,False,False,False,packet_rejected,0
Inject only,253,False,False,False,packet_rejected,0
Inject only,254,False,False,False,packet_rejected,0
Inject only,255,False,False,False,packet_rejected,0
Inject only,256,False,False,False,packet_rejected,0
Inject only,257,False,False,False,packet_rejected,0
Inject only,258,False,False,False,packet_rejected,0
Inject only,259,False,False,False,packet_rejected,0
Inject only,260,False,False,False,packet_rejected,0
Inject only,261,False,False,False,packet_rejected,0
Inject only,262,False,False,False,packet_rejected,0
Inject only,263,False,False,False,packet_rejected,0
Inject only,264,False,False,False,packet_rejected,0
Inject only,265,False,False,False,packet_rejected,0
Inject only,266,False,False,False,packet_rejected,0
Inject only,267,False,False,False,packet_rejected,0
Inject only,268,False,False,False,packet_rejected,0
Inject only,269,False,False,False,packet_rejected,0
Inject only,270,False,False,False,packet_rejected,0
Inject only,271,False,False,False,packet_rejected,0
Inject only,272,False,False,False,packet_rejected,0
Inject only,273,False,False,False,packet_rejected,0
Inject only,274,False,False,False,packet_rejected,0
Inject only,275,False,False,False,packet_rejected,0
Inject only,276,False,False,False,packet_rejected,0
Inject only,277,False,False,False,packet_rejected,0
Inject only,278,False,False,False,packet_rejected,0
Inject only,279,False,False,False,packet_rejected,0
Inject only,280,False,False,False,packet_rejected,0
Inject only,281,False,False,False,packet_rejected,0
Inject only,282,False,False,False,packet_rejected,0
Inject only,283,False,False,False,packet_rejected,0
Inject only,284,False,False,False,packet_rejected,0
Inject only,285,False,False,False,packet_rejected,0
Inject only,286,False,False,False,packet_rejected,0
Inject only,287,False,False,False,packet_rejected,0
Inject only,288,False,False,False,packet_rejected,0
Inject only,289,False,False,False,packet_rejected,0
Inject only,290,False,False,False,packet_rejected,0
Inject only,291,False,False,False,packet_rejected,0
Inject only,292,False,False,False,packet_rejected,0
Inject only,293,False,False,False,packet_rejected,0
Inject only,294,False,False,False,packet_rejected,0
Inject only,295,False,False,False,packet_rejected,0
Inject only,296,False,False,False,packet_rejected,0
Inject only,297,False,False,False,packet_rejected,0
Inject only,298,False,False,False,packet_rejected,0
Inject only,299,False,False,False,packet_rejected,0
Inject only,300,False,False,False,packet_rejected,0
Inject only,301,False,False,False,packet_rejected,0
Inject only,302,False,False,False,packet_rejected,0
Inject only,303,False,False,False,packet_rejected,0
Inject only,304,False,False,False,packet_rejected,0
Inject only,305,False,False,False,packet_rejected,0
Inject only,306,False,False,False,packet_rejected,0
Inject only,307,False,False,False,packet_rejected,0
Inject only,308,False,False,False,packet_rejected,0
Inject only,309,False,False,False,packet_rejected,0
Inject only,310,False,False,False,packet_rejected,0
Inject only,311,False,False,False,packet_rejected,0
Inject only,312,False,False,False,packet_rejected,0
Inject only,313,False,False,False,packet_rejected,0
Inject only,314,False,False,False,packet_rejected,0
Inject only,315,False,False,False,packet_rejected,0
Inject only,316,False,False,False,packet_rejected,0
Inject only,317,False,False,False,packet_rejected,0
Inject only,318,False,False,False,packet_rejected,0
Inject only,319,False,False,False,packet_rejected,0
Inject only,320,False,False,False,packet_rejected,0
Inject only,321,False,False,False,packet_rejected,0
Inject only,322,False,False,False,packet_rejected,0
Inject only,323,False,False,False,packet_rejected,0
Inject only,324,False,False,False,packet_rejected,0
Inject only,325,False,False,False,packet_rejected,0
Inject only,326,False,False,False,packet_rejected,0
Inject only,327,False,False,False,packet_rejected,0
Inject only,328,False,False,False,packet_rejected,0
Inject only,329,False,False,False,packet_rejected,0
Inject only,330,False,False,False,packet_rejected,0
Inject only,331,False,False,False,packet_rejected,0
Inject only,332,False,False,False,packet_rejected,0
Inject only,333,False,False,False,packet_rejected,0
Inject only,334,False,False,False,packet_rejected,0
Inject only,335,False,False,False,packet_rejected,0
Inject only,336,False,False,False,packet_rejected,0
Inject only,337,False,False,False,packet_rejected,0
Inject only,338,False,False,False,packet_rejected,0
Inject only,339,False,False,False,packet_rejected,0
Inject only,340,False,False,False,packet_rejected,0
Inject only,341,False,False,False,packet_rejected,0
Inject only,342,False,False,False,packet_rejected,0
Inject only,343,False,False,False,packet_rejected,0
Inject only,344,False,False,False,packet_rejected,0
Inject only,345,False,False,False,packet_rejected,0
Inject only,346,False,False,False,packet_rejected,0
Inject only,347,False,False,False,packet_rejected,0
Inject only,348,False,False,False,packet_rejected,0
Inject only,349,False,False,False,packet_rejected,0
Inject only,350,False,False,False,packet_rejected,0
Inject only,351,False,False,False,packet_rejected,0
Inject only,352,False,False,False,packet_rejected,0
Inject only,353,False,False,False,packet_rejected,0
Inject only,354,False,False,False,packet_rejected,0
Inject only,355,False,False,False,packet_rejected,0
Inject only,356,False,False,False,packet_rejected,0
Inject only,357,False,False,False,packet_rejected,0
Inject only,358,False,False,False,packet_rejected,0
Inject only,359,False,False,False,packet_rejected,0
Inject only,360,False,False,False,packet_rejected,0
Inject only,361,False,False,False,packet_rejected,0
Inject only,362,False,False,False,packet_rejected,0
Inject only,363,False,False,False,packet_rejected,0
Inject only,364,False,False,False,packet_rejected,0
Inject only,365,False,False,False,packet_rejected,0
Inject only,366,False,False,False,packet_rejected,0
Inject only,367,False,False,False,packet_rejected,0
Inject only,368,False,False,False,packet_rejected,0
Inject only,369,False,False,False,packet_rejected,0
Inject only,370,False,False,False,packet_rejected,0
Inject only,371,False,False,False,packet_rejected,0
Inject only,372,False,False,False,packet_rejected,0
Inject only,373,False,False,False,packet_rejected,0
Inject only,374,False,False,False,packet_rejected,0
Inject only,375,False,False,False,packet_rejected,0
Inject only,376,False,False,False,packet_rejected,0
Inject only,377,False,False,False,packet_rejected,0
Inject only,378,False,False,False,packet_rejected,0
Inject only,379,False,False,False,packet_rejected,0
Inject only,380,False,False,False,packet_rejected,0
Inject only,381,False,False,False,packet_rejected,0
Inject only,382,False,False,False,packet_rejected,0
Inject only,383,False,False,False,packet_rejected,0
Inject only,384,False,False,False,packet_rejected,0
Inject only,385,False,False,False,packet_rejected,0
Inject only,386,False,False,False,packet_rejected,0
Inject only,387,False,False,False,packet_rejected,0
Inject only,388,False,False,False,packet_rejected,0
Inject only,389,False,False,False,packet_rejected,0
Inject only,390,False,False,False,packet_rejected,0
Inject only,391,False,False,False,packet_rejected,0
Inject only,392,False,False,False,packet_rejected,0
Inject only,393,False,False,False,packet_rejected,0
Inject only,394,False,False,False,packet_rejected,0
Inject only,395,False,False,False,packet_rejected,0
Inject only,396,False,False,False,packet_rejected,0
Inject only,397,False,False,False,packet_rejected,0
Inject only,398,False,False,False,packet_rejected,0
Inject only,399,False,False,False,packet_rejected,0
Inject only,400,False,False,False,packet_rejected,0
Inject only,401,False,False,False,packet_rejected,0
Inject only,402,False,False,False,packet_rejected,0
Inject only,403,False,False,False,packet_rejected,0
Inject only,404,False,False,False,packet_rejected,0
Inject only,405,False,False,False,packet_rejected,0
Inject only,406,False,False,False,packet_rejected,0
Inject only,407,False,False,False,packet_rejected,0
Inject only,408,False,False,False,packet_rejected,0
Inject only,409,False,False,False,packet_rejected,0
Inject only,410,False,False,False,packet_rejected,0
Inject only,411,False,False,False,packet_rejected,0
Inject only,412,False,False,False,packet_rejected,0
Inject only,413,False,False,False,packet_rejected,0
Inject only,414,False,False,False,packet_rejected,0
Inject only,415,False,False,False,packet_rejected,0
Inject only,416,False,False,False,packet_rejected,0
Inject only,417,False,False,False,packet_rejected,0
Inject only,418,False,False,False,packet_rejected,0
Inject only,419,False,False,False,packet_rejected,0
Inject only,420,False,False,False,packet_rejected,0
Inject only,421,False,False,False,packet_rejected,0
Inject only,422,False,False,False,packet_rejected,0
Inject only,423,False,False,False,packet_rejected,0
Inject only,424,False,False,False,packet_rejected,0
Inject only,425,False,False,False,packet_rejected,0
Inject only,426,False,False,False,packet_rejected,0
Inject only,427,False,False,False,packet_rejected,0
Inject only,428,False,False,False,packet_rejected,0
Inject only,429,False,False,False,packet_rejected,0
Inject only,430,False,False,False,packet_rejected,0
Inject only,431,False,False,False,packet_rejected,0
Inject only,432,False,False,False,packet_rejected,0
Inject only,433,False,False,False,packet_rejected,0
Inject only,434,False,False,False,packet_rejected,0
Inject only,435,False,False,False,packet_rejected,0
Inject only,436,False,False,False,packet_rejected,0
Inject only,437,False,False,False,packet_rejected,0
Inject only,438,False,False,False,packet_rejected,0
Inject only,439,False,False,False,packet_rejected,0
Inject only,440,False,False,False,packet_rejected,0
Inject only,441,False,False,False,packet_rejected,0
Inject only,442,False,False,False,packet_rejected,0
Inject only,443,False,False,False,packet_rejected,0
Inject only,444,False,False,False,packet_rejected,0
Inject only,445,False,False,False,packet_rejected,0
Inject only,446,False,False,False,packet_rejected,0
Inject only,447,False,False,False,packet_rejected,0
Inject only,448,False,False,False,packet_rejected,0
Inject only,449,False,False,False,packet_rejected,0
Inject only,450,False,False,False,packet_rejected,0
Inject only,451,False,False,False,packet_rejected,0
Inject only,452,False,False,False,packet_rejected,0
Inject only,453,False,False,False,packet_rejected,0
Inject only,454,False,False,False,packet_rejected,0
Inject only,455,False,False,False,packet_rejected,0
Inject only,456,False,False,False,packet_rejected,0
Inject only,457,False,False,False,packet_rejected,0
Inject only,458,False,False,False,packet_rejected,0
Inject only,459,False,False,False,packet_rejected,0
Inject only,460,False,False,False,packet_rejected,0
Inject only,461,False,False,False,packet_rejected,0
Inject only,462,False,False,False,packet_rejected,0
Inject only,463,False,False,False,packet_rejected,0
Inject only,464,False,False,False,packet_rejected,0
Inject only,465,False,False,False,packet_rejected,0
Inject only,466,False,False,False,packet_rejected,0
Inject only,467,False,False,False,packet_rejected,0
Inject only,468,False,False,False,packet_rejected,0
Inject only,469,False,False,False,packet_rejected,0
Inject only,470,False,False,False,packet_rejected,0
Inject only,471,False,False,False,packet_rejected,0
Inject only,472,False,False,False,packet_rejected,0
Inject only,473,False,False,False,packet_rejected,0
Inject only,474,False,False,False,packet_rejected,0
Inject only,475,False,False,False,packet_rejected,0
Inject only,476,False,False,False,packet_rejected,0
Inject only,477,False,False,False,packet_rejected,0
Inject only,478,False,False,False,packet_rejected,0
Inject only,479,False,False,False,packet_rejected,0
Inject only,480,False,False,False,packet_rejected,0
Inject only,481,False,False,False,packet_rejected,0
Inject only,482,False,False,False,packet_rejected,0
Inject only,483,False,False,False,packet_rejected,0
Inject only,484,False,False,False,packet_rejected,0
Inject only,485,False,False,False,packet_rejected,0
Inject only,486,False,False,False,packet_rejected,0
Inject only,487,False,False,False,packet_rejected,0
Inject only,488,False,False,False,packet_rejected,0
Inject only,489,False,False,False,packet_rejected,0
Inject only,490,False,False,False,packet_rejected,0
Inject only,491,False,False,False,packet_rejected,0
Inject only,492,False,False,False,packet_rejected,0
Inject only,493,False,False,False,packet_rejected,0
Inject only,494,False,False,False,packet_rejected,0
Inject only,495,False,False,False,packet_rejected,0
Inject only,496,False,False,False,packet_rejected,0
Inject only,497,False,False,False,packet_rejected,0
Inject only,498,False,False,False,packet_rejected,0
Inject only,499,False,False,False,packet_rejected,0
Inject only,500,False,False,False,packet_rejected,0
Inject only,501,False,False,False,packet_rejected,0
Inject only,502,False,False,False,packet_rejected,0
Inject only,503,False,False,False,packet_rejected,0
Inject only,504,False,False,False,packet_rejected,0
Inject only,505,False,False,False,packet_rejected,0
Inject only,506,False,False,False,packet_rejected,0
Inject only,507,False,False,False,packet_rejected,0
Inject only,508,False,False,False,packet_rejected,0
Inject only,509,False,False,False,packet_rejected,0
Inject only,510,False,False,False,packet_rejected,0
Inject only,511,False,False,False,packet_rejected,0
Inject only,512,False,False,False,packet_rejected,0
Inject only,513,False,False,False,packet_rejected,0
Inject only,514,False,False,False,packet_rejected,0
Inject only,515,False,False,False,packet_rejected,0
Inject only,516,False,False,False,packet_rejected,0
Inject only,517,False,False,False,packet_rejected,0
Inject only,518,False,False,False,packet_rejected,0
Inject only,519,False,False,False,packet_rejected,0
Inject only,520,False,False,False,packet_rejected,0
Inject only,521,False,False,False,packet_rejected,0
Inject only,522,False,False,False,packet_rejected,0
Inject only,523,False,False,False,packet_rejected,0
Inject only,524,False,False,False,packet_rejected,0
Inject only,525,False,False,False,packet_rejected,0
Inject only,526,False,False,False,packet_rejected,0
Inject only,527,False,False,False,packet_rejected,0
Inject only,528,False,False,False,packet_rejected,0
Inject only,529,False,False,False,packet_rejected,0
Inject only,530,False,False,False,packet_rejected,0
Inject only,531,False,False,False,packet_rejected,0
Inject only,532,False,False,False,packet_rejected,0
Inject only,533,False,False,False,packet_rejected,0
Inject only,534,False,False,False,packet_rejected,0
Inject only,535,False,False,False,packet_rejected,0
Inject only,536,False,False,False,packet_rejected,0
Inject only,537,False,False,False,packet_rejected,0
Inject only,538,False,False,False,packet_rejected,0
Inject only,539,False,False,False,packet_rejected,0
Inject only,540,False,False,False,packet_rejected,0
Inject only,541,False,False,False,packet_rejected,0
Inject only,542,False,False,False,packet_rejected,0
Inject only,543,False,False,False,packet_rejected,0
Inject only,544,False,False,False,packet_rejected,0
Inject only,545,False,False,False,packet_rejected,0
Inject only,546,False,False,False,packet_rejected,0
Inject only,547,False,False,False,packet_rejected,0
Inject only,548,False,False,False,packet_rejected,0
Inject only,549,False,False,False,packet_rejected,0
Inject only,550,False,False,False,packet_rejected,0
Inject only,551,False,False,False,packet_rejected,0
Inject only,552,False,False,False,packet_rejected,0
Inject only,553,False,False,False,packet_rejected,0
Inject only,554,False,False,False,packet_rejected,0
Inject only,555,False,False,False,packet_rejected,0
Inject only,556,False,False,False,packet_rejected,0
Inject only,557,False,False,False,packet_rejected,0
Inject only,558,False,False,False,packet_rejected,0
Inject only,559,False,False,False,packet_rejected,0
Inject only,560,False,False,False,packet_rejected,0
Inject only,561,False,False,False,packet_rejected,0
Inject only,562,False,False,False,packet_rejected,0
Inject only,563,False,False,False,packet_rejected,0
Inject only,564,False,False,False,packet_rejected,0
Inject only,565,False,False,False,packet_rejected,0
Inject only,566,False,False,False,packet_rejected,0
Inject only,567,False,False,False,packet_rejected,0
Inject only,568,False,False,False,packet_rejected,0
Inject only,569,False,False,False,packet_rejected,0
Inject only,570,False,False,False,packet_rejected,0
Inject only,571,False,False,False,packet_rejected,0
Inject only,572,False,False,False,packet_rejected,0
Inject only,573,False,False,False,packet_rejected,0
Inject only,574,False,False,False,packet_rejected,0
Inject only,575,False,False,False,packet_rejected,0
Inject only,576,False,False,False,packet_rejected,0
Inject only,577,False,False,False,packet_rejected,0
Inject only,578,False,False,False,packet_rejected,0
Inject only,579,False,False,False,packet_rejected,0
Inject only,580,False,False,False,packet_rejected,0
Inject only,581,False,False,False,packet_rejected,0
Inject only,582,False,False,False,packet_rejected,0
Inject only,583,False,False,False,packet_rejected,0
Inject only,584,False,False,False,packet_rejected,0
Inject only,585,False,False,False,packet_rejected,0
Inject only,586,False,False,False,packet_rejected,0
Inject only,587,False,False,False,packet_rejected,0
Inject only,588,False,False,False,packet_rejected,0
Inject only,589,False,False,False,packet_rejected,0
Inject only,590,False,False,False,packet_rejected,0
Inject only,591,False,False,False,packet_rejected,0
Inject only,592,False,False,False,packet_rejected,0
Inject only,593,False,False,False,packet_rejected,0
Inject only,594,False,False,False,packet_rejected,0
Inject only,595,False,False,False,packet_rejected,0
Inject only,596,False,False,False,packet_rejected,0
Inject only,597,False,False,False,packet_rejected,0
Inject only,598,False,False,False,packet_rejected,0
Inject only,599,False,False,False,packet_rejected,0
Inject only,600,False,False,False,packet_rejected,0
Inject only,601,False,False,False,packet_rejected,0
Inject only,602,False,False,False,packet_rejected,0
Inject only,603,False,False,False,packet_rejected,0
Inject only,604,False,False,False,packet_rejected,0
Inject only,605,False,False,False,packet_rejected,0
Inject only,606,False,False,False,packet_rejected,0
Inject only,607,False,False,False,packet_rejected,0
Inject only,608,False,False,False,packet_rejected,0
Inject only,609,False,False,False,packet_rejected,0
Inject only,610,False,False,False,packet_rejected,0
Inject only,611,False,False,False,packet_rejected,0
Inject only,612,False,False,False,packet_rejected,0
Inject only,613,False,False,False,packet_rejected,0
Inject only,614,False,False,False,packet_rejected,0
Inject only,615,False,False,False,packet_rejected,0
Inject only,616,False,False,False,packet_rejected,0
Inject only,617,False,False,False,packet_rejected,0
Inject only,618,False,False,False,packet_rejected,0
Inject only,619,False,False,False,packet_rejected,0
Inject only,620,False,False,False,packet_rejected,0
Inject only,621,False,False,False,packet_rejected,0
Inject only,622,False,False,False,packet_rejected,0
Inject only,623,False,False,False,packet_rejected,0
Inject only,624,False,False,False,packet_rejected,0
Inject only,625,False,False,False,packet_rejected,0
Inject only,626,False,False,False,packet_rejected,0
Inject only,627,False,False,False,packet_rejected,0
Inject only,628,False,False,False,packet_rejected,0
Inject only,629,False,False,False,packet_rejected,0
Inject only,630,False,False,False,packet_rejected,0
Inject only,631,False,False,False,packet_rejected,0
Inject only,632,False,False,False,packet_rejected,0
Inject only,633,False,False,False,packet_rejected,0
Inject only,634,False,False,False,packet_rejected,0
Inject only,635,False,False,False,packet_rejected,0
Inject only,636,False,False,False,packet_rejected,0
Inject only,637,False,False,False,packet_rejected,0
Inject only,638,False,False,False,packet_rejected,0
Inject only,639,False,False,False,packet_rejected,0
Inject only,640,False,False,False,packet_rejected,0
Inject only,641,False,False,False,packet_rejected,0
Inject only,642,False,False,False,packet_rejected,0
Inject only,643,False,False,False,packet_rejected,0
Inject only,644,False,False,False,packet_rejected,0
Inject only,645,False,False,False,packet_rejected,0
Inject only,646,False,False,False,packet_rejected,0
Inject only,647,False,False,False,packet_rejected,0
Inject only,648,False,False,False,packet_rejected,0
Inject only,649,False,False,False,packet_rejected,0
Inject only,650,False,False,False,packet_rejected,0
Inject only,651,False,False,False,packet_rejected,0
Inject only,652,False,False,False,packet_rejected,0
Inject only,653,False,False,False,packet_rejected,0
Inject only,654,False,False,False,packet_rejected,0
Inject only,655,False,False,False,packet_rejected,0
Inject only,656,False,False,False,packet_rejected,0
Inject only,657,False,False,False,packet_rejected,0
Inject only,658,False,False,False,packet_rejected,0
Inject only,659,False,False,False,packet_rejected,0
Inject only,660,False,False,False,packet_rejected,0
Inject only,661,False,False,False,packet_rejected,0
Inject only,662,False,False,False,packet_rejected,0
Inject only,663,False,False,False,packet_rejected,0
Inject only,664,False,False,False,packet_rejected,0
Inject only,665,False,False,False,packet_rejected,0
Inject only,666,False,False,False,packet_rejected,0
Inject only,667,False,False,False,packet_rejected,0
Inject only,668,False,False,False,packet_rejected,0
Inject only,669,False,False,False,packet_rejected,0
Inject only,670,False,False,False,packet_rejected,0
Inject only,671,False,False,False,packet_rejected,0
Inject only,672,False,False,False,packet_rejected,0
Inject only,673,False,False,False,packet_rejected,0
Inject only,674,False,False,False,packet_rejected,0
Inject only,675,False,False,False,packet_rejected,0
Inject only,676,False,False,False,packet_rejected,0
Inject only,677,False,False,False,packet_rejected,0
Inject only,678,False,False,False,packet_rejected,0
Inject only,679,False,False,False,packet_rejected,0
Inject only,680,False,False,False,packet_rejected,0
Inject only,681,False,False,False,packet_rejected,0
Inject only,682,False,False,False,packet_rejected,0
Inject only,683,False,False,False,packet_rejected,0
Inject only,684,False,False,False,packet_rejected,0
Inject only,685,False,False,False,packet_rejected,0
Inject only,686,False,False,False,packet_rejected,0
Inject only,687,False,False,False,packet_rejected,0
Inject only,688,False,False,False,packet_rejected,0
Inject only,689,False,False,False,packet_rejected,0
Inject only,690,False,False,False,packet_rejected,0
Inject only,691,False,False,False,packet_rejected,0
Inject only,692,False,False,False,packet_rejected,0
Inject only,693,False,False,False,packet_rejected,0
Inject only,694,False,False,False,packet_rejected,0
Inject only,695,False,False,False,packet_rejected,0
Inject only,696,False,False,False,packet_rejected,0
Inject only,697,False,False,False,packet_rejected,0
Inject only,698,False,False,False,packet_rejected,0
Inject only,699,False,False,False,packet_rejected,0
Inject only,700,False,False,False,packet_rejected,0
Inject only,701,False,False,False,packet_rejected,0
Inject only,702,False,False,False,packet_rejected,0
Inject only,703,False,False,False,packet_rejected,0
Inject only,704,False,False,False,packet_rejected,0
Inject only,705,False,False,False,packet_rejected,0
Inject only,706,False,False,False,packet_rejected,0
Inject only,707,False,False,False,packet_rejected,0
Inject only,708,False,False,False,packet_rejected,0
Inject only,709,False,False,False,packet_rejected,0
Inject only,710,False,False,False,packet_rejected,0
Inject only,711,False,False,False,packet_rejected,0
Inject only,712,False,False,False,packet_rejected,0
Inject only,713,False,False,False,packet_rejected,0
Inject only,714,False,False,False,packet_rejected,0
Inject only,715,False,False,False,packet_rejected,0
Inject only,716,False,False,False,packet_rejected,0
Inject only,717,False,False,False,packet_rejected,0
Inject only,718,False,False,False,packet_rejected,0
Inject only,719,False,False,False,packet_rejected,0
Inject only,720,False,False,False,packet_rejected,0
Inject only,721,False,False,False,packet_rejected,0
Inject only,722,False,False,False,packet_rejected,0
Inject only,723,False,False,False,packet_rejected,0
Inject only,724,False,False,False,packet_rejected,0
Inject only,725,False,False,False,packet_rejected,0
Inject only,726,False,False,False,packet_rejected,0
Inject only,727,False,False,False,packet_rejected,0
Inject only,728,False,False,False,packet_rejected,0
Inject only,729,False,False,False,packet_rejected,0
Inject only,730,False,False,False,packet_rejected,0
Inject only,731,False,False,False,packet_rejected,0
Inject only,732,False,False,False,packet_rejected,0
Inject only,733,False,False,False,packet_rejected,0
Inject only,734,False,False,False,packet_rejected,0
Inject only,735,False,False,False,packet_rejected,0
Inject only,736,False,False,False,packet_rejected,0
Inject only,737,False,False,False,packet_rejected,0
Inject only,738,False,False,False,packet_rejected,0
Inject only,739,False,False,False,packet_rejected,0
Inject only,740,False,False,False,packet_rejected,0
Inject only,741,False,False,False,packet_rejected,0
Inject only,742,False,False,False,packet_rejected,0
Inject only,743,False,False,False,packet_rejected,0
Inject only,744,False,False,False,packet_rejected,0
Inject only,745,False,False,False,packet_rejected,0
Inject only,746,False,False,False,packet_rejected,0
Inject only,747,False,False,False,packet_rejected,0
Inject only,748,False,False,False,packet_rejected,0
Inject only,749,False,False,False,packet_rejected,0
Inject only,750,False,False,False,packet_rejected,0
Inject only,751,False,False,False,packet_rejected,0
Inject only,752,False,False,False,packet_rejected,0
Inject only,753,False,False,False,packet_rejected,0
Inject only,754,False,False,False,packet_rejected,0
Inject only,755,False,False,False,packet_rejected,0
Inject only,756,False,False,False,packet_rejected,0
Inject only,757,False,False,False,packet_rejected,0
Inject only,758,False,False,False,packet_rejected,0
Inject only,759,False,False,False,packet_rejected,0
Inject only,760,False,False,False,packet_rejected,0
Inject only,761,False,False,False,packet_rejected,0
Inject only,762,False,False,False,packet_rejected,0
Inject only,763,False,False,False,packet_rejected,0
Inject only,764,False,False,False,packet_rejected,0
Inject only,765,False,False,False,packet_rejected,0
Inject only,766,False,False,False,packet_rejected,0
Inject only,767,False,False,False,packet_rejected,0
Inject only,768,False,False,False,packet_rejected,0
Inject only,769,False,False,False,packet_rejected,0
Inject only,770,False,False,False,packet_rejected,0
Inject only,771,False,False,False,packet_rejected,0
Inject only,772,False,False,False,packet_rejected,0
Inject only,773,False,False,False,packet_rejected,0
Inject only,774,False,False,False,packet_rejected,0
Inject only,775,False,False,False,packet_rejected,0
Inject only,776,False,False,False,packet_rejected,0
Inject only,777,False,False,False,packet_rejected,0
Inject only,778,False,False,False,packet_rejected,0
Inject only,779,False,False,False,packet_rejected,0
Inject only,780,False,False,False,packet_rejected,0
Inject only,781,False,False,False,packet_rejected,0
Inject only,782,False,False,False,packet_rejected,0
Inject only,783,False,False,False,packet_rejected,0
Inject only,784,False,False,False,packet_rejected,0
Inject only,785,False,False,False,packet_rejected,0
Inject only,786,False,False,False,packet_rejected,0
Inject only,787,False,False,False,packet_rejected,0
Inject only,788,False,False,False,packet_rejected,0
Inject only,789,False,False,False,packet_rejected,0
Inject only,790,False,False,False,packet_rejected,0
Inject only,791,False,False,False,packet_rejected,0
Inject only,792,False,False,False,packet_rejected,0
Inject only,793,False,False,False,packet_rejected,0
Inject only,794,False,False,False,packet_rejected,0
Inject only,795,False,False,False,packet_rejected,0
Inject only,796,False,False,False,packet_rejected,0
Inject only,797,False,False,False,packet_rejected,0
Inject only,798,False,False,False,packet_rejected,0
Inject only,799,False,False,False,packet_rejected,0
Inject only,800,False,False,False,packet_rejected,0
Inject only,801,False,False,False,packet_rejected,0
Inject only,802,False,False,False,packet_rejected,0
Inject only,803,False,False,False,packet_rejected,0
Inject only,804,False,False,False,packet_rejected,0
Inject only,805,False,False,False,packet_rejected,0
Inject only,806,False,False,False,packet_rejected,0
Inject only,807,False,False,False,packet_rejected,0
Inject only,808,False,False,False,packet_rejected,0
Inject only,809,False,False,False,packet_rejected,0
Inject only,810,False,False,False,packet_rejected,0
Inject only,811,False,False,False,packet_rejected,0
Inject only,812,False,False,False,packet_rejected,0
Inject only,813,False,False,False,packet_rejected,0
Inject only,814,False,False,False,packet_rejected,0
Inject only,815,False,False,False,packet_rejected,0
Inject only,816,False,False,False,packet_rejected,0
Inject only,817,False,False,False,packet_rejected,0
Inject only,818,False,False,False,packet_rejected,0
Inject only,819,False,False,False,packet_rejected,0
Inject only,820,False,False,False,packet_rejected,0
Inject only,821,False,False,False,packet_rejected,0
Inject only,822,False,False,False,packet_rejected,0
Inject only,823,False,False,False,packet_rejected,0
Inject only,824,False,False,False,packet_rejected,0
Inject only,825,False,False,False,packet_rejected,0
Inject only,826,False,False,False,packet_rejected,0
Inject only,827,False,False,False,packet_rejected,0
Inject only,828,False,False,False,packet_rejected,0
Inject only,829,False,False,False,packet_rejected,0
Inject only,830,False,False,False,packet_rejected,0
Inject only,831,False,False,False,packet_rejected,0
Inject only,832,False,False,False,packet_rejected,0
Inject only,833,False,False,False,packet_rejected,0
Inject only,834,False,False,False,packet_rejected,0
Inject only,835,False,False,False,packet_rejected,0
Inject only,836,False,False,False,packet_rejected,0
Inject only,837,False,False,False,packet_rejected,0
Inject only,838,False,False,False,packet_rejected,0
Inject only,839,False,False,False,packet_rejected,0
Inject only,840,False,False,False,packet_rejected,0
Inject only,841,False,False,False,packet_rejected,0
Inject only,842,False,False,False,packet_rejected,0
Inject only,843,False,False,False,packet_rejected,0
Inject only,844,False,False,False,packet_rejected,0
Inject only,845,False,False,False,packet_rejected,0
Inject only,846,False,False,False,packet_rejected,0
Inject only,847,False,False,False,packet_rejected,0
Inject only,848,False,False,False,packet_rejected,0
Inject only,849,False,False,False,packet_rejected,0
Inject only,850,False,False,False,packet_rejected,0
Inject only,851,False,False,False,packet_rejected,0
Inject only,852,False,False,False,packet_rejected,0
Inject only,853,False,False,False,packet_rejected,0
Inject only,854,False,False,False,packet_rejected,0
Inject only,855,False,False,False,packet_rejected,0
Inject only,856,False,False,False,packet_rejected,0
Inject only,857,False,False,False,packet_rejected,0
Inject only,858,False,False,False,packet_rejected,0
Inject only,859,False,False,False,packet_rejected,0
Inject only,860,False,False,False,packet_rejected,0
Inject only,861,False,False,False,packet_rejected,0
Inject only,862,False,False,False,packet_rejected,0
Inject only,863,False,False,False,packet_rejected,0
Inject only,864,False,False,False,packet_rejected,0
Inject only,865,False,False,False,packet_rejected,0
Inject only,866,False,False,False,packet_rejected,0
Inject only,867,False,False,False,packet_rejected,0
Inject only,868,False,False,False,packet_rejected,0
Inject only,869,False,False,False,packet_rejected,0
Inject only,870,False,False,False,packet_rejected,0
Inject only,871,False,False,False,packet_rejected,0
Inject only,872,False,False,False,packet_rejected,0
Inject only,873,False,False,False,packet_rejected,0
Inject only,874,False,False,False,packet_rejected,0
Inject only,875,False,False,False,packet_rejected,0
Inject only,876,False,False,False,packet_rejected,0
Inject only,877,False,False,False,packet_rejected,0
Inject only,878,False,False,False,packet_rejected,0
Inject only,879,False,False,False,packet_rejected,0
Inject only,880,False,False,False,packet_rejected,0
Inject only,881,False,False,False,packet_rejected,0
Inject only,882,False,False,False,packet_rejected,0
Inject only,883,False,False,False,packet_rejected,0
Inject only,884,False,False,False,packet_rejected,0
Inject only,885,False,False,False,packet_rejected,0
Inject only,886,False,False,False,packet_rejected,0
Inject only,887,False,False,False,packet_rejected,0
Inject only,888,False,False,False,packet_rejected,0
Inject only,889,False,False,False,packet_rejected,0
Inject only,890,False,False,False,packet_rejected,0
Inject only,891,False,False,False,packet_rejected,0
Inject only,892,False,False,False,packet_rejected,0
Inject only,893,False,False,False,packet_rejected,0
Inject only,894,False,False,False,packet_rejected,0
Inject only,895,False,False,False,packet_rejected,0
Inject only,896,False,False,False,packet_rejected,0
Inject only,897,False,False,False,packet_rejected,0
Inject only,898,False,False,False,packet_rejected,0
Inject only,899,False,False,False,packet_rejected,0
Inject only,900,False,False,False,packet_rejected,0
Inject only,901,False,False,False,packet_rejected,0
Inject only,902,False,False,False,packet_rejected,0
Inject only,903,False,False,False,packet_rejected,0
Inject only,904,False,False,False,packet_rejected,0
Inject only,905,False,False,False,packet_rejected,0
Inject only,906,False,False,False,packet_rejected,0
Inject only,907,False,False,False,packet_rejected,0
Inject only,908,False,False,False,packet_rejected,0
Inject only,909,False,False,False,packet_rejected,0
Inject only,910,False,False,False,packet_rejected,0
Inject only,911,False,False,False,packet_rejected,0
Inject only,912,False,False,False,packet_rejected,0
Inject only,913,False,False,False,packet_rejected,0
Inject only,914,False,False,False,packet_rejected,0
Inject only,915,False,False,False,packet_rejected,0
Inject only,916,False,False,False,packet_rejected,0
Inject only,917,False,False,False,packet_rejected,0
Inject only,918,False,False,False,packet_rejected,0
Inject only,919,False,False,False,packet_rejected,0
Inject only,920,False,False,False,packet_rejected,0
Inject only,921,False,False,False,packet_rejected,0
Inject only,922,False,False,False,packet_rejected,0
Inject only,923,False,False,False,packet_rejected,0
Inject only,924,False,False,False,packet_rejected,0
Inject only,925,False,False,False,packet_rejected,0
Inject only,926,False,False,False,packet_rejected,0
Inject only,927,False,False,False,packet_rejected,0
Inject only,928,False,False,False,packet_rejected,0
Inject only,929,False,False,False,packet_rejected,0
Inject only,930,False,False,False,packet_rejected,0
Inject only,931,False,False,False,packet_rejected,0
Inject only,932,False,False,False,packet_rejected,0
Inject only,933,False,False,False,packet_rejected,0
Inject only,934,False,False,False,packet_rejected,0
Inject only,935,False,False,False,packet_rejected,0
Inject only,936,False,False,False,packet_rejected,0
Inject only,937,False,False,False,packet_rejected,0
Inject only,938,False,False,False,packet_rejected,0
Inject only,939,False,False,False,packet_rejected,0
Inject only,940,False,False,False,packet_rejected,0
Inject only,941,False,False,False,packet_rejected,0
Inject only,942,False,False,False,packet_rejected,0
Inject only,943,False,False,False,packet_rejected,0
Inject only,944,False,False,False,packet_rejected,0
Inject only,945,False,False,False,packet_rejected,0
Inject only,946,False,False,False,packet_rejected,0
Inject only,947,False,False,False,packet_rejected,0
Inject only,948,False,False,False,packet_rejected,0
Inject only,949,False,False,False,packet_rejected,0
Inject only,950,False,False,False,packet_rejected,0
Inject only,951,False,False,False,packet_rejected,0
Inject only,952,False,False,False,packet_rejected,0
Inject only,953,False,False,False,packet_rejected,0
Inject only,954,False,False,False,packet_rejected,0
Inject only,955,False,False,False,packet_rejected,0
Inject only,956,False,False,False,packet_rejected,0
Inject only,957,False,False,False,packet_rejected,0
Inject only,958,False,False,False,packet_rejected,0
Inject only,959,False,False,False,packet_rejected,0
Inject only,960,False,False,False,packet_rejected,0
Inject only,961,False,False,False,packet_rejected,0
Inject only,962,False,False,False,packet_rejected,0
Inject only,963,False,False,False,packet_rejected,0
Inject only,964,False,False,False,packet_rejected,0
Inject only,965,False,False,False,packet_rejected,0
Inject only,966,False,False,False,packet_rejected,0
Inject only,967,False,False,False,packet_rejected,0
Inject only,968,False,False,False,packet_rejected,0
Inject only,969,False,False,False,packet_rejected,0
Inject only,970,False,False,False,packet_rejected,0
Inject only,971,False,False,False,packet_rejected,0
Inject only,972,False,False,False,packet_rejected,0
Inject only,973,False,False,False,packet_rejected,0
Inject only,974,False,False,False,packet_rejected,0
Inject only,975,False,False,False,packet_rejected,0
Inject only,976,False,False,False,packet_rejected,0
Inject only,977,False,False,False,packet_rejected,0
Inject only,978,False,False,False,packet_rejected,0
Inject only,979,False,False,False,packet_rejected,0
Inject only,980,False,False,False,packet_rejected,0
Inject only,981,False,False,False,packet_rejected,0
Inject only,982,False,False,False,packet_rejected,0
Inject only,983,False,False,False,packet_rejected,0
Inject only,984,False,False,False,packet_rejected,0
Inject only,985,False,False,False,packet_rejected,0
Inject only,986,False,False,False,packet_rejected,0
Inject only,987,False,False,False,packet_rejected,0
Inject only,988,False,False,False,packet_rejected,0
Inject only,989,False,False,False,packet_rejected,0
Inject only,990,False,False,False,packet_rejected,0
Inject only,991,False,False,False,packet_rejected,0
Inject only,992,False,False,False,packet_rejected,0
Inject only,993,False,False,False,packet_rejected,0
Inject only,994,False,False,False,packet_rejected,0
Inject only,995,False,False,False,packet_rejected,0
Inject only,996,False,False,False,packet_rejected,0
Inject only,997,False,False,False,packet_rejected,0
Inject only,998,False,False,False,packet_rejected,0
Inject only,999,False,False,False,packet_rejected,0
Matched truncation,0,True,True,True,accepted,11
Matched truncation,1,True,True,True,accepted,11
Matched truncation,2,True,True,True,accepted,11
Matched truncation,3,True,True,True,accepted,11
Matched truncation,4,True,True,True,accepted,11
Matched truncation,5,True,True,True,accepted,11
Matched truncation,6,True,True,True,accepted,11
Matched truncation,7,True,True,True,accepted,11
Matched truncation,8,True,True,True,accepted,11
Matched truncation,9,True,True,True,accepted,11
Matched truncation,10,True,True,True,accepted,11
Matched truncation,11,True,True,True,accepted,11
Matched truncation,12,True,True,True,accepted,11
Matched truncation,13,True,True,True,accepted,11
Matched truncation,14,True,True,True,accepted,11
Matched truncation,15,True,True,True,accepted,11
Matched truncation,16,True,True,True,accepted,11
Matched truncation,17,True,True,True,accepted,11
Matched truncation,18,True,True,True,accepted,11
Matched truncation,19,True,True,True,accepted,11
Matched truncation,20,True,True,True,accepted,11
Matched truncation,21,True,True,True,accepted,11
Matched truncation,22,True,True,True,accepted,11
Matched truncation,23,True,True,True,accepted,11
Matched truncation,24,True,True,True,accepted,11
Matched truncation,25,True,True,True,accepted,11
Matched truncation,26,True,True,True,accepted,11
Matched truncation,27,True,True,True,accepted,11
Matched truncation,28,True,True,True,accepted,11
Matched truncation,29,True,True,True,accepted,11
Matched truncation,30,True,True,True,accepted,11
Matched truncation,31,True,True,True,accepted,11
Matched truncation,32,True,True,True,accepted,11
Matched truncation,33,True,True,True,accepted,11
Matched truncation,34,True,True,True,accepted,11
Matched truncation,35,True,True,True,accepted,11
Matched truncation,36,True,True,True,accepted,11
Matched truncation,37,True,True,True,accepted,11
Matched truncation,38,True,True,True,accepted,11
Matched truncation,39,True,True,True,accepted,11
Matched truncation,40,True,True,True,accepted,11
Matched truncation,41,True,True,True,accepted,11
Matched truncation,42,True,True,True,accepted,11
Matched truncation,43,True,True,True,accepted,11
Matched truncation,44,True,True,True,accepted,11
Matched truncation,45,True,True,True,accepted,11
Matched truncation,46,True,True,True,accepted,11
Matched truncation,47,True,True,True,accepted,11
Matched truncation,48,True,True,True,accepted,11
Matched truncation,49,True,True,True,accepted,11
Matched truncation,50,True,True,True,accepted,11
Matched truncation,51,True,True,True,accepted,11
Matched truncation,52,True,True,True,accepted,11
Matched truncation,53,True,True,True,accepted,11
Matched truncation,54,True,True,True,accepted,11
Matched truncation,55,True,True,True,accepted,11
Matched truncation,56,True,True,True,accepted,11
Matched truncation,57,True,True,True,accepted,11
Matched truncation,58,True,True,True,accepted,11
Matched truncation,59,True,True,True,accepted,11
Matched truncation,60,True,True,True,accepted,11
Matched truncation,61,True,True,True,accepted,11
Matched truncation,62,True,True,True,accepted,11
Matched truncation,63,True,True,True,accepted,11
Matched truncation,64,True,True,True,accepted,11
Matched truncation,65,True,True,True,accepted,11
Matched truncation,66,True,True,True,accepted,11
Matched truncation,67,True,True,True,accepted,11
Matched truncation,68,True,True,True,accepted,11
Matched truncation,69,True,True,True,accepted,11
Matched truncation,70,True,True,True,accepted,11
Matched truncation,71,True,True,True,accepted,11
Matched truncation,72,True,True,True,accepted,11
Matched truncation,73,True,True,True,accepted,11
Matched truncation,74,True,True,True,accepted,11
Matched truncation,75,True,True,True,accepted,11
Matched truncation,76,True,True,True,accepted,11
Matched truncation,77,True,True,True,accepted,11
Matched truncation,78,True,True,True,accepted,11
Matched truncation,79,True,True,True,accepted,11
Matched truncation,80,True,True,True,accepted,11
Matched truncation,81,True,True,True,accepted,11
Matched truncation,82,True,True,True,accepted,11
Matched truncation,83,True,True,True,accepted,11
Matched truncation,84,True,True,True,accepted,11
Matched truncation,85,True,True,True,accepted,11
Matched truncation,86,True,True,True,accepted,11
Matched truncation,87,True,True,True,accepted,11
Matched truncation,88,True,True,True,accepted,11
Matched truncation,89,True,True,True,accepted,11
Matched truncation,90,True,True,True,accepted,11
Matched truncation,91,True,True,True,accepted,11
Matched truncation,92,True,True,True,accepted,11
Matched truncation,93,True,True,True,accepted,11
Matched truncation,94,True,True,True,accepted,11
Matched truncation,95,True,True,True,accepted,11
Matched truncation,96,True,True,True,accepted,11
Matched truncation,97,True,True,True,accepted,11
Matched truncation,98,True,True,True,accepted,11
Matched truncation,99,True,True,True,accepted,11
Matched truncation,100,True,True,True,accepted,11
Matched truncation,101,True,True,True,accepted,11
Matched truncation,102,True,True,True,accepted,11
Matched truncation,103,True,True,True,accepted,11
Matched truncation,104,True,True,True,accepted,11
Matched truncation,105,True,True,True,accepted,11
Matched truncation,106,True,True,True,accepted,11
Matched truncation,107,True,True,True,accepted,11
Matched truncation,108,True,True,True,accepted,11
Matched truncation,109,True,True,True,accepted,11
Matched truncation,110,True,True,True,accepted,11
Matched truncation,111,True,True,True,accepted,11
Matched truncation,112,True,True,True,accepted,11
Matched truncation,113,True,True,True,accepted,11
Matched truncation,114,True,True,True,accepted,11
Matched truncation,115,True,True,True,accepted,11
Matched truncation,116,True,True,True,accepted,11
Matched truncation,117,True,True,True,accepted,11
Matched truncation,118,True,True,True,accepted,11
Matched truncation,119,True,True,True,accepted,11
Matched truncation,120,True,True,True,accepted,11
Matched truncation,121,True,True,True,accepted,11
Matched truncation,122,True,True,True,accepted,11
Matched truncation,123,True,True,True,accepted,11
Matched truncation,124,True,True,True,accepted,11
Matched truncation,125,True,True,True,accepted,11
Matched truncation,126,True,True,True,accepted,11
Matched truncation,127,True,True,True,accepted,11
Matched truncation,128,True,True,True,accepted,11
Matched truncation,129,True,True,True,accepted,11
Matched truncation,130,True,True,True,accepted,11
Matched truncation,131,True,True,True,accepted,11
Matched truncation,132,True,True,True,accepted,11
Matched truncation,133,True,True,True,accepted,11
Matched truncation,134,True,True,True,accepted,11
Matched truncation,135,True,True,True,accepted,11
Matched truncation,136,True,True,True,accepted,11
Matched truncation,137,True,True,True,accepted,11
Matched truncation,138,True,True,True,accepted,11
Matched truncation,139,True,True,True,accepted,11
Matched truncation,140,True,True,True,accepted,11
Matched truncation,141,True,True,True,accepted,11
Matched truncation,142,True,True,True,accepted,11
Matched truncation,143,True,True,True,accepted,11
Matched truncation,144,True,True,True,accepted,11
Matched truncation,145,True,True,True,accepted,11
Matched truncation,146,True,True,True,accepted,11
Matched truncation,147,True,True,True,accepted,11
Matched truncation,148,True,True,True,accepted,11
Matched truncation,149,True,True,True,accepted,11
Matched truncation,150,True,True,True,accepted,11
Matched truncation,151,True,True,True,accepted,11
Matched truncation,152,True,True,True,accepted,11
Matched truncation,153,True,True,True,accepted,11
Matched truncation,154,True,True,True,accepted,11
Matched truncation,155,True,True,True,accepted,11
Matched truncation,156,True,True,True,accepted,11
Matched truncation,157,True,True,True,accepted,11
Matched truncation,158,True,True,True,accepted,11
Matched truncation,159,True,True,True,accepted,11
Matched truncation,160,True,True,True,accepted,11
Matched truncation,161,True,True,True,accepted,11
Matched truncation,162,True,True,True,accepted,11
Matched truncation,163,True,True,True,accepted,11
Matched truncation,164,True,True,True,accepted,11
Matched truncation,165,True,True,True,accepted,11
Matched truncation,166,True,True,True,accepted,11
Matched truncation,167,True,True,True,accepted,11
Matched truncation,168,True,True,True,accepted,11
Matched truncation,169,True,True,True,accepted,11
Matched truncation,170,True,True,True,accepted,11
Matched truncation,171,True,True,True,accepted,11
Matched truncation,172,True,True,True,accepted,11
Matched truncation,173,True,True,True,accepted,11
Matched truncation,174,True,True,True,accepted,11
Matched truncation,175,True,True,True,accepted,11
Matched truncation,176,True,True,True,accepted,11
Matched truncation,177,True,True,True,accepted,11
Matched truncation,178,True,True,True,accepted,11
Matched truncation,179,True,True,True,accepted,11
Matched truncation,180,True,True,True,accepted,11
Matched truncation,181,True,True,True,accepted,11
Matched truncation,182,True,True,True,accepted,11
Matched truncation,183,True,True,True,accepted,11
Matched truncation,184,True,True,True,accepted,11
Matched truncation,185,True,True,True,accepted,11
Matched truncation,186,True,True,True,accepted,11
Matched truncation,187,True,True,True,accepted,11
Matched truncation,188,True,True,True,accepted,11
Matched truncation,189,True,True,True,accepted,11
Matched truncation,190,True,True,True,accepted,11
Matched truncation,191,True,True,True,accepted,11
Matched truncation,192,True,True,True,accepted,11
Matched truncation,193,True,True,True,accepted,11
Matched truncation,194,True,True,True,accepted,11
Matched truncation,195,True,True,True,accepted,11
Matched truncation,196,True,True,True,accepted,11
Matched truncation,197,True,True,True,accepted,11
Matched truncation,198,True,True,True,accepted,11
Matched truncation,199,True,True,True,accepted,11
Matched truncation,200,True,True,True,accepted,11
Matched truncation,201,True,True,True,accepted,11
Matched truncation,202,True,True,True,accepted,11
Matched truncation,203,True,True,True,accepted,11
Matched truncation,204,True,True,True,accepted,11
Matched truncation,205,True,True,True,accepted,11
Matched truncation,206,True,True,True,accepted,11
Matched truncation,207,True,True,True,accepted,11
Matched truncation,208,True,True,True,accepted,11
Matched truncation,209,True,True,True,accepted,11
Matched truncation,210,True,True,True,accepted,11
Matched truncation,211,True,True,True,accepted,11
Matched truncation,212,True,True,True,accepted,11
Matched truncation,213,True,True,True,accepted,11
Matched truncation,214,True,True,True,accepted,11
Matched truncation,215,True,True,True,accepted,11
Matched truncation,216,True,True,True,accepted,11
Matched truncation,217,True,True,True,accepted,11
Matched truncation,218,True,True,True,accepted,11
Matched truncation,219,True,True,True,accepted,11
Matched truncation,220,True,True,True,accepted,11
Matched truncation,221,True,True,True,accepted,11
Matched truncation,222,True,True,True,accepted,11
Matched truncation,223,True,True,True,accepted,11
Matched truncation,224,True,True,True,accepted,11
Matched truncation,225,True,True,True,accepted,11
Matched truncation,226,True,True,True,accepted,11
Matched truncation,227,True,True,True,accepted,11
Matched truncation,228,True,True,True,accepted,11
Matched truncation,229,True,True,True,accepted,11
Matched truncation,230,True,True,True,accepted,11
Matched truncation,231,True,True,True,accepted,11
Matched truncation,232,True,True,True,accepted,11
Matched truncation,233,True,True,True,accepted,11
Matched truncation,234,True,True,True,accepted,11
Matched truncation,235,True,True,True,accepted,11
Matched truncation,236,True,True,True,accepted,11
Matched truncation,237,True,True,True,accepted,11
Matched truncation,238,True,True,True,accepted,11
Matched truncation,239,True,True,True,accepted,11
Matched truncation,240,True,True,True,accepted,11
Matched truncation,241,True,True,True,accepted,11
Matched truncation,242,True,True,True,accepted,11
Matched truncation,243,True,True,True,accepted,11
Matched truncation,244,True,True,True,accepted,11
Matched truncation,245,True,True,True,accepted,11
Matched truncation,246,True,True,True,accepted,11
Matched truncation,247,True,True,True,accepted,11
Matched truncation,248,True,True,True,accepted,11
Matched truncation,249,True,True,True,accepted,11
Matched truncation,250,True,True,True,accepted,11
Matched truncation,251,True,True,True,accepted,11
Matched truncation,252,True,True,True,accepted,11
Matched truncation,253,True,True,True,accepted,11
Matched truncation,254,True,True,True,accepted,11
Matched truncation,255,True,True,True,accepted,11
Matched truncation,256,True,True,True,accepted,11
Matched truncation,257,True,True,True,accepted,11
Matched truncation,258,True,True,True,accepted,11
Matched truncation,259,True,True,True,accepted,11
Matched truncation,260,True,True,True,accepted,11
Matched truncation,261,True,True,True,accepted,11
Matched truncation,262,True,True,True,accepted,11
Matched truncation,263,True,True,True,accepted,11
Matched truncation,264,True,True,True,accepted,11
Matched truncation,265,True,True,True,accepted,11
Matched truncation,266,True,True,True,accepted,11
Matched truncation,267,True,True,True,accepted,11
Matched truncation,268,True,True,True,accepted,11
Matched truncation,269,True,True,True,accepted,11
Matched truncation,270,True,True,True,accepted,11
Matched truncation,271,True,True,True,accepted,11
Matched truncation,272,True,True,True,accepted,11
Matched truncation,273,True,True,True,accepted,11
Matched truncation,274,True,True,True,accepted,11
Matched truncation,275,True,True,True,accepted,11
Matched truncation,276,True,True,True,accepted,11
Matched truncation,277,True,True,True,accepted,11
Matched truncation,278,True,True,True,accepted,11
Matched truncation,279,True,True,True,accepted,11
Matched truncation,280,True,True,True,accepted,11
Matched truncation,281,True,True,True,accepted,11
Matched truncation,282,True,True,True,accepted,11
Matched truncation,283,True,True,True,accepted,11
Matched truncation,284,True,True,True,accepted,11
Matched truncation,285,True,True,True,accepted,11
Matched truncation,286,True,True,True,accepted,11
Matched truncation,287,True,True,True,accepted,11
Matched truncation,288,True,True,True,accepted,11
Matched truncation,289,True,True,True,accepted,11
Matched truncation,290,True,True,True,accepted,11
Matched truncation,291,True,True,True,accepted,11
Matched truncation,292,True,True,True,accepted,11
Matched truncation,293,True,True,True,accepted,11
Matched truncation,294,True,True,True,accepted,11
Matched truncation,295,True,True,True,accepted,11
Matched truncation,296,True,True,True,accepted,11
Matched truncation,297,True,True,True,accepted,11
Matched truncation,298,True,True,True,accepted,11
Matched truncation,299,True,True,True,accepted,11
Matched truncation,300,True,True,True,accepted,11
Matched truncation,301,True,True,True,accepted,11
Matched truncation,302,True,True,True,accepted,11
Matched truncation,303,True,True,True,accepted,11
Matched truncation,304,True,True,True,accepted,11
Matched truncation,305,True,True,True,accepted,11
Matched truncation,306,True,True,True,accepted,11
Matched truncation,307,True,True,True,accepted,11
Matched truncation,308,True,True,True,accepted,11
Matched truncation,309,True,True,True,accepted,11
Matched truncation,310,True,True,True,accepted,11
Matched truncation,311,True,True,True,accepted,11
Matched truncation,312,True,True,True,accepted,11
Matched truncation,313,True,True,True,accepted,11
Matched truncation,314,True,True,True,accepted,11
Matched truncation,315,True,True,True,accepted,11
Matched truncation,316,True,True,True,accepted,11
Matched truncation,317,True,True,True,accepted,11
Matched truncation,318,True,True,True,accepted,11
Matched truncation,319,True,True,True,accepted,11
Matched truncation,320,True,True,True,accepted,11
Matched truncation,321,True,True,True,accepted,11
Matched truncation,322,True,True,True,accepted,11
Matched truncation,323,True,True,True,accepted,11
Matched truncation,324,True,True,True,accepted,11
Matched truncation,325,True,True,True,accepted,11
Matched truncation,326,True,True,True,accepted,11
Matched truncation,327,True,True,True,accepted,11
Matched truncation,328,True,True,True,accepted,11
Matched truncation,329,True,True,True,accepted,11
Matched truncation,330,True,True,True,accepted,11
Matched truncation,331,True,True,True,accepted,11
Matched truncation,332,True,True,True,accepted,11
Matched truncation,333,True,True,True,accepted,11
Matched truncation,334,True,True,True,accepted,11
Matched truncation,335,True,True,True,accepted,11
Matched truncation,336,True,True,True,accepted,11
Matched truncation,337,True,True,True,accepted,11
Matched truncation,338,True,True,True,accepted,11
Matched truncation,339,True,True,True,accepted,11
Matched truncation,340,True,True,True,accepted,11
Matched truncation,341,True,True,True,accepted,11
Matched truncation,342,True,True,True,accepted,11
Matched truncation,343,True,True,True,accepted,11
Matched truncation,344,True,True,True,accepted,11
Matched truncation,345,True,True,True,accepted,11
Matched truncation,346,True,True,True,accepted,11
Matched truncation,347,True,True,True,accepted,11
Matched truncation,348,True,True,True,accepted,11
Matched truncation,349,True,True,True,accepted,11
Matched truncation,350,True,True,True,accepted,11
Matched truncation,351,True,True,True,accepted,11
Matched truncation,352,True,True,True,accepted,11
Matched truncation,353,True,True,True,accepted,11
Matched truncation,354,True,True,True,accepted,11
Matched truncation,355,True,True,True,accepted,11
Matched truncation,356,True,True,True,accepted,11
Matched truncation,357,True,True,True,accepted,11
Matched truncation,358,True,True,True,accepted,11
Matched truncation,359,True,True,True,accepted,11
Matched truncation,360,True,True,True,accepted,11
Matched truncation,361,True,True,True,accepted,11
Matched truncation,362,True,True,True,accepted,11
Matched truncation,363,True,True,True,accepted,11
Matched truncation,364,True,True,True,accepted,11
Matched truncation,365,True,True,True,accepted,11
Matched truncation,366,True,True,True,accepted,11
Matched truncation,367,True,True,True,accepted,11
Matched truncation,368,True,True,True,accepted,11
Matched truncation,369,True,True,True,accepted,11
Matched truncation,370,True,True,True,accepted,11
Matched truncation,371,True,True,True,accepted,11
Matched truncation,372,True,True,True,accepted,11
Matched truncation,373,True,True,True,accepted,11
Matched truncation,374,True,True,True,accepted,11
Matched truncation,375,True,True,True,accepted,11
Matched truncation,376,True,True,True,accepted,11
Matched truncation,377,True,True,True,accepted,11
Matched truncation,378,True,True,True,accepted,11
Matched truncation,379,True,True,True,accepted,11
Matched truncation,380,True,True,True,accepted,11
Matched truncation,381,True,True,True,accepted,11
Matched truncation,382,True,True,True,accepted,11
Matched truncation,383,True,True,True,accepted,11
Matched truncation,384,True,True,True,accepted,11
Matched truncation,385,True,True,True,accepted,11
Matched truncation,386,True,True,True,accepted,11
Matched truncation,387,True,True,True,accepted,11
Matched truncation,388,True,True,True,accepted,11
Matched truncation,389,True,True,True,accepted,11
Matched truncation,390,True,True,True,accepted,11
Matched truncation,391,True,True,True,accepted,11
Matched truncation,392,True,True,True,accepted,11
Matched truncation,393,True,True,True,accepted,11
Matched truncation,394,True,True,True,accepted,11
Matched truncation,395,True,True,True,accepted,11
Matched truncation,396,True,True,True,accepted,11
Matched truncation,397,True,True,True,accepted,11
Matched truncation,398,True,True,True,accepted,11
Matched truncation,399,True,True,True,accepted,11
Matched truncation,400,True,True,True,accepted,11
Matched truncation,401,True,True,True,accepted,11
Matched truncation,402,True,True,True,accepted,11
Matched truncation,403,True,True,True,accepted,11
Matched truncation,404,True,True,True,accepted,11
Matched truncation,405,True,True,True,accepted,11
Matched truncation,406,True,True,True,accepted,11
Matched truncation,407,True,True,True,accepted,11
Matched truncation,408,True,True,True,accepted,11
Matched truncation,409,True,True,True,accepted,11
Matched truncation,410,True,True,True,accepted,11
Matched truncation,411,True,True,True,accepted,11
Matched truncation,412,True,True,True,accepted,11
Matched truncation,413,True,True,True,accepted,11
Matched truncation,414,True,True,True,accepted,11
Matched truncation,415,True,True,True,accepted,11
Matched truncation,416,True,True,True,accepted,11
Matched truncation,417,True,True,True,accepted,11
Matched truncation,418,True,True,True,accepted,11
Matched truncation,419,True,True,True,accepted,11
Matched truncation,420,True,True,True,accepted,11
Matched truncation,421,True,True,True,accepted,11
Matched truncation,422,True,True,True,accepted,11
Matched truncation,423,True,True,True,accepted,11
Matched truncation,424,True,True,True,accepted,11
Matched truncation,425,True,True,True,accepted,11
Matched truncation,426,True,True,True,accepted,11
Matched truncation,427,True,True,True,accepted,11
Matched truncation,428,True,True,True,accepted,11
Matched truncation,429,True,True,True,accepted,11
Matched truncation,430,True,True,True,accepted,11
Matched truncation,431,True,True,True,accepted,11
Matched truncation,432,True,True,True,accepted,11
Matched truncation,433,True,True,True,accepted,11
Matched truncation,434,True,True,True,accepted,11
Matched truncation,435,True,True,True,accepted,11
Matched truncation,436,True,True,True,accepted,11
Matched truncation,437,True,True,True,accepted,11
Matched truncation,438,True,True,True,accepted,11
Matched truncation,439,True,True,True,accepted,11
Matched truncation,440,True,True,True,accepted,11
Matched truncation,441,True,True,True,accepted,11
Matched truncation,442,True,True,True,accepted,11
Matched truncation,443,True,True,True,accepted,11
Matched truncation,444,True,True,True,accepted,11
Matched truncation,445,True,True,True,accepted,11
Matched truncation,446,True,True,True,accepted,11
Matched truncation,447,True,True,True,accepted,11
Matched truncation,448,True,True,True,accepted,11
Matched truncation,449,True,True,True,accepted,11
Matched truncation,450,True,True,True,accepted,11
Matched truncation,451,True,True,True,accepted,11
Matched truncation,452,True,True,True,accepted,11
Matched truncation,453,True,True,True,accepted,11
Matched truncation,454,True,True,True,accepted,11
Matched truncation,455,True,True,True,accepted,11
Matched truncation,456,True,True,True,accepted,11
Matched truncation,457,True,True,True,accepted,11
Matched truncation,458,True,True,True,accepted,11
Matched truncation,459,True,True,True,accepted,11
Matched truncation,460,True,True,True,accepted,11
Matched truncation,461,True,True,True,accepted,11
Matched truncation,462,True,True,True,accepted,11
Matched truncation,463,True,True,True,accepted,11
Matched truncation,464,True,True,True,accepted,11
Matched truncation,465,True,True,True,accepted,11
Matched truncation,466,True,True,True,accepted,11
Matched truncation,467,True,True,True,accepted,11
Matched truncation,468,True,True,True,accepted,11
Matched truncation,469,True,True,True,accepted,11
Matched truncation,470,True,True,True,accepted,11
Matched truncation,471,True,True,True,accepted,11
Matched truncation,472,True,True,True,accepted,11
Matched truncation,473,True,True,True,accepted,11
Matched truncation,474,True,True,True,accepted,11
Matched truncation,475,True,True,True,accepted,11
Matched truncation,476,True,True,True,accepted,11
Matched truncation,477,True,True,True,accepted,11
Matched truncation,478,True,True,True,accepted,11
Matched truncation,479,True,True,True,accepted,11
Matched truncation,480,True,True,True,accepted,11
Matched truncation,481,True,True,True,accepted,11
Matched truncation,482,True,True,True,accepted,11
Matched truncation,483,True,True,True,accepted,11
Matched truncation,484,True,True,True,accepted,11
Matched truncation,485,True,True,True,accepted,11
Matched truncation,486,True,True,True,accepted,11
Matched truncation,487,True,True,True,accepted,11
Matched truncation,488,True,True,True,accepted,11
Matched truncation,489,True,True,True,accepted,11
Matched truncation,490,True,True,True,accepted,11
Matched truncation,491,True,True,True,accepted,11
Matched truncation,492,True,True,True,accepted,11
Matched truncation,493,True,True,True,accepted,11
Matched truncation,494,True,True,True,accepted,11
Matched truncation,495,True,True,True,accepted,11
Matched truncation,496,True,True,True,accepted,11
Matched truncation,497,True,True,True,accepted,11
Matched truncation,498,True,True,True,accepted,11
Matched truncation,499,True,True,True,accepted,11
Matched truncation,500,True,True,True,accepted,11
Matched truncation,501,True,True,True,accepted,11
Matched truncation,502,True,True,True,accepted,11
Matched truncation,503,True,True,True,accepted,11
Matched truncation,504,True,True,True,accepted,11
Matched truncation,505,True,True,True,accepted,11
Matched truncation,506,True,True,True,accepted,11
Matched truncation,507,True,True,True,accepted,11
Matched truncation,508,True,True,True,accepted,11
Matched truncation,509,True,True,True,accepted,11
Matched truncation,510,True,True,True,accepted,11
Matched truncation,511,True,True,True,accepted,11
Matched truncation,512,True,True,True,accepted,11
Matched truncation,513,True,True,True,accepted,11
Matched truncation,514,True,True,True,accepted,11
Matched truncation,515,True,True,True,accepted,11
Matched truncation,516,True,True,True,accepted,11
Matched truncation,517,True,True,True,accepted,11
Matched truncation,518,True,True,True,accepted,11
Matched truncation,519,True,True,True,accepted,11
Matched truncation,520,True,True,True,accepted,11
Matched truncation,521,True,True,True,accepted,11
Matched truncation,522,True,True,True,accepted,11
Matched truncation,523,True,True,True,accepted,11
Matched truncation,524,True,True,True,accepted,11
Matched truncation,525,True,True,True,accepted,11
Matched truncation,526,True,True,True,accepted,11
Matched truncation,527,True,True,True,accepted,11
Matched truncation,528,True,True,True,accepted,11
Matched truncation,529,True,True,True,accepted,11
Matched truncation,530,True,True,True,accepted,11
Matched truncation,531,True,True,True,accepted,11
Matched truncation,532,True,True,True,accepted,11
Matched truncation,533,True,True,True,accepted,11
Matched truncation,534,True,True,True,accepted,11
Matched truncation,535,True,True,True,accepted,11
Matched truncation,536,True,True,True,accepted,11
Matched truncation,537,True,True,True,accepted,11
Matched truncation,538,True,True,True,accepted,11
Matched truncation,539,True,True,True,accepted,11
Matched truncation,540,True,True,True,accepted,11
Matched truncation,541,True,True,True,accepted,11
Matched truncation,542,True,True,True,accepted,11
Matched truncation,543,True,True,True,accepted,11
Matched truncation,544,True,True,True,accepted,11
Matched truncation,545,True,True,True,accepted,11
Matched truncation,546,True,True,True,accepted,11
Matched truncation,547,True,True,True,accepted,11
Matched truncation,548,True,True,True,accepted,11
Matched truncation,549,True,True,True,accepted,11
Matched truncation,550,True,True,True,accepted,11
Matched truncation,551,True,True,True,accepted,11
Matched truncation,552,True,True,True,accepted,11
Matched truncation,553,True,True,True,accepted,11
Matched truncation,554,True,True,True,accepted,11
Matched truncation,555,True,True,True,accepted,11
Matched truncation,556,True,True,True,accepted,11
Matched truncation,557,True,True,True,accepted,11
Matched truncation,558,True,True,True,accepted,11
Matched truncation,559,True,True,True,accepted,11
Matched truncation,560,True,True,True,accepted,11
Matched truncation,561,True,True,True,accepted,11
Matched truncation,562,True,True,True,accepted,11
Matched truncation,563,True,True,True,accepted,11
Matched truncation,564,True,True,True,accepted,11
Matched truncation,565,True,True,True,accepted,11
Matched truncation,566,True,True,True,accepted,11
Matched truncation,567,True,True,True,accepted,11
Matched truncation,568,True,True,True,accepted,11
Matched truncation,569,True,True,True,accepted,11
Matched truncation,570,True,True,True,accepted,11
Matched truncation,571,True,True,True,accepted,11
Matched truncation,572,True,True,True,accepted,11
Matched truncation,573,True,True,True,accepted,11
Matched truncation,574,True,True,True,accepted,11
Matched truncation,575,True,True,True,accepted,11
Matched truncation,576,True,True,True,accepted,11
Matched truncation,577,True,True,True,accepted,11
Matched truncation,578,True,True,True,accepted,11
Matched truncation,579,True,True,True,accepted,11
Matched truncation,580,True,True,True,accepted,11
Matched truncation,581,True,True,True,accepted,11
Matched truncation,582,True,True,True,accepted,11
Matched truncation,583,True,True,True,accepted,11
Matched truncation,584,True,True,True,accepted,11
Matched truncation,585,True,True,True,accepted,11
Matched truncation,586,True,True,True,accepted,11
Matched truncation,587,True,True,True,accepted,11
Matched truncation,588,True,True,True,accepted,11
Matched truncation,589,True,True,True,accepted,11
Matched truncation,590,True,True,True,accepted,11
Matched truncation,591,True,True,True,accepted,11
Matched truncation,592,True,True,True,accepted,11
Matched truncation,593,True,True,True,accepted,11
Matched truncation,594,True,True,True,accepted,11
Matched truncation,595,True,True,True,accepted,11
Matched truncation,596,True,True,True,accepted,11
Matched truncation,597,True,True,True,accepted,11
Matched truncation,598,True,True,True,accepted,11
Matched truncation,599,True,True,True,accepted,11
Matched truncation,600,True,True,True,accepted,11
Matched truncation,601,True,True,True,accepted,11
Matched truncation,602,True,True,True,accepted,11
Matched truncation,603,True,True,True,accepted,11
Matched truncation,604,True,True,True,accepted,11
Matched truncation,605,True,True,True,accepted,11
Matched truncation,606,True,True,True,accepted,11
Matched truncation,607,True,True,True,accepted,11
Matched truncation,608,True,True,True,accepted,11
Matched truncation,609,True,True,True,accepted,11
Matched truncation,610,True,True,True,accepted,11
Matched truncation,611,True,True,True,accepted,11
Matched truncation,612,True,True,True,accepted,11
Matched truncation,613,True,True,True,accepted,11
Matched truncation,614,True,True,True,accepted,11
Matched truncation,615,True,True,True,accepted,11
Matched truncation,616,True,True,True,accepted,11
Matched truncation,617,True,True,True,accepted,11
Matched truncation,618,True,True,True,accepted,11
Matched truncation,619,True,True,True,accepted,11
Matched truncation,620,True,True,True,accepted,11
Matched truncation,621,True,True,True,accepted,11
Matched truncation,622,True,True,True,accepted,11
Matched truncation,623,True,True,True,accepted,11
Matched truncation,624,True,True,True,accepted,11
Matched truncation,625,True,True,True,accepted,11
Matched truncation,626,True,True,True,accepted,11
Matched truncation,627,True,True,True,accepted,11
Matched truncation,628,True,True,True,accepted,11
Matched truncation,629,True,True,True,accepted,11
Matched truncation,630,True,True,True,accepted,11
Matched truncation,631,True,True,True,accepted,11
Matched truncation,632,True,True,True,accepted,11
Matched truncation,633,True,True,True,accepted,11
Matched truncation,634,True,True,True,accepted,11
Matched truncation,635,True,True,True,accepted,11
Matched truncation,636,True,True,True,accepted,11
Matched truncation,637,True,True,True,accepted,11
Matched truncation,638,True,True,True,accepted,11
Matched truncation,639,True,True,True,accepted,11
Matched truncation,640,True,True,True,accepted,11
Matched truncation,641,True,True,True,accepted,11
Matched truncation,642,True,True,True,accepted,11
Matched truncation,643,True,True,True,accepted,11
Matched truncation,644,True,True,True,accepted,11
Matched truncation,645,True,True,True,accepted,11
Matched truncation,646,True,True,True,accepted,11
Matched truncation,647,True,True,True,accepted,11
Matched truncation,648,True,True,True,accepted,11
Matched truncation,649,True,True,True,accepted,11
Matched truncation,650,True,True,True,accepted,11
Matched truncation,651,True,True,True,accepted,11
Matched truncation,652,True,True,True,accepted,11
Matched truncation,653,True,True,True,accepted,11
Matched truncation,654,True,True,True,accepted,11
Matched truncation,655,True,True,True,accepted,11
Matched truncation,656,True,True,True,accepted,11
Matched truncation,657,True,True,True,accepted,11
Matched truncation,658,True,True,True,accepted,11
Matched truncation,659,True,True,True,accepted,11
Matched truncation,660,True,True,True,accepted,11
Matched truncation,661,True,True,True,accepted,11
Matched truncation,662,True,True,True,accepted,11
Matched truncation,663,True,True,True,accepted,11
Matched truncation,664,True,True,True,accepted,11
Matched truncation,665,True,True,True,accepted,11
Matched truncation,666,True,True,True,accepted,11
Matched truncation,667,True,True,True,accepted,11
Matched truncation,668,True,True,True,accepted,11
Matched truncation,669,True,True,True,accepted,11
Matched truncation,670,True,True,True,accepted,11
Matched truncation,671,True,True,True,accepted,11
Matched truncation,672,True,True,True,accepted,11
Matched truncation,673,True,True,True,accepted,11
Matched truncation,674,True,True,True,accepted,11
Matched truncation,675,True,True,True,accepted,11
Matched truncation,676,True,True,True,accepted,11
Matched truncation,677,True,True,True,accepted,11
Matched truncation,678,True,True,True,accepted,11
Matched truncation,679,True,True,True,accepted,11
Matched truncation,680,True,True,True,accepted,11
Matched truncation,681,True,True,True,accepted,11
Matched truncation,682,True,True,True,accepted,11
Matched truncation,683,True,True,True,accepted,11
Matched truncation,684,True,True,True,accepted,11
Matched truncation,685,True,True,True,accepted,11
Matched truncation,686,True,True,True,accepted,11
Matched truncation,687,True,True,True,accepted,11
Matched truncation,688,True,True,True,accepted,11
Matched truncation,689,True,True,True,accepted,11
Matched truncation,690,True,True,True,accepted,11
Matched truncation,691,True,True,True,accepted,11
Matched truncation,692,True,True,True,accepted,11
Matched truncation,693,True,True,True,accepted,11
Matched truncation,694,True,True,True,accepted,11
Matched truncation,695,True,True,True,accepted,11
Matched truncation,696,True,True,True,accepted,11
Matched truncation,697,True,True,True,accepted,11
Matched truncation,698,True,True,True,accepted,11
Matched truncation,699,True,True,True,accepted,11
Matched truncation,700,True,True,True,accepted,11
Matched truncation,701,True,True,True,accepted,11
Matched truncation,702,True,True,True,accepted,11
Matched truncation,703,True,True,True,accepted,11
Matched truncation,704,True,True,True,accepted,11
Matched truncation,705,True,True,True,accepted,11
Matched truncation,706,True,True,True,accepted,11
Matched truncation,707,True,True,True,accepted,11
Matched truncation,708,True,True,True,accepted,11
Matched truncation,709,True,True,True,accepted,11
Matched truncation,710,True,True,True,accepted,11
Matched truncation,711,True,True,True,accepted,11
Matched truncation,712,True,True,True,accepted,11
Matched truncation,713,True,True,True,accepted,11
Matched truncation,714,True,True,True,accepted,11
Matched truncation,715,True,True,True,accepted,11
Matched truncation,716,True,True,True,accepted,11
Matched truncation,717,True,True,True,accepted,11
Matched truncation,718,True,True,True,accepted,11
Matched truncation,719,True,True,True,accepted,11
Matched truncation,720,True,True,True,accepted,11
Matched truncation,721,True,True,True,accepted,11
Matched truncation,722,True,True,True,accepted,11
Matched truncation,723,True,True,True,accepted,11
Matched truncation,724,True,True,True,accepted,11
Matched truncation,725,True,True,True,accepted,11
Matched truncation,726,True,True,True,accepted,11
Matched truncation,727,True,True,True,accepted,11
Matched truncation,728,True,True,True,accepted,11
Matched truncation,729,True,True,True,accepted,11
Matched truncation,730,True,True,True,accepted,11
Matched truncation,731,True,True,True,accepted,11
Matched truncation,732,True,True,True,accepted,11
Matched truncation,733,True,True,True,accepted,11
Matched truncation,734,True,True,True,accepted,11
Matched truncation,735,True,True,True,accepted,11
Matched truncation,736,True,True,True,accepted,11
Matched truncation,737,True,True,True,accepted,11
Matched truncation,738,True,True,True,accepted,11
Matched truncation,739,True,True,True,accepted,11
Matched truncation,740,True,True,True,accepted,11
Matched truncation,741,True,True,True,accepted,11
Matched truncation,742,True,True,True,accepted,11
Matched truncation,743,True,True,True,accepted,11
Matched truncation,744,True,True,True,accepted,11
Matched truncation,745,True,True,True,accepted,11
Matched truncation,746,True,True,True,accepted,11
Matched truncation,747,True,True,True,accepted,11
Matched truncation,748,True,True,True,accepted,11
Matched truncation,749,True,True,True,accepted,11
Matched truncation,750,True,True,True,accepted,11
Matched truncation,751,True,True,True,accepted,11
Matched truncation,752,True,True,True,accepted,11
Matched truncation,753,True,True,True,accepted,11
Matched truncation,754,True,True,True,accepted,11
Matched truncation,755,True,True,True,accepted,11
Matched truncation,756,True,True,True,accepted,11
Matched truncation,757,True,True,True,accepted,11
Matched truncation,758,True,True,True,accepted,11
Matched truncation,759,True,True,True,accepted,11
Matched truncation,760,True,True,True,accepted,11
Matched truncation,761,True,True,True,accepted,11
Matched truncation,762,True,True,True,accepted,11
Matched truncation,763,True,True,True,accepted,11
Matched truncation,764,True,True,True,accepted,11
Matched truncation,765,True,True,True,accepted,11
Matched truncation,766,True,True,True,accepted,11
Matched truncation,767,True,True,True,accepted,11
Matched truncation,768,True,True,True,accepted,11
Matched truncation,769,True,True,True,accepted,11
Matched truncation,770,True,True,True,accepted,11
Matched truncation,771,True,True,True,accepted,11
Matched truncation,772,True,True,True,accepted,11
Matched truncation,773,True,True,True,accepted,11
Matched truncation,774,True,True,True,accepted,11
Matched truncation,775,True,True,True,accepted,11
Matched truncation,776,True,True,True,accepted,11
Matched truncation,777,True,True,True,accepted,11
Matched truncation,778,True,True,True,accepted,11
Matched truncation,779,True,True,True,accepted,11
Matched truncation,780,True,True,True,accepted,11
Matched truncation,781,True,True,True,accepted,11
Matched truncation,782,True,True,True,accepted,11
Matched truncation,783,True,True,True,accepted,11
Matched truncation,784,True,True,True,accepted,11
Matched truncation,785,True,True,True,accepted,11
Matched truncation,786,True,True,True,accepted,11
Matched truncation,787,True,True,True,accepted,11
Matched truncation,788,True,True,True,accepted,11
Matched truncation,789,True,True,True,accepted,11
Matched truncation,790,True,True,True,accepted,11
Matched truncation,791,True,True,True,accepted,11
Matched truncation,792,True,True,True,accepted,11
Matched truncation,793,True,True,True,accepted,11
Matched truncation,794,True,True,True,accepted,11
Matched truncation,795,True,True,True,accepted,11
Matched truncation,796,True,True,True,accepted,11
Matched truncation,797,True,True,True,accepted,11
Matched truncation,798,True,True,True,accepted,11
Matched truncation,799,True,True,True,accepted,11
Matched truncation,800,True,True,True,accepted,11
Matched truncation,801,True,True,True,accepted,11
Matched truncation,802,True,True,True,accepted,11
Matched truncation,803,True,True,True,accepted,11
Matched truncation,804,True,True,True,accepted,11
Matched truncation,805,True,True,True,accepted,11
Matched truncation,806,True,True,True,accepted,11
Matched truncation,807,True,True,True,accepted,11
Matched truncation,808,True,True,True,accepted,11
Matched truncation,809,True,True,True,accepted,11
Matched truncation,810,True,True,True,accepted,11
Matched truncation,811,True,True,True,accepted,11
Matched truncation,812,True,True,True,accepted,11
Matched truncation,813,True,True,True,accepted,11
Matched truncation,814,True,True,True,accepted,11
Matched truncation,815,True,True,True,accepted,11
Matched truncation,816,True,True,True,accepted,11
Matched truncation,817,True,True,True,accepted,11
Matched truncation,818,True,True,True,accepted,11
Matched truncation,819,True,True,True,accepted,11
Matched truncation,820,True,True,True,accepted,11
Matched truncation,821,True,True,True,accepted,11
Matched truncation,822,True,True,True,accepted,11
Matched truncation,823,True,True,True,accepted,11
Matched truncation,824,True,True,True,accepted,11
Matched truncation,825,True,True,True,accepted,11
Matched truncation,826,True,True,True,accepted,11
Matched truncation,827,True,True,True,accepted,11
Matched truncation,828,True,True,True,accepted,11
Matched truncation,829,True,True,True,accepted,11
Matched truncation,830,True,True,True,accepted,11
Matched truncation,831,True,True,True,accepted,11
Matched truncation,832,True,True,True,accepted,11
Matched truncation,833,True,True,True,accepted,11
Matched truncation,834,True,True,True,accepted,11
Matched truncation,835,True,True,True,accepted,11
Matched truncation,836,True,True,True,accepted,11
Matched truncation,837,True,True,True,accepted,11
Matched truncation,838,True,True,True,accepted,11
Matched truncation,839,True,True,True,accepted,11
Matched truncation,840,True,True,True,accepted,11
Matched truncation,841,True,True,True,accepted,11
Matched truncation,842,True,True,True,accepted,11
Matched truncation,843,True,True,True,accepted,11
Matched truncation,844,True,True,True,accepted,11
Matched truncation,845,True,True,True,accepted,11
Matched truncation,846,True,True,True,accepted,11
Matched truncation,847,True,True,True,accepted,11
Matched truncation,848,True,True,True,accepted,11
Matched truncation,849,True,True,True,accepted,11
Matched truncation,850,True,True,True,accepted,11
Matched truncation,851,True,True,True,accepted,11
Matched truncation,852,True,True,True,accepted,11
Matched truncation,853,True,True,True,accepted,11
Matched truncation,854,True,True,True,accepted,11
Matched truncation,855,True,True,True,accepted,11
Matched truncation,856,True,True,True,accepted,11
Matched truncation,857,True,True,True,accepted,11
Matched truncation,858,True,True,True,accepted,11
Matched truncation,859,True,True,True,accepted,11
Matched truncation,860,True,True,True,accepted,11
Matched truncation,861,True,True,True,accepted,11
Matched truncation,862,True,True,True,accepted,11
Matched truncation,863,True,True,True,accepted,11
Matched truncation,864,True,True,True,accepted,11
Matched truncation,865,True,True,True,accepted,11
Matched truncation,866,True,True,True,accepted,11
Matched truncation,867,True,True,True,accepted,11
Matched truncation,868,True,True,True,accepted,11
Matched truncation,869,True,True,True,accepted,11
Matched truncation,870,True,True,True,accepted,11
Matched truncation,871,True,True,True,accepted,11
Matched truncation,872,True,True,True,accepted,11
Matched truncation,873,True,True,True,accepted,11
Matched truncation,874,True,True,True,accepted,11
Matched truncation,875,True,True,True,accepted,11
Matched truncation,876,True,True,True,accepted,11
Matched truncation,877,True,True,True,accepted,11
Matched truncation,878,True,True,True,accepted,11
Matched truncation,879,True,True,True,accepted,11
Matched truncation,880,True,True,True,accepted,11
Matched truncation,881,True,True,True,accepted,11
Matched truncation,882,True,True,True,accepted,11
Matched truncation,883,True,True,True,accepted,11
Matched truncation,884,True,True,True,accepted,11
Matched truncation,885,True,True,True,accepted,11
Matched truncation,886,True,True,True,accepted,11
Matched truncation,887,True,True,True,accepted,11
Matched truncation,888,True,True,True,accepted,11
Matched truncation,889,True,True,True,accepted,11
Matched truncation,890,True,True,True,accepted,11
Matched truncation,891,True,True,True,accepted,11
Matched truncation,892,True,True,True,accepted,11
Matched truncation,893,True,True,True,accepted,11
Matched truncation,894,True,True,True,accepted,11
Matched truncation,895,True,True,True,accepted,11
Matched truncation,896,True,True,True,accepted,11
Matched truncation,897,True,True,True,accepted,11
Matched truncation,898,True,True,True,accepted,11
Matched truncation,899,True,True,True,accepted,11
Matched truncation,900,True,True,True,accepted,11
Matched truncation,901,True,True,True,accepted,11
Matched truncation,902,True,True,True,accepted,11
Matched truncation,903,True,True,True,accepted,11
Matched truncation,904,True,True,True,accepted,11
Matched truncation,905,True,True,True,accepted,11
Matched truncation,906,True,True,True,accepted,11
Matched truncation,907,True,True,True,accepted,11
Matched truncation,908,True,True,True,accepted,11
Matched truncation,909,True,True,True,accepted,11
Matched truncation,910,True,True,True,accepted,11
Matched truncation,911,True,True,True,accepted,11
Matched truncation,912,True,True,True,accepted,11
Matched truncation,913,True,True,True,accepted,11
Matched truncation,914,True,True,True,accepted,11
Matched truncation,915,True,True,True,accepted,11
Matched truncation,916,True,True,True,accepted,11
Matched truncation,917,True,True,True,accepted,11
Matched truncation,918,True,True,True,accepted,11
Matched truncation,919,True,True,True,accepted,11
Matched truncation,920,True,True,True,accepted,11
Matched truncation,921,True,True,True,accepted,11
Matched truncation,922,True,True,True,accepted,11
Matched truncation,923,True,True,True,accepted,11
Matched truncation,924,True,True,True,accepted,11
Matched truncation,925,True,True,True,accepted,11
Matched truncation,926,True,True,True,accepted,11
Matched truncation,927,True,True,True,accepted,11
Matched truncation,928,True,True,True,accepted,11
Matched truncation,929,True,True,True,accepted,11
Matched truncation,930,True,True,True,accepted,11
Matched truncation,931,True,True,True,accepted,11
Matched truncation,932,True,True,True,accepted,11
Matched truncation,933,True,True,True,accepted,11
Matched truncation,934,True,True,True,accepted,11
Matched truncation,935,True,True,True,accepted,11
Matched truncation,936,True,True,True,accepted,11
Matched truncation,937,True,True,True,accepted,11
Matched truncation,938,True,True,True,accepted,11
Matched truncation,939,True,True,True,accepted,11
Matched truncation,940,True,True,True,accepted,11
Matched truncation,941,True,True,True,accepted,11
Matched truncation,942,True,True,True,accepted,11
Matched truncation,943,True,True,True,accepted,11
Matched truncation,944,True,True,True,accepted,11
Matched truncation,945,True,True,True,accepted,11
Matched truncation,946,True,True,True,accepted,11
Matched truncation,947,True,True,True,accepted,11
Matched truncation,948,True,True,True,accepted,11
Matched truncation,949,True,True,True,accepted,11
Matched truncation,950,True,True,True,accepted,11
Matched truncation,951,True,True,True,accepted,11
Matched truncation,952,True,True,True,accepted,11
Matched truncation,953,True,True,True,accepted,11
Matched truncation,954,True,True,True,accepted,11
Matched truncation,955,True,True,True,accepted,11
Matched truncation,956,True,True,True,accepted,11
Matched truncation,957,True,True,True,accepted,11
Matched truncation,958,True,True,True,accepted,11
Matched truncation,959,True,True,True,accepted,11
Matched truncation,960,True,True,True,accepted,11
Matched truncation,961,True,True,True,accepted,11
Matched truncation,962,True,True,True,accepted,11
Matched truncation,963,True,True,True,accepted,11
Matched truncation,964,True,True,True,accepted,11
Matched truncation,965,True,True,True,accepted,11
Matched truncation,966,True,True,True,accepted,11
Matched truncation,967,True,True,True,accepted,11
Matched truncation,968,True,True,True,accepted,11
Matched truncation,969,True,True,True,accepted,11
Matched truncation,970,True,True,True,accepted,11
Matched truncation,971,True,True,True,accepted,11
Matched truncation,972,True,True,True,accepted,11
Matched truncation,973,True,True,True,accepted,11
Matched truncation,974,True,True,True,accepted,11
Matched truncation,975,True,True,True,accepted,11
Matched truncation,976,True,True,True,accepted,11
Matched truncation,977,True,True,True,accepted,11
Matched truncation,978,True,True,True,accepted,11
Matched truncation,979,True,True,True,accepted,11
Matched truncation,980,True,True,True,accepted,11
Matched truncation,981,True,True,True,accepted,11
Matched truncation,982,True,True,True,accepted,11
Matched truncation,983,True,True,True,accepted,11
Matched truncation,984,True,True,True,accepted,11
Matched truncation,985,True,True,True,accepted,11
Matched truncation,986,True,True,True,accepted,11
Matched truncation,987,True,True,True,accepted,11
Matched truncation,988,True,True,True,accepted,11
Matched truncation,989,True,True,True,accepted,11
Matched truncation,990,True,True,True,accepted,11
Matched truncation,991,True,True,True,accepted,11
Matched truncation,992,True,True,True,accepted,11
Matched truncation,993,True,True,True,accepted,11
Matched truncation,994,True,True,True,accepted,11
Matched truncation,995,True,True,True,accepted,11
Matched truncation,996,True,True,True,accepted,11
Matched truncation,997,True,True,True,accepted,11
Matched truncation,998,True,True,True,accepted,11
Matched truncation,999,True,True,True,accepted,11
Reset only,0,False,False,False,packet_rejected,0
Reset only,1,False,False,False,packet_rejected,0
Reset only,2,False,False,False,packet_rejected,0
Reset only,3,False,False,False,packet_rejected,0
Reset only,4,False,False,False,packet_rejected,0
Reset only,5,False,False,False,packet_rejected,0
Reset only,6,False,False,False,packet_rejected,0
Reset only,7,False,False,False,packet_rejected,0
Reset only,8,False,False,False,packet_rejected,0
Reset only,9,False,False,False,packet_rejected,0
Reset only,10,False,False,False,packet_rejected,0
Reset only,11,False,False,False,packet_rejected,0
Reset only,12,False,False,False,packet_rejected,0
Reset only,13,False,False,False,packet_rejected,0
Reset only,14,False,False,False,packet_rejected,0
Reset only,15,False,False,False,packet_rejected,0
Reset only,16,False,False,False,packet_rejected,0
Reset only,17,False,False,False,packet_rejected,0
Reset only,18,False,False,False,packet_rejected,0
Reset only,19,False,False,False,packet_rejected,0
Reset only,20,False,False,False,packet_rejected,0
Reset only,21,False,False,False,packet_rejected,0
Reset only,22,False,False,False,packet_rejected,0
Reset only,23,False,False,False,packet_rejected,0
Reset only,24,False,False,False,packet_rejected,0
Reset only,25,False,False,False,packet_rejected,0
Reset only,26,False,False,False,packet_rejected,0
Reset only,27,False,False,False,packet_rejected,0
Reset only,28,False,False,False,packet_rejected,0
Reset only,29,False,False,False,packet_rejected,0
Reset only,30,False,False,False,packet_rejected,0
Reset only,31,False,False,False,packet_rejected,0
Reset only,32,False,False,False,packet_rejected,0
Reset only,33,False,False,False,packet_rejected,0
Reset only,34,False,False,False,packet_rejected,0
Reset only,35,False,False,False,packet_rejected,0
Reset only,36,False,False,False,packet_rejected,0
Reset only,37,False,False,False,packet_rejected,0
Reset only,38,False,False,False,packet_rejected,0
Reset only,39,False,False,False,packet_rejected,0
Reset only,40,False,False,False,packet_rejected,0
Reset only,41,False,False,False,packet_rejected,0
Reset only,42,False,False,False,packet_rejected,0
Reset only,43,False,False,False,packet_rejected,0
Reset only,44,False,False,False,packet_rejected,0
Reset only,45,False,False,False,packet_rejected,0
Reset only,46,False,False,False,packet_rejected,0
Reset only,47,False,False,False,packet_rejected,0
Reset only,48,False,False,False,packet_rejected,0
Reset only,49,False,False,False,packet_rejected,0
Reset only,50,False,False,False,packet_rejected,0
Reset only,51,False,False,False,packet_rejected,0
Reset only,52,False,False,False,packet_rejected,0
Reset only,53,False,False,False,packet_rejected,0
Reset only,54,False,False,False,packet_rejected,0
Reset only,55,False,False,False,packet_rejected,0
Reset only,56,False,False,False,packet_rejected,0
Reset only,57,False,False,False,packet_rejected,0
Reset only,58,False,False,False,packet_rejected,0
Reset only,59,False,False,False,packet_rejected,0
Reset only,60,False,False,False,packet_rejected,0
Reset only,61,False,False,False,packet_rejected,0
Reset only,62,False,False,False,packet_rejected,0
Reset only,63,False,False,False,packet_rejected,0
Reset only,64,False,False,False,packet_rejected,0
Reset only,65,False,False,False,packet_rejected,0
Reset only,66,False,False,False,packet_rejected,0
Reset only,67,False,False,False,packet_rejected,0
Reset only,68,False,False,False,packet_rejected,0
Reset only,69,False,False,False,packet_rejected,0
Reset only,70,False,False,False,packet_rejected,0
Reset only,71,False,False,False,packet_rejected,0
Reset only,72,False,False,False,packet_rejected,0
Reset only,73,False,False,False,packet_rejected,0
Reset only,74,False,False,False,packet_rejected,0
Reset only,75,False,False,False,packet_rejected,0
Reset only,76,False,False,False,packet_rejected,0
Reset only,77,False,False,False,packet_rejected,0
Reset only,78,False,False,False,packet_rejected,0
Reset only,79,False,False,False,packet_rejected,0
Reset only,80,False,False,False,packet_rejected,0
Reset only,81,False,False,False,packet_rejected,0
Reset only,82,False,False,False,packet_rejected,0
Reset only,83,False,False,False,packet_rejected,0
Reset only,84,False,False,False,packet_rejected,0
Reset only,85,False,False,False,packet_rejected,0
Reset only,86,False,False,False,packet_rejected,0
Reset only,87,False,False,False,packet_rejected,0
Reset only,88,False,False,False,packet_rejected,0
Reset only,89,False,False,False,packet_rejected,0
Reset only,90,False,False,False,packet_rejected,0
Reset only,91,False,False,False,packet_rejected,0
Reset only,92,False,False,False,packet_rejected,0
Reset only,93,False,False,False,packet_rejected,0
Reset only,94,False,False,False,packet_rejected,0
Reset only,95,False,False,False,packet_rejected,0
Reset only,96,False,False,False,packet_rejected,0
Reset only,97,False,False,False,packet_rejected,0
Reset only,98,False,False,False,packet_rejected,0
Reset only,99,False,False,False,packet_rejected,0
Reset only,100,False,False,False,packet_rejected,0
Reset only,101,False,False,False,packet_rejected,0
Reset only,102,False,False,False,packet_rejected,0
Reset only,103,False,False,False,packet_rejected,0
Reset only,104,False,False,False,packet_rejected,0
Reset only,105,False,False,False,packet_rejected,0
Reset only,106,False,False,False,packet_rejected,0
Reset only,107,False,False,False,packet_rejected,0
Reset only,108,False,False,False,packet_rejected,0
Reset only,109,False,False,False,packet_rejected,0
Reset only,110,False,False,False,packet_rejected,0
Reset only,111,False,False,False,packet_rejected,0
Reset only,112,False,False,False,packet_rejected,0
Reset only,113,False,False,False,packet_rejected,0
Reset only,114,False,False,False,packet_rejected,0
Reset only,115,False,False,False,packet_rejected,0
Reset only,116,False,False,False,packet_rejected,0
Reset only,117,False,False,False,packet_rejected,0
Reset only,118,False,False,False,packet_rejected,0
Reset only,119,False,False,False,packet_rejected,0
Reset only,120,False,False,False,packet_rejected,0
Reset only,121,False,False,False,packet_rejected,0
Reset only,122,False,False,False,packet_rejected,0
Reset only,123,False,False,False,packet_rejected,0
Reset only,124,False,False,False,packet_rejected,0
Reset only,125,False,False,False,packet_rejected,0
Reset only,126,False,False,False,packet_rejected,0
Reset only,127,False,False,False,packet_rejected,0
Reset only,128,False,False,False,packet_rejected,0
Reset only,129,False,False,False,packet_rejected,0
Reset only,130,False,False,False,packet_rejected,0
Reset only,131,False,False,False,packet_rejected,0
Reset only,132,False,False,False,packet_rejected,0
Reset only,133,False,False,False,packet_rejected,0
Reset only,134,False,False,False,packet_rejected,0
Reset only,135,False,False,False,packet_rejected,0
Reset only,136,False,False,False,packet_rejected,0
Reset only,137,False,False,False,packet_rejected,0
Reset only,138,False,False,False,packet_rejected,0
Reset only,139,False,False,False,packet_rejected,0
Reset only,140,False,False,False,packet_rejected,0
Reset only,141,False,False,False,packet_rejected,0
Reset only,142,False,False,False,packet_rejected,0
Reset only,143,False,False,False,packet_rejected,0
Reset only,144,False,False,False,packet_rejected,0
Reset only,145,False,False,False,packet_rejected,0
Reset only,146,False,False,False,packet_rejected,0
Reset only,147,False,False,False,packet_rejected,0
Reset only,148,False,False,False,packet_rejected,0
Reset only,149,False,False,False,packet_rejected,0
Reset only,150,False,False,False,packet_rejected,0
Reset only,151,False,False,False,packet_rejected,0
Reset only,152,False,False,False,packet_rejected,0
Reset only,153,False,False,False,packet_rejected,0
Reset only,154,False,False,False,packet_rejected,0
Reset only,155,False,False,False,packet_rejected,0
Reset only,156,False,False,False,packet_rejected,0
Reset only,157,False,False,False,packet_rejected,0
Reset only,158,False,False,False,packet_rejected,0
Reset only,159,False,False,False,packet_rejected,0
Reset only,160,False,False,False,packet_rejected,0
Reset only,161,False,False,False,packet_rejected,0
Reset only,162,False,False,False,packet_rejected,0
Reset only,163,False,False,False,packet_rejected,0
Reset only,164,False,False,False,packet_rejected,0
Reset only,165,False,False,False,packet_rejected,0
Reset only,166,False,False,False,packet_rejected,0
Reset only,167,False,False,False,packet_rejected,0
Reset only,168,False,False,False,packet_rejected,0
Reset only,169,False,False,False,packet_rejected,0
Reset only,170,False,False,False,packet_rejected,0
Reset only,171,False,False,False,packet_rejected,0
Reset only,172,False,False,False,packet_rejected,0
Reset only,173,False,False,False,packet_rejected,0
Reset only,174,False,False,False,packet_rejected,0
Reset only,175,False,False,False,packet_rejected,0
Reset only,176,False,False,False,packet_rejected,0
Reset only,177,False,False,False,packet_rejected,0
Reset only,178,False,False,False,packet_rejected,0
Reset only,179,False,False,False,packet_rejected,0
Reset only,180,False,False,False,packet_rejected,0
Reset only,181,False,False,False,packet_rejected,0
Reset only,182,False,False,False,packet_rejected,0
Reset only,183,False,False,False,packet_rejected,0
Reset only,184,False,False,False,packet_rejected,0
Reset only,185,False,False,False,packet_rejected,0
Reset only,186,False,False,False,packet_rejected,0
Reset only,187,False,False,False,packet_rejected,0
Reset only,188,False,False,False,packet_rejected,0
Reset only,189,False,False,False,packet_rejected,0
Reset only,190,False,False,False,packet_rejected,0
Reset only,191,False,False,False,packet_rejected,0
Reset only,192,False,False,False,packet_rejected,0
Reset only,193,False,False,False,packet_rejected,0
Reset only,194,False,False,False,packet_rejected,0
Reset only,195,False,False,False,packet_rejected,0
Reset only,196,False,False,False,packet_rejected,0
Reset only,197,False,False,False,packet_rejected,0
Reset only,198,False,False,False,packet_rejected,0
Reset only,199,False,False,False,packet_rejected,0
Reset only,200,False,False,False,packet_rejected,0
Reset only,201,False,False,False,packet_rejected,0
Reset only,202,False,False,False,packet_rejected,0
Reset only,203,False,False,False,packet_rejected,0
Reset only,204,False,False,False,packet_rejected,0
Reset only,205,False,False,False,packet_rejected,0
Reset only,206,False,False,False,packet_rejected,0
Reset only,207,False,False,False,packet_rejected,0
Reset only,208,False,False,False,packet_rejected,0
Reset only,209,False,False,False,packet_rejected,0
Reset only,210,False,False,False,packet_rejected,0
Reset only,211,False,False,False,packet_rejected,0
Reset only,212,False,False,False,packet_rejected,0
Reset only,213,False,False,False,packet_rejected,0
Reset only,214,False,False,False,packet_rejected,0
Reset only,215,False,False,False,packet_rejected,0
Reset only,216,False,False,False,packet_rejected,0
Reset only,217,False,False,False,packet_rejected,0
Reset only,218,False,False,False,packet_rejected,0
Reset only,219,False,False,False,packet_rejected,0
Reset only,220,False,False,False,packet_rejected,0
Reset only,221,False,False,False,packet_rejected,0
Reset only,222,False,False,False,packet_rejected,0
Reset only,223,False,False,False,packet_rejected,0
Reset only,224,False,False,False,packet_rejected,0
Reset only,225,False,False,False,packet_rejected,0
Reset only,226,False,False,False,packet_rejected,0
Reset only,227,False,False,False,packet_rejected,0
Reset only,228,False,False,False,packet_rejected,0
Reset only,229,False,False,False,packet_rejected,0
Reset only,230,False,False,False,packet_rejected,0
Reset only,231,False,False,False,packet_rejected,0
Reset only,232,False,False,False,packet_rejected,0
Reset only,233,False,False,False,packet_rejected,0
Reset only,234,False,False,False,packet_rejected,0
Reset only,235,False,False,False,packet_rejected,0
Reset only,236,False,False,False,packet_rejected,0
Reset only,237,False,False,False,packet_rejected,0
Reset only,238,False,False,False,packet_rejected,0
Reset only,239,False,False,False,packet_rejected,0
Reset only,240,False,False,False,packet_rejected,0
Reset only,241,False,False,False,packet_rejected,0
Reset only,242,False,False,False,packet_rejected,0
Reset only,243,False,False,False,packet_rejected,0
Reset only,244,False,False,False,packet_rejected,0
Reset only,245,False,False,False,packet_rejected,0
Reset only,246,False,False,False,packet_rejected,0
Reset only,247,False,False,False,packet_rejected,0
Reset only,248,False,False,False,packet_rejected,0
Reset only,249,False,False,False,packet_rejected,0
Reset only,250,False,False,False,packet_rejected,0
Reset only,251,False,False,False,packet_rejected,0
Reset only,252,False,False,False,packet_rejected,0
Reset only,253,False,False,False,packet_rejected,0
Reset only,254,False,False,False,packet_rejected,0
Reset only,255,False,False,False,packet_rejected,0
Reset only,256,False,False,False,packet_rejected,0
Reset only,257,False,False,False,packet_rejected,0
Reset only,258,False,False,False,packet_rejected,0
Reset only,259,False,False,False,packet_rejected,0
Reset only,260,False,False,False,packet_rejected,0
Reset only,261,False,False,False,packet_rejected,0
Reset only,262,False,False,False,packet_rejected,0
Reset only,263,False,False,False,packet_rejected,0
Reset only,264,False,False,False,packet_rejected,0
Reset only,265,False,False,False,packet_rejected,0
Reset only,266,False,False,False,packet_rejected,0
Reset only,267,False,False,False,packet_rejected,0
Reset only,268,False,False,False,packet_rejected,0
Reset only,269,False,False,False,packet_rejected,0
Reset only,270,False,False,False,packet_rejected,0
Reset only,271,False,False,False,packet_rejected,0
Reset only,272,False,False,False,packet_rejected,0
Reset only,273,False,False,False,packet_rejected,0
Reset only,274,False,False,False,packet_rejected,0
Reset only,275,False,False,False,packet_rejected,0
Reset only,276,False,False,False,packet_rejected,0
Reset only,277,False,False,False,packet_rejected,0
Reset only,278,False,False,False,packet_rejected,0
Reset only,279,False,False,False,packet_rejected,0
Reset only,280,False,False,False,packet_rejected,0
Reset only,281,False,False,False,packet_rejected,0
Reset only,282,False,False,False,packet_rejected,0
Reset only,283,False,False,False,packet_rejected,0
Reset only,284,False,False,False,packet_rejected,0
Reset only,285,False,False,False,packet_rejected,0
Reset only,286,False,False,False,packet_rejected,0
Reset only,287,False,False,False,packet_rejected,0
Reset only,288,False,False,False,packet_rejected,0
Reset only,289,False,False,False,packet_rejected,0
Reset only,290,False,False,False,packet_rejected,0
Reset only,291,False,False,False,packet_rejected,0
Reset only,292,False,False,False,packet_rejected,0
Reset only,293,False,False,False,packet_rejected,0
Reset only,294,False,False,False,packet_rejected,0
Reset only,295,False,False,False,packet_rejected,0
Reset only,296,False,False,False,packet_rejected,0
Reset only,297,False,False,False,packet_rejected,0
Reset only,298,False,False,False,packet_rejected,0
Reset only,299,False,False,False,packet_rejected,0
Reset only,300,False,False,False,packet_rejected,0
Reset only,301,False,False,False,packet_rejected,0
Reset only,302,False,False,False,packet_rejected,0
Reset only,303,False,False,False,packet_rejected,0
Reset only,304,False,False,False,packet_rejected,0
Reset only,305,False,False,False,packet_rejected,0
Reset only,306,False,False,False,packet_rejected,0
Reset only,307,False,False,False,packet_rejected,0
Reset only,308,False,False,False,packet_rejected,0
Reset only,309,False,False,False,packet_rejected,0
Reset only,310,False,False,False,packet_rejected,0
Reset only,311,False,False,False,packet_rejected,0
Reset only,312,False,False,False,packet_rejected,0
Reset only,313,False,False,False,packet_rejected,0
Reset only,314,False,False,False,packet_rejected,0
Reset only,315,False,False,False,packet_rejected,0
Reset only,316,False,False,False,packet_rejected,0
Reset only,317,False,False,False,packet_rejected,0
Reset only,318,False,False,False,packet_rejected,0
Reset only,319,False,False,False,packet_rejected,0
Reset only,320,False,False,False,packet_rejected,0
Reset only,321,False,False,False,packet_rejected,0
Reset only,322,False,False,False,packet_rejected,0
Reset only,323,False,False,False,packet_rejected,0
Reset only,324,False,False,False,packet_rejected,0
Reset only,325,False,False,False,packet_rejected,0
Reset only,326,False,False,False,packet_rejected,0
Reset only,327,False,False,False,packet_rejected,0
Reset only,328,False,False,False,packet_rejected,0
Reset only,329,False,False,False,packet_rejected,0
Reset only,330,False,False,False,packet_rejected,0
Reset only,331,False,False,False,packet_rejected,0
Reset only,332,False,False,False,packet_rejected,0
Reset only,333,False,False,False,packet_rejected,0
Reset only,334,False,False,False,packet_rejected,0
Reset only,335,False,False,False,packet_rejected,0
Reset only,336,False,False,False,packet_rejected,0
Reset only,337,False,False,False,packet_rejected,0
Reset only,338,False,False,False,packet_rejected,0
Reset only,339,False,False,False,packet_rejected,0
Reset only,340,False,False,False,packet_rejected,0
Reset only,341,False,False,False,packet_rejected,0
Reset only,342,False,False,False,packet_rejected,0
Reset only,343,False,False,False,packet_rejected,0
Reset only,344,False,False,False,packet_rejected,0
Reset only,345,False,False,False,packet_rejected,0
Reset only,346,False,False,False,packet_rejected,0
Reset only,347,False,False,False,packet_rejected,0
Reset only,348,False,False,False,packet_rejected,0
Reset only,349,False,False,False,packet_rejected,0
Reset only,350,False,False,False,packet_rejected,0
Reset only,351,False,False,False,packet_rejected,0
Reset only,352,False,False,False,packet_rejected,0
Reset only,353,False,False,False,packet_rejected,0
Reset only,354,False,False,False,packet_rejected,0
Reset only,355,False,False,False,packet_rejected,0
Reset only,356,False,False,False,packet_rejected,0
Reset only,357,False,False,False,packet_rejected,0
Reset only,358,False,False,False,packet_rejected,0
Reset only,359,False,False,False,packet_rejected,0
Reset only,360,False,False,False,packet_rejected,0
Reset only,361,False,False,False,packet_rejected,0
Reset only,362,False,False,False,packet_rejected,0
Reset only,363,False,False,False,packet_rejected,0
Reset only,364,False,False,False,packet_rejected,0
Reset only,365,False,False,False,packet_rejected,0
Reset only,366,False,False,False,packet_rejected,0
Reset only,367,False,False,False,packet_rejected,0
Reset only,368,False,False,False,packet_rejected,0
Reset only,369,False,False,False,packet_rejected,0
Reset only,370,False,False,False,packet_rejected,0
Reset only,371,False,False,False,packet_rejected,0
Reset only,372,False,False,False,packet_rejected,0
Reset only,373,False,False,False,packet_rejected,0
Reset only,374,False,False,False,packet_rejected,0
Reset only,375,False,False,False,packet_rejected,0
Reset only,376,False,False,False,packet_rejected,0
Reset only,377,False,False,False,packet_rejected,0
Reset only,378,False,False,False,packet_rejected,0
Reset only,379,False,False,False,packet_rejected,0
Reset only,380,False,False,False,packet_rejected,0
Reset only,381,False,False,False,packet_rejected,0
Reset only,382,False,False,False,packet_rejected,0
Reset only,383,False,False,False,packet_rejected,0
Reset only,384,False,False,False,packet_rejected,0
Reset only,385,False,False,False,packet_rejected,0
Reset only,386,False,False,False,packet_rejected,0
Reset only,387,False,False,False,packet_rejected,0
Reset only,388,False,False,False,packet_rejected,0
Reset only,389,False,False,False,packet_rejected,0
Reset only,390,False,False,False,packet_rejected,0
Reset only,391,False,False,False,packet_rejected,0
Reset only,392,False,False,False,packet_rejected,0
Reset only,393,False,False,False,packet_rejected,0
Reset only,394,False,False,False,packet_rejected,0
Reset only,395,False,False,False,packet_rejected,0
Reset only,396,False,False,False,packet_rejected,0
Reset only,397,False,False,False,packet_rejected,0
Reset only,398,False,False,False,packet_rejected,0
Reset only,399,False,False,False,packet_rejected,0
Reset only,400,False,False,False,packet_rejected,0
Reset only,401,False,False,False,packet_rejected,0
Reset only,402,False,False,False,packet_rejected,0
Reset only,403,False,False,False,packet_rejected,0
Reset only,404,False,False,False,packet_rejected,0
Reset only,405,False,False,False,packet_rejected,0
Reset only,406,False,False,False,packet_rejected,0
Reset only,407,False,False,False,packet_rejected,0
Reset only,408,False,False,False,packet_rejected,0
Reset only,409,False,False,False,packet_rejected,0
Reset only,410,False,False,False,packet_rejected,0
Reset only,411,False,False,False,packet_rejected,0
Reset only,412,False,False,False,packet_rejected,0
Reset only,413,False,False,False,packet_rejected,0
Reset only,414,False,False,False,packet_rejected,0
Reset only,415,False,False,False,packet_rejected,0
Reset only,416,False,False,False,packet_rejected,0
Reset only,417,False,False,False,packet_rejected,0
Reset only,418,False,False,False,packet_rejected,0
Reset only,419,False,False,False,packet_rejected,0
Reset only,420,False,False,False,packet_rejected,0
Reset only,421,False,False,False,packet_rejected,0
Reset only,422,False,False,False,packet_rejected,0
Reset only,423,False,False,False,packet_rejected,0
Reset only,424,False,False,False,packet_rejected,0
Reset only,425,False,False,False,packet_rejected,0
Reset only,426,False,False,False,packet_rejected,0
Reset only,427,False,False,False,packet_rejected,0
Reset only,428,False,False,False,packet_rejected,0
Reset only,429,False,False,False,packet_rejected,0
Reset only,430,False,False,False,packet_rejected,0
Reset only,431,False,False,False,packet_rejected,0
Reset only,432,False,False,False,packet_rejected,0
Reset only,433,False,False,False,packet_rejected,0
Reset only,434,False,False,False,packet_rejected,0
Reset only,435,False,False,False,packet_rejected,0
Reset only,436,False,False,False,packet_rejected,0
Reset only,437,False,False,False,packet_rejected,0
Reset only,438,False,False,False,packet_rejected,0
Reset only,439,False,False,False,packet_rejected,0
Reset only,440,False,False,False,packet_rejected,0
Reset only,441,False,False,False,packet_rejected,0
Reset only,442,False,False,False,packet_rejected,0
Reset only,443,False,False,False,packet_rejected,0
Reset only,444,False,False,False,packet_rejected,0
Reset only,445,False,False,False,packet_rejected,0
Reset only,446,False,False,False,packet_rejected,0
Reset only,447,False,False,False,packet_rejected,0
Reset only,448,False,False,False,packet_rejected,0
Reset only,449,False,False,False,packet_rejected,0
Reset only,450,False,False,False,packet_rejected,0
Reset only,451,False,False,False,packet_rejected,0
Reset only,452,False,False,False,packet_rejected,0
Reset only,453,False,False,False,packet_rejected,0
Reset only,454,False,False,False,packet_rejected,0
Reset only,455,False,False,False,packet_rejected,0
Reset only,456,False,False,False,packet_rejected,0
Reset only,457,False,False,False,packet_rejected,0
Reset only,458,False,False,False,packet_rejected,0
Reset only,459,False,False,False,packet_rejected,0
Reset only,460,False,False,False,packet_rejected,0
Reset only,461,False,False,False,packet_rejected,0
Reset only,462,False,False,False,packet_rejected,0
Reset only,463,False,False,False,packet_rejected,0
Reset only,464,False,False,False,packet_rejected,0
Reset only,465,False,False,False,packet_rejected,0
Reset only,466,False,False,False,packet_rejected,0
Reset only,467,False,False,False,packet_rejected,0
Reset only,468,False,False,False,packet_rejected,0
Reset only,469,False,False,False,packet_rejected,0
Reset only,470,False,False,False,packet_rejected,0
Reset only,471,False,False,False,packet_rejected,0
Reset only,472,False,False,False,packet_rejected,0
Reset only,473,False,False,False,packet_rejected,0
Reset only,474,False,False,False,packet_rejected,0
Reset only,475,False,False,False,packet_rejected,0
Reset only,476,False,False,False,packet_rejected,0
Reset only,477,False,False,False,packet_rejected,0
Reset only,478,False,False,False,packet_rejected,0
Reset only,479,False,False,False,packet_rejected,0
Reset only,480,False,False,False,packet_rejected,0
Reset only,481,False,False,False,packet_rejected,0
Reset only,482,False,False,False,packet_rejected,0
Reset only,483,False,False,False,packet_rejected,0
Reset only,484,False,False,False,packet_rejected,0
Reset only,485,False,False,False,packet_rejected,0
Reset only,486,False,False,False,packet_rejected,0
Reset only,487,False,False,False,packet_rejected,0
Reset only,488,False,False,False,packet_rejected,0
Reset only,489,False,False,False,packet_rejected,0
Reset only,490,False,False,False,packet_rejected,0
Reset only,491,False,False,False,packet_rejected,0
Reset only,492,False,False,False,packet_rejected,0
Reset only,493,False,False,False,packet_rejected,0
Reset only,494,False,False,False,packet_rejected,0
Reset only,495,False,False,False,packet_rejected,0
Reset only,496,False,False,False,packet_rejected,0
Reset only,497,False,False,False,packet_rejected,0
Reset only,498,False,False,False,packet_rejected,0
Reset only,499,False,False,False,packet_rejected,0
Reset only,500,False,False,False,packet_rejected,0
Reset only,501,False,False,False,packet_rejected,0
Reset only,502,False,False,False,packet_rejected,0
Reset only,503,False,False,False,packet_rejected,0
Reset only,504,False,False,False,packet_rejected,0
Reset only,505,False,False,False,packet_rejected,0
Reset only,506,False,False,False,packet_rejected,0
Reset only,507,False,False,False,packet_rejected,0
Reset only,508,False,False,False,packet_rejected,0
Reset only,509,False,False,False,packet_rejected,0
Reset only,510,False,False,False,packet_rejected,0
Reset only,511,False,False,False,packet_rejected,0
Reset only,512,False,False,False,packet_rejected,0
Reset only,513,False,False,False,packet_rejected,0
Reset only,514,False,False,False,packet_rejected,0
Reset only,515,False,False,False,packet_rejected,0
Reset only,516,False,False,False,packet_rejected,0
Reset only,517,False,False,False,packet_rejected,0
Reset only,518,False,False,False,packet_rejected,0
Reset only,519,False,False,False,packet_rejected,0
Reset only,520,False,False,False,packet_rejected,0
Reset only,521,False,False,False,packet_rejected,0
Reset only,522,False,False,False,packet_rejected,0
Reset only,523,False,False,False,packet_rejected,0
Reset only,524,False,False,False,packet_rejected,0
Reset only,525,False,False,False,packet_rejected,0
Reset only,526,False,False,False,packet_rejected,0
Reset only,527,False,False,False,packet_rejected,0
Reset only,528,False,False,False,packet_rejected,0
Reset only,529,False,False,False,packet_rejected,0
Reset only,530,False,False,False,packet_rejected,0
Reset only,531,False,False,False,packet_rejected,0
Reset only,532,False,False,False,packet_rejected,0
Reset only,533,False,False,False,packet_rejected,0
Reset only,534,False,False,False,packet_rejected,0
Reset only,535,False,False,False,packet_rejected,0
Reset only,536,False,False,False,packet_rejected,0
Reset only,537,False,False,False,packet_rejected,0
Reset only,538,False,False,False,packet_rejected,0
Reset only,539,False,False,False,packet_rejected,0
Reset only,540,False,False,False,packet_rejected,0
Reset only,541,False,False,False,packet_rejected,0
Reset only,542,False,False,False,packet_rejected,0
Reset only,543,False,False,False,packet_rejected,0
Reset only,544,False,False,False,packet_rejected,0
Reset only,545,False,False,False,packet_rejected,0
Reset only,546,False,False,False,packet_rejected,0
Reset only,547,False,False,False,packet_rejected,0
Reset only,548,False,False,False,packet_rejected,0
Reset only,549,False,False,False,packet_rejected,0
Reset only,550,False,False,False,packet_rejected,0
Reset only,551,False,False,False,packet_rejected,0
Reset only,552,False,False,False,packet_rejected,0
Reset only,553,False,False,False,packet_rejected,0
Reset only,554,False,False,False,packet_rejected,0
Reset only,555,False,False,False,packet_rejected,0
Reset only,556,False,False,False,packet_rejected,0
Reset only,557,False,False,False,packet_rejected,0
Reset only,558,False,False,False,packet_rejected,0
Reset only,559,False,False,False,packet_rejected,0
Reset only,560,False,False,False,packet_rejected,0
Reset only,561,False,False,False,packet_rejected,0
Reset only,562,False,False,False,packet_rejected,0
Reset only,563,False,False,False,packet_rejected,0
Reset only,564,False,False,False,packet_rejected,0
Reset only,565,False,False,False,packet_rejected,0
Reset only,566,False,False,False,packet_rejected,0
Reset only,567,False,False,False,packet_rejected,0
Reset only,568,False,False,False,packet_rejected,0
Reset only,569,False,False,False,packet_rejected,0
Reset only,570,False,False,False,packet_rejected,0
Reset only,571,False,False,False,packet_rejected,0
Reset only,572,False,False,False,packet_rejected,0
Reset only,573,False,False,False,packet_rejected,0
Reset only,574,False,False,False,packet_rejected,0
Reset only,575,False,False,False,packet_rejected,0
Reset only,576,False,False,False,packet_rejected,0
Reset only,577,False,False,False,packet_rejected,0
Reset only,578,False,False,False,packet_rejected,0
Reset only,579,False,False,False,packet_rejected,0
Reset only,580,False,False,False,packet_rejected,0
Reset only,581,False,False,False,packet_rejected,0
Reset only,582,False,False,False,packet_rejected,0
Reset only,583,False,False,False,packet_rejected,0
Reset only,584,False,False,False,packet_rejected,0
Reset only,585,False,False,False,packet_rejected,0
Reset only,586,False,False,False,packet_rejected,0
Reset only,587,False,False,False,packet_rejected,0
Reset only,588,False,False,False,packet_rejected,0
Reset only,589,False,False,False,packet_rejected,0
Reset only,590,False,False,False,packet_rejected,0
Reset only,591,False,False,False,packet_rejected,0
Reset only,592,False,False,False,packet_rejected,0
Reset only,593,False,False,False,packet_rejected,0
Reset only,594,False,False,False,packet_rejected,0
Reset only,595,False,False,False,packet_rejected,0
Reset only,596,False,False,False,packet_rejected,0
Reset only,597,False,False,False,packet_rejected,0
Reset only,598,False,False,False,packet_rejected,0
Reset only,599,False,False,False,packet_rejected,0
Reset only,600,False,False,False,packet_rejected,0
Reset only,601,False,False,False,packet_rejected,0
Reset only,602,False,False,False,packet_rejected,0
Reset only,603,False,False,False,packet_rejected,0
Reset only,604,False,False,False,packet_rejected,0
Reset only,605,False,False,False,packet_rejected,0
Reset only,606,False,False,False,packet_rejected,0
Reset only,607,False,False,False,packet_rejected,0
Reset only,608,False,False,False,packet_rejected,0
Reset only,609,False,False,False,packet_rejected,0
Reset only,610,False,False,False,packet_rejected,0
Reset only,611,False,False,False,packet_rejected,0
Reset only,612,False,False,False,packet_rejected,0
Reset only,613,False,False,False,packet_rejected,0
Reset only,614,False,False,False,packet_rejected,0
Reset only,615,False,False,False,packet_rejected,0
Reset only,616,False,False,False,packet_rejected,0
Reset only,617,False,False,False,packet_rejected,0
Reset only,618,False,False,False,packet_rejected,0
Reset only,619,False,False,False,packet_rejected,0
Reset only,620,False,False,False,packet_rejected,0
Reset only,621,False,False,False,packet_rejected,0
Reset only,622,False,False,False,packet_rejected,0
Reset only,623,False,False,False,packet_rejected,0
Reset only,624,False,False,False,packet_rejected,0
Reset only,625,False,False,False,packet_rejected,0
Reset only,626,False,False,False,packet_rejected,0
Reset only,627,False,False,False,packet_rejected,0
Reset only,628,False,False,False,packet_rejected,0
Reset only,629,False,False,False,packet_rejected,0
Reset only,630,False,False,False,packet_rejected,0
Reset only,631,False,False,False,packet_rejected,0
Reset only,632,False,False,False,packet_rejected,0
Reset only,633,False,False,False,packet_rejected,0
Reset only,634,False,False,False,packet_rejected,0
Reset only,635,False,False,False,packet_rejected,0
Reset only,636,False,False,False,packet_rejected,0
Reset only,637,False,False,False,packet_rejected,0
Reset only,638,False,False,False,packet_rejected,0
Reset only,639,False,False,False,packet_rejected,0
Reset only,640,False,False,False,packet_rejected,0
Reset only,641,False,False,False,packet_rejected,0
Reset only,642,False,False,False,packet_rejected,0
Reset only,643,False,False,False,packet_rejected,0
Reset only,644,False,False,False,packet_rejected,0
Reset only,645,False,False,False,packet_rejected,0
Reset only,646,False,False,False,packet_rejected,0
Reset only,647,False,False,False,packet_rejected,0
Reset only,648,False,False,False,packet_rejected,0
Reset only,649,False,False,False,packet_rejected,0
Reset only,650,False,False,False,packet_rejected,0
Reset only,651,False,False,False,packet_rejected,0
Reset only,652,False,False,False,packet_rejected,0
Reset only,653,False,False,False,packet_rejected,0
Reset only,654,False,False,False,packet_rejected,0
Reset only,655,False,False,False,packet_rejected,0
Reset only,656,False,False,False,packet_rejected,0
Reset only,657,False,False,False,packet_rejected,0
Reset only,658,False,False,False,packet_rejected,0
Reset only,659,False,False,False,packet_rejected,0
Reset only,660,False,False,False,packet_rejected,0
Reset only,661,False,False,False,packet_rejected,0
Reset only,662,False,False,False,packet_rejected,0
Reset only,663,False,False,False,packet_rejected,0
Reset only,664,False,False,False,packet_rejected,0
Reset only,665,False,False,False,packet_rejected,0
Reset only,666,False,False,False,packet_rejected,0
Reset only,667,False,False,False,packet_rejected,0
Reset only,668,False,False,False,packet_rejected,0
Reset only,669,False,False,False,packet_rejected,0
Reset only,670,False,False,False,packet_rejected,0
Reset only,671,False,False,False,packet_rejected,0
Reset only,672,False,False,False,packet_rejected,0
Reset only,673,False,False,False,packet_rejected,0
Reset only,674,False,False,False,packet_rejected,0
Reset only,675,False,False,False,packet_rejected,0
Reset only,676,False,False,False,packet_rejected,0
Reset only,677,False,False,False,packet_rejected,0
Reset only,678,False,False,False,packet_rejected,0
Reset only,679,False,False,False,packet_rejected,0
Reset only,680,False,False,False,packet_rejected,0
Reset only,681,False,False,False,packet_rejected,0
Reset only,682,False,False,False,packet_rejected,0
Reset only,683,False,False,False,packet_rejected,0
Reset only,684,False,False,False,packet_rejected,0
Reset only,685,False,False,False,packet_rejected,0
Reset only,686,False,False,False,packet_rejected,0
Reset only,687,False,False,False,packet_rejected,0
Reset only,688,False,False,False,packet_rejected,0
Reset only,689,False,False,False,packet_rejected,0
Reset only,690,False,False,False,packet_rejected,0
Reset only,691,False,False,False,packet_rejected,0
Reset only,692,False,False,False,packet_rejected,0
Reset only,693,False,False,False,packet_rejected,0
Reset only,694,False,False,False,packet_rejected,0
Reset only,695,False,False,False,packet_rejected,0
Reset only,696,False,False,False,packet_rejected,0
Reset only,697,False,False,False,packet_rejected,0
Reset only,698,False,False,False,packet_rejected,0
Reset only,699,False,False,False,packet_rejected,0
Reset only,700,False,False,False,packet_rejected,0
Reset only,701,False,False,False,packet_rejected,0
Reset only,702,False,False,False,packet_rejected,0
Reset only,703,False,False,False,packet_rejected,0
Reset only,704,False,False,False,packet_rejected,0
Reset only,705,False,False,False,packet_rejected,0
Reset only,706,False,False,False,packet_rejected,0
Reset only,707,False,False,False,packet_rejected,0
Reset only,708,False,False,False,packet_rejected,0
Reset only,709,False,False,False,packet_rejected,0
Reset only,710,False,False,False,packet_rejected,0
Reset only,711,False,False,False,packet_rejected,0
Reset only,712,False,False,False,packet_rejected,0
Reset only,713,False,False,False,packet_rejected,0
Reset only,714,False,False,False,packet_rejected,0
Reset only,715,False,False,False,packet_rejected,0
Reset only,716,False,False,False,packet_rejected,0
Reset only,717,False,False,False,packet_rejected,0
Reset only,718,False,False,False,packet_rejected,0
Reset only,719,False,False,False,packet_rejected,0
Reset only,720,False,False,False,packet_rejected,0
Reset only,721,False,False,False,packet_rejected,0
Reset only,722,False,False,False,packet_rejected,0
Reset only,723,False,False,False,packet_rejected,0
Reset only,724,False,False,False,packet_rejected,0
Reset only,725,False,False,False,packet_rejected,0
Reset only,726,False,False,False,packet_rejected,0
Reset only,727,False,False,False,packet_rejected,0
Reset only,728,False,False,False,packet_rejected,0
Reset only,729,False,False,False,packet_rejected,0
Reset only,730,False,False,False,packet_rejected,0
Reset only,731,False,False,False,packet_rejected,0
Reset only,732,False,False,False,packet_rejected,0
Reset only,733,False,False,False,packet_rejected,0
Reset only,734,False,False,False,packet_rejected,0
Reset only,735,False,False,False,packet_rejected,0
Reset only,736,False,False,False,packet_rejected,0
Reset only,737,False,False,False,packet_rejected,0
Reset only,738,False,False,False,packet_rejected,0
Reset only,739,False,False,False,packet_rejected,0
Reset only,740,False,False,False,packet_rejected,0
Reset only,741,False,False,False,packet_rejected,0
Reset only,742,False,False,False,packet_rejected,0
Reset only,743,False,False,False,packet_rejected,0
Reset only,744,False,False,False,packet_rejected,0
Reset only,745,False,False,False,packet_rejected,0
Reset only,746,False,False,False,packet_rejected,0
Reset only,747,False,False,False,packet_rejected,0
Reset only,748,False,False,False,packet_rejected,0
Reset only,749,False,False,False,packet_rejected,0
Reset only,750,False,False,False,packet_rejected,0
Reset only,751,False,False,False,packet_rejected,0
Reset only,752,False,False,False,packet_rejected,0
Reset only,753,False,False,False,packet_rejected,0
Reset only,754,False,False,False,packet_rejected,0
Reset only,755,False,False,False,packet_rejected,0
Reset only,756,False,False,False,packet_rejected,0
Reset only,757,False,False,False,packet_rejected,0
Reset only,758,False,False,False,packet_rejected,0
Reset only,759,False,False,False,packet_rejected,0
Reset only,760,False,False,False,packet_rejected,0
Reset only,761,False,False,False,packet_rejected,0
Reset only,762,False,False,False,packet_rejected,0
Reset only,763,False,False,False,packet_rejected,0
Reset only,764,False,False,False,packet_rejected,0
Reset only,765,False,False,False,packet_rejected,0
Reset only,766,False,False,False,packet_rejected,0
Reset only,767,False,False,False,packet_rejected,0
Reset only,768,False,False,False,packet_rejected,0
Reset only,769,False,False,False,packet_rejected,0
Reset only,770,False,False,False,packet_rejected,0
Reset only,771,False,False,False,packet_rejected,0
Reset only,772,False,False,False,packet_rejected,0
Reset only,773,False,False,False,packet_rejected,0
Reset only,774,False,False,False,packet_rejected,0
Reset only,775,False,False,False,packet_rejected,0
Reset only,776,False,False,False,packet_rejected,0
Reset only,777,False,False,False,packet_rejected,0
Reset only,778,False,False,False,packet_rejected,0
Reset only,779,False,False,False,packet_rejected,0
Reset only,780,False,False,False,packet_rejected,0
Reset only,781,False,False,False,packet_rejected,0
Reset only,782,False,False,False,packet_rejected,0
Reset only,783,False,False,False,packet_rejected,0
Reset only,784,False,False,False,packet_rejected,0
Reset only,785,False,False,False,packet_rejected,0
Reset only,786,False,False,False,packet_rejected,0
Reset only,787,False,False,False,packet_rejected,0
Reset only,788,False,False,False,packet_rejected,0
Reset only,789,False,False,False,packet_rejected,0
Reset only,790,False,False,False,packet_rejected,0
Reset only,791,False,False,False,packet_rejected,0
Reset only,792,False,False,False,packet_rejected,0
Reset only,793,False,False,False,packet_rejected,0
Reset only,794,False,False,False,packet_rejected,0
Reset only,795,False,False,False,packet_rejected,0
Reset only,796,False,False,False,packet_rejected,0
Reset only,797,False,False,False,packet_rejected,0
Reset only,798,False,False,False,packet_rejected,0
Reset only,799,False,False,False,packet_rejected,0
Reset only,800,False,False,False,packet_rejected,0
Reset only,801,False,False,False,packet_rejected,0
Reset only,802,False,False,False,packet_rejected,0
Reset only,803,False,False,False,packet_rejected,0
Reset only,804,False,False,False,packet_rejected,0
Reset only,805,False,False,False,packet_rejected,0
Reset only,806,False,False,False,packet_rejected,0
Reset only,807,False,False,False,packet_rejected,0
Reset only,808,False,False,False,packet_rejected,0
Reset only,809,False,False,False,packet_rejected,0
Reset only,810,False,False,False,packet_rejected,0
Reset only,811,False,False,False,packet_rejected,0
Reset only,812,False,False,False,packet_rejected,0
Reset only,813,False,False,False,packet_rejected,0
Reset only,814,False,False,False,packet_rejected,0
Reset only,815,False,False,False,packet_rejected,0
Reset only,816,False,False,False,packet_rejected,0
Reset only,817,False,False,False,packet_rejected,0
Reset only,818,False,False,False,packet_rejected,0
Reset only,819,False,False,False,packet_rejected,0
Reset only,820,False,False,False,packet_rejected,0
Reset only,821,False,False,False,packet_rejected,0
Reset only,822,False,False,False,packet_rejected,0
Reset only,823,False,False,False,packet_rejected,0
Reset only,824,False,False,False,packet_rejected,0
Reset only,825,False,False,False,packet_rejected,0
Reset only,826,False,False,False,packet_rejected,0
Reset only,827,False,False,False,packet_rejected,0
Reset only,828,False,False,False,packet_rejected,0
Reset only,829,False,False,False,packet_rejected,0
Reset only,830,False,False,False,packet_rejected,0
Reset only,831,False,False,False,packet_rejected,0
Reset only,832,False,False,False,packet_rejected,0
Reset only,833,False,False,False,packet_rejected,0
Reset only,834,False,False,False,packet_rejected,0
Reset only,835,False,False,False,packet_rejected,0
Reset only,836,False,False,False,packet_rejected,0
Reset only,837,False,False,False,packet_rejected,0
Reset only,838,False,False,False,packet_rejected,0
Reset only,839,False,False,False,packet_rejected,0
Reset only,840,False,False,False,packet_rejected,0
Reset only,841,False,False,False,packet_rejected,0
Reset only,842,False,False,False,packet_rejected,0
Reset only,843,False,False,False,packet_rejected,0
Reset only,844,False,False,False,packet_rejected,0
Reset only,845,False,False,False,packet_rejected,0
Reset only,846,False,False,False,packet_rejected,0
Reset only,847,False,False,False,packet_rejected,0
Reset only,848,False,False,False,packet_rejected,0
Reset only,849,False,False,False,packet_rejected,0
Reset only,850,False,False,False,packet_rejected,0
Reset only,851,False,False,False,packet_rejected,0
Reset only,852,False,False,False,packet_rejected,0
Reset only,853,False,False,False,packet_rejected,0
Reset only,854,False,False,False,packet_rejected,0
Reset only,855,False,False,False,packet_rejected,0
Reset only,856,False,False,False,packet_rejected,0
Reset only,857,False,False,False,packet_rejected,0
Reset only,858,False,False,False,packet_rejected,0
Reset only,859,False,False,False,packet_rejected,0
Reset only,860,False,False,False,packet_rejected,0
Reset only,861,False,False,False,packet_rejected,0
Reset only,862,False,False,False,packet_rejected,0
Reset only,863,False,False,False,packet_rejected,0
Reset only,864,False,False,False,packet_rejected,0
Reset only,865,False,False,False,packet_rejected,0
Reset only,866,False,False,False,packet_rejected,0
Reset only,867,False,False,False,packet_rejected,0
Reset only,868,False,False,False,packet_rejected,0
Reset only,869,False,False,False,packet_rejected,0
Reset only,870,False,False,False,packet_rejected,0
Reset only,871,False,False,False,packet_rejected,0
Reset only,872,False,False,False,packet_rejected,0
Reset only,873,False,False,False,packet_rejected,0
Reset only,874,False,False,False,packet_rejected,0
Reset only,875,False,False,False,packet_rejected,0
Reset only,876,False,False,False,packet_rejected,0
Reset only,877,False,False,False,packet_rejected,0
Reset only,878,False,False,False,packet_rejected,0
Reset only,879,False,False,False,packet_rejected,0
Reset only,880,False,False,False,packet_rejected,0
Reset only,881,False,False,False,packet_rejected,0
Reset only,882,False,False,False,packet_rejected,0
Reset only,883,False,False,False,packet_rejected,0
Reset only,884,False,False,False,packet_rejected,0
Reset only,885,False,False,False,packet_rejected,0
Reset only,886,False,False,False,packet_rejected,0
Reset only,887,False,False,False,packet_rejected,0
Reset only,888,False,False,False,packet_rejected,0
Reset only,889,False,False,False,packet_rejected,0
Reset only,890,False,False,False,packet_rejected,0
Reset only,891,False,False,False,packet_rejected,0
Reset only,892,False,False,False,packet_rejected,0
Reset only,893,False,False,False,packet_rejected,0
Reset only,894,False,False,False,packet_rejected,0
Reset only,895,False,False,False,packet_rejected,0
Reset only,896,False,False,False,packet_rejected,0
Reset only,897,False,False,False,packet_rejected,0
Reset only,898,False,False,False,packet_rejected,0
Reset only,899,False,False,False,packet_rejected,0
Reset only,900,False,False,False,packet_rejected,0
Reset only,901,False,False,False,packet_rejected,0
Reset only,902,False,False,False,packet_rejected,0
Reset only,903,False,False,False,packet_rejected,0
Reset only,904,False,False,False,packet_rejected,0
Reset only,905,False,False,False,packet_rejected,0
Reset only,906,False,False,False,packet_rejected,0
Reset only,907,False,False,False,packet_rejected,0
Reset only,908,False,False,False,packet_rejected,0
Reset only,909,False,False,False,packet_rejected,0
Reset only,910,False,False,False,packet_rejected,0
Reset only,911,False,False,False,packet_rejected,0
Reset only,912,False,False,False,packet_rejected,0
Reset only,913,False,False,False,packet_rejected,0
Reset only,914,False,False,False,packet_rejected,0
Reset only,915,False,False,False,packet_rejected,0
Reset only,916,False,False,False,packet_rejected,0
Reset only,917,False,False,False,packet_rejected,0
Reset only,918,False,False,False,packet_rejected,0
Reset only,919,False,False,False,packet_rejected,0
Reset only,920,False,False,False,packet_rejected,0
Reset only,921,False,False,False,packet_rejected,0
Reset only,922,False,False,False,packet_rejected,0
Reset only,923,False,False,False,packet_rejected,0
Reset only,924,False,False,False,packet_rejected,0
Reset only,925,False,False,False,packet_rejected,0
Reset only,926,False,False,False,packet_rejected,0
Reset only,927,False,False,False,packet_rejected,0
Reset only,928,False,False,False,packet_rejected,0
Reset only,929,False,False,False,packet_rejected,0
Reset only,930,False,False,False,packet_rejected,0
Reset only,931,False,False,False,packet_rejected,0
Reset only,932,False,False,False,packet_rejected,0
Reset only,933,False,False,False,packet_rejected,0
Reset only,934,False,False,False,packet_rejected,0
Reset only,935,False,False,False,packet_rejected,0
Reset only,936,False,False,False,packet_rejected,0
Reset only,937,False,False,False,packet_rejected,0
Reset only,938,False,False,False,packet_rejected,0
Reset only,939,False,False,False,packet_rejected,0
Reset only,940,False,False,False,packet_rejected,0
Reset only,941,False,False,False,packet_rejected,0
Reset only,942,False,False,False,packet_rejected,0
Reset only,943,False,False,False,packet_rejected,0
Reset only,944,False,False,False,packet_rejected,0
Reset only,945,False,False,False,packet_rejected,0
Reset only,946,False,False,False,packet_rejected,0
Reset only,947,False,False,False,packet_rejected,0
Reset only,948,False,False,False,packet_rejected,0
Reset only,949,False,False,False,packet_rejected,0
Reset only,950,False,False,False,packet_rejected,0
Reset only,951,False,False,False,packet_rejected,0
Reset only,952,False,False,False,packet_rejected,0
Reset only,953,False,False,False,packet_rejected,0
Reset only,954,False,False,False,packet_rejected,0
Reset only,955,False,False,False,packet_rejected,0
Reset only,956,False,False,False,packet_rejected,0
Reset only,957,False,False,False,packet_rejected,0
Reset only,958,False,False,False,packet_rejected,0
Reset only,959,False,False,False,packet_rejected,0
Reset only,960,False,False,False,packet_rejected,0
Reset only,961,False,False,False,packet_rejected,0
Reset only,962,False,False,False,packet_rejected,0
Reset only,963,False,False,False,packet_rejected,0
Reset only,964,False,False,False,packet_rejected,0
Reset only,965,False,False,False,packet_rejected,0
Reset only,966,False,False,False,packet_rejected,0
Reset only,967,False,False,False,packet_rejected,0
Reset only,968,False,False,False,packet_rejected,0
Reset only,969,False,False,False,packet_rejected,0
Reset only,970,False,False,False,packet_rejected,0
Reset only,971,False,False,False,packet_rejected,0
Reset only,972,False,False,False,packet_rejected,0
Reset only,973,False,False,False,packet_rejected,0
Reset only,974,False,False,False,packet_rejected,0
Reset only,975,False,False,False,packet_rejected,0
Reset only,976,False,False,False,packet_rejected,0
Reset only,977,False,False,False,packet_rejected,0
Reset only,978,False,False,False,packet_rejected,0
Reset only,979,False,False,False,packet_rejected,0
Reset only,980,False,False,False,packet_rejected,0
Reset only,981,False,False,False,packet_rejected,0
Reset only,982,False,False,False,packet_rejected,0
Reset only,983,False,False,False,packet_rejected,0
Reset only,984,False,False,False,packet_rejected,0
Reset only,985,False,False,False,packet_rejected,0
Reset only,986,False,False,False,packet_rejected,0
Reset only,987,False,False,False,packet_rejected,0
Reset only,988,False,False,False,packet_rejected,0
Reset only,989,False,False,False,packet_rejected,0
Reset only,990,False,False,False,packet_rejected,0
Reset only,991,False,False,False,packet_rejected,0
Reset only,992,False,False,False,packet_rejected,0
Reset only,993,False,False,False,packet_rejected,0
Reset only,994,False,False,False,packet_rejected,0
Reset only,995,False,False,False,packet_rejected,0
Reset only,996,False,False,False,packet_rejected,0
Reset only,997,False,False,False,packet_rejected,0
Reset only,998,False,False,False,packet_rejected,0
Reset only,999,False,False,False,packet_rejected,0
Reject optional only,0,False,False,False,handshake_rejected,0
Reject optional only,1,False,False,False,handshake_rejected,0
Reject optional only,2,False,False,False,handshake_rejected,0
Reject optional only,3,False,False,False,handshake_rejected,0
Reject optional only,4,False,False,False,handshake_rejected,0
Reject optional only,5,False,False,False,handshake_rejected,0
Reject optional only,6,False,False,False,handshake_rejected,0
Reject optional only,7,False,False,False,handshake_rejected,0
Reject optional only,8,False,False,False,handshake_rejected,0
Reject optional only,9,False,False,False,handshake_rejected,0
Reject optional only,10,False,False,False,handshake_rejected,0
Reject optional only,11,False,False,False,handshake_rejected,0
Reject optional only,12,False,False,False,handshake_rejected,0
Reject optional only,13,False,False,False,handshake_rejected,0
Reject optional only,14,False,False,False,handshake_rejected,0
Reject optional only,15,False,False,False,handshake_rejected,0
Reject optional only,16,False,False,False,handshake_rejected,0
Reject optional only,17,False,False,False,handshake_rejected,0
Reject optional only,18,False,False,False,handshake_rejected,0
Reject optional only,19,False,False,False,handshake_rejected,0
Reject optional only,20,False,False,False,handshake_rejected,0
Reject optional only,21,False,False,False,handshake_rejected,0
Reject optional only,22,False,False,False,handshake_rejected,0
Reject optional only,23,False,False,False,handshake_rejected,0
Reject optional only,24,False,False,False,handshake_rejected,0
Reject optional only,25,False,False,False,handshake_rejected,0
Reject optional only,26,False,False,False,handshake_rejected,0
Reject optional only,27,False,False,False,handshake_rejected,0
Reject optional only,28,False,False,False,handshake_rejected,0
Reject optional only,29,False,False,False,handshake_rejected,0
Reject optional only,30,False,False,False,handshake_rejected,0
Reject optional only,31,False,False,False,handshake_rejected,0
Reject optional only,32,False,False,False,handshake_rejected,0
Reject optional only,33,False,False,False,handshake_rejected,0
Reject optional only,34,False,False,False,handshake_rejected,0
Reject optional only,35,False,False,False,handshake_rejected,0
Reject optional only,36,False,False,False,handshake_rejected,0
Reject optional only,37,False,False,False,handshake_rejected,0
Reject optional only,38,False,False,False,handshake_rejected,0
Reject optional only,39,False,False,False,handshake_rejected,0
Reject optional only,40,False,False,False,handshake_rejected,0
Reject optional only,41,False,False,False,handshake_rejected,0
Reject optional only,42,False,False,False,handshake_rejected,0
Reject optional only,43,False,False,False,handshake_rejected,0
Reject optional only,44,False,False,False,handshake_rejected,0
Reject optional only,45,False,False,False,handshake_rejected,0
Reject optional only,46,False,False,False,handshake_rejected,0
Reject optional only,47,False,False,False,handshake_rejected,0
Reject optional only,48,False,False,False,handshake_rejected,0
Reject optional only,49,False,False,False,handshake_rejected,0
Reject optional only,50,False,False,False,handshake_rejected,0
Reject optional only,51,False,False,False,handshake_rejected,0
Reject optional only,52,False,False,False,handshake_rejected,0
Reject optional only,53,False,False,False,handshake_rejected,0
Reject optional only,54,False,False,False,handshake_rejected,0
Reject optional only,55,False,False,False,handshake_rejected,0
Reject optional only,56,False,False,False,handshake_rejected,0
Reject optional only,57,False,False,False,handshake_rejected,0
Reject optional only,58,False,False,False,handshake_rejected,0
Reject optional only,59,False,False,False,handshake_rejected,0
Reject optional only,60,False,False,False,handshake_rejected,0
Reject optional only,61,False,False,False,handshake_rejected,0
Reject optional only,62,False,False,False,handshake_rejected,0
Reject optional only,63,False,False,False,handshake_rejected,0
Reject optional only,64,False,False,False,handshake_rejected,0
Reject optional only,65,False,False,False,handshake_rejected,0
Reject optional only,66,False,False,False,handshake_rejected,0
Reject optional only,67,False,False,False,handshake_rejected,0
Reject optional only,68,False,False,False,handshake_rejected,0
Reject optional only,69,False,False,False,handshake_rejected,0
Reject optional only,70,False,False,False,handshake_rejected,0
Reject optional only,71,False,False,False,handshake_rejected,0
Reject optional only,72,False,False,False,handshake_rejected,0
Reject optional only,73,False,False,False,handshake_rejected,0
Reject optional only,74,False,False,False,handshake_rejected,0
Reject optional only,75,False,False,False,handshake_rejected,0
Reject optional only,76,False,False,False,handshake_rejected,0
Reject optional only,77,False,False,False,handshake_rejected,0
Reject optional only,78,False,False,False,handshake_rejected,0
Reject optional only,79,False,False,False,handshake_rejected,0
Reject optional only,80,False,False,False,handshake_rejected,0
Reject optional only,81,False,False,False,handshake_rejected,0
Reject optional only,82,False,False,False,handshake_rejected,0
Reject optional only,83,False,False,False,handshake_rejected,0
Reject optional only,84,False,False,False,handshake_rejected,0
Reject optional only,85,False,False,False,handshake_rejected,0
Reject optional only,86,False,False,False,handshake_rejected,0
Reject optional only,87,False,False,False,handshake_rejected,0
Reject optional only,88,False,False,False,handshake_rejected,0
Reject optional only,89,False,False,False,handshake_rejected,0
Reject optional only,90,False,False,False,handshake_rejected,0
Reject optional only,91,False,False,False,handshake_rejected,0
Reject optional only,92,False,False,False,handshake_rejected,0
Reject optional only,93,False,False,False,handshake_rejected,0
Reject optional only,94,False,False,False,handshake_rejected,0
Reject optional only,95,False,False,False,handshake_rejected,0
Reject optional only,96,False,False,False,handshake_rejected,0
Reject optional only,97,False,False,False,handshake_rejected,0
Reject optional only,98,False,False,False,handshake_rejected,0
Reject optional only,99,False,False,False,handshake_rejected,0
Reject optional only,100,False,False,False,handshake_rejected,0
Reject optional only,101,False,False,False,handshake_rejected,0
Reject optional only,102,False,False,False,handshake_rejected,0
Reject optional only,103,False,False,False,handshake_rejected,0
Reject optional only,104,False,False,False,handshake_rejected,0
Reject optional only,105,False,False,False,handshake_rejected,0
Reject optional only,106,False,False,False,handshake_rejected,0
Reject optional only,107,False,False,False,handshake_rejected,0
Reject optional only,108,False,False,False,handshake_rejected,0
Reject optional only,109,False,False,False,handshake_rejected,0
Reject optional only,110,False,False,False,handshake_rejected,0
Reject optional only,111,False,False,False,handshake_rejected,0
Reject optional only,112,False,False,False,handshake_rejected,0
Reject optional only,113,False,False,False,handshake_rejected,0
Reject optional only,114,False,False,False,handshake_rejected,0
Reject optional only,115,False,False,False,handshake_rejected,0
Reject optional only,116,False,False,False,handshake_rejected,0
Reject optional only,117,False,False,False,handshake_rejected,0
Reject optional only,118,False,False,False,handshake_rejected,0
Reject optional only,119,False,False,False,handshake_rejected,0
Reject optional only,120,False,False,False,handshake_rejected,0
Reject optional only,121,False,False,False,handshake_rejected,0
Reject optional only,122,False,False,False,handshake_rejected,0
Reject optional only,123,False,False,False,handshake_rejected,0
Reject optional only,124,False,False,False,handshake_rejected,0
Reject optional only,125,False,False,False,handshake_rejected,0
Reject optional only,126,False,False,False,handshake_rejected,0
Reject optional only,127,False,False,False,handshake_rejected,0
Reject optional only,128,False,False,False,handshake_rejected,0
Reject optional only,129,False,False,False,handshake_rejected,0
Reject optional only,130,False,False,False,handshake_rejected,0
Reject optional only,131,False,False,False,handshake_rejected,0
Reject optional only,132,False,False,False,handshake_rejected,0
Reject optional only,133,False,False,False,handshake_rejected,0
Reject optional only,134,False,False,False,handshake_rejected,0
Reject optional only,135,False,False,False,handshake_rejected,0
Reject optional only,136,False,False,False,handshake_rejected,0
Reject optional only,137,False,False,False,handshake_rejected,0
Reject optional only,138,False,False,False,handshake_rejected,0
Reject optional only,139,False,False,False,handshake_rejected,0
Reject optional only,140,False,False,False,handshake_rejected,0
Reject optional only,141,False,False,False,handshake_rejected,0
Reject optional only,142,False,False,False,handshake_rejected,0
Reject optional only,143,False,False,False,handshake_rejected,0
Reject optional only,144,False,False,False,handshake_rejected,0
Reject optional only,145,False,False,False,handshake_rejected,0
Reject optional only,146,False,False,False,handshake_rejected,0
Reject optional only,147,False,False,False,handshake_rejected,0
Reject optional only,148,False,False,False,handshake_rejected,0
Reject optional only,149,False,False,False,handshake_rejected,0
Reject optional only,150,False,False,False,handshake_rejected,0
Reject optional only,151,False,False,False,handshake_rejected,0
Reject optional only,152,False,False,False,handshake_rejected,0
Reject optional only,153,False,False,False,handshake_rejected,0
Reject optional only,154,False,False,False,handshake_rejected,0
Reject optional only,155,False,False,False,handshake_rejected,0
Reject optional only,156,False,False,False,handshake_rejected,0
Reject optional only,157,False,False,False,handshake_rejected,0
Reject optional only,158,False,False,False,handshake_rejected,0
Reject optional only,159,False,False,False,handshake_rejected,0
Reject optional only,160,False,False,False,handshake_rejected,0
Reject optional only,161,False,False,False,handshake_rejected,0
Reject optional only,162,False,False,False,handshake_rejected,0
Reject optional only,163,False,False,False,handshake_rejected,0
Reject optional only,164,False,False,False,handshake_rejected,0
Reject optional only,165,False,False,False,handshake_rejected,0
Reject optional only,166,False,False,False,handshake_rejected,0
Reject optional only,167,False,False,False,handshake_rejected,0
Reject optional only,168,False,False,False,handshake_rejected,0
Reject optional only,169,False,False,False,handshake_rejected,0
Reject optional only,170,False,False,False,handshake_rejected,0
Reject optional only,171,False,False,False,handshake_rejected,0
Reject optional only,172,False,False,False,handshake_rejected,0
Reject optional only,173,False,False,False,handshake_rejected,0
Reject optional only,174,False,False,False,handshake_rejected,0
Reject optional only,175,False,False,False,handshake_rejected,0
Reject optional only,176,False,False,False,handshake_rejected,0
Reject optional only,177,False,False,False,handshake_rejected,0
Reject optional only,178,False,False,False,handshake_rejected,0
Reject optional only,179,False,False,False,handshake_rejected,0
Reject optional only,180,False,False,False,handshake_rejected,0
Reject optional only,181,False,False,False,handshake_rejected,0
Reject optional only,182,False,False,False,handshake_rejected,0
Reject optional only,183,False,False,False,handshake_rejected,0
Reject optional only,184,False,False,False,handshake_rejected,0
Reject optional only,185,False,False,False,handshake_rejected,0
Reject optional only,186,False,False,False,handshake_rejected,0
Reject optional only,187,False,False,False,handshake_rejected,0
Reject optional only,188,False,False,False,handshake_rejected,0
Reject optional only,189,False,False,False,handshake_rejected,0
Reject optional only,190,False,False,False,handshake_rejected,0
Reject optional only,191,False,False,False,handshake_rejected,0
Reject optional only,192,False,False,False,handshake_rejected,0
Reject optional only,193,False,False,False,handshake_rejected,0
Reject optional only,194,False,False,False,handshake_rejected,0
Reject optional only,195,False,False,False,handshake_rejected,0
Reject optional only,196,False,False,False,handshake_rejected,0
Reject optional only,197,False,False,False,handshake_rejected,0
Reject optional only,198,False,False,False,handshake_rejected,0
Reject optional only,199,False,False,False,handshake_rejected,0
Reject optional only,200,False,False,False,handshake_rejected,0
Reject optional only,201,False,False,False,handshake_rejected,0
Reject optional only,202,False,False,False,handshake_rejected,0
Reject optional only,203,False,False,False,handshake_rejected,0
Reject optional only,204,False,False,False,handshake_rejected,0
Reject optional only,205,False,False,False,handshake_rejected,0
Reject optional only,206,False,False,False,handshake_rejected,0
Reject optional only,207,False,False,False,handshake_rejected,0
Reject optional only,208,False,False,False,handshake_rejected,0
Reject optional only,209,False,False,False,handshake_rejected,0
Reject optional only,210,False,False,False,handshake_rejected,0
Reject optional only,211,False,False,False,handshake_rejected,0
Reject optional only,212,False,False,False,handshake_rejected,0
Reject optional only,213,False,False,False,handshake_rejected,0
Reject optional only,214,False,False,False,handshake_rejected,0
Reject optional only,215,False,False,False,handshake_rejected,0
Reject optional only,216,False,False,False,handshake_rejected,0
Reject optional only,217,False,False,False,handshake_rejected,0
Reject optional only,218,False,False,False,handshake_rejected,0
Reject optional only,219,False,False,False,handshake_rejected,0
Reject optional only,220,False,False,False,handshake_rejected,0
Reject optional only,221,False,False,False,handshake_rejected,0
Reject optional only,222,False,False,False,handshake_rejected,0
Reject optional only,223,False,False,False,handshake_rejected,0
Reject optional only,224,False,False,False,handshake_rejected,0
Reject optional only,225,False,False,False,handshake_rejected,0
Reject optional only,226,False,False,False,handshake_rejected,0
Reject optional only,227,False,False,False,handshake_rejected,0
Reject optional only,228,False,False,False,handshake_rejected,0
Reject optional only,229,False,False,False,handshake_rejected,0
Reject optional only,230,False,False,False,handshake_rejected,0
Reject optional only,231,False,False,False,handshake_rejected,0
Reject optional only,232,False,False,False,handshake_rejected,0
Reject optional only,233,False,False,False,handshake_rejected,0
Reject optional only,234,False,False,False,handshake_rejected,0
Reject optional only,235,False,False,False,handshake_rejected,0
Reject optional only,236,False,False,False,handshake_rejected,0
Reject optional only,237,False,False,False,handshake_rejected,0
Reject optional only,238,False,False,False,handshake_rejected,0
Reject optional only,239,False,False,False,handshake_rejected,0
Reject optional only,240,False,False,False,handshake_rejected,0
Reject optional only,241,False,False,False,handshake_rejected,0
Reject optional only,242,False,False,False,handshake_rejected,0
Reject optional only,243,False,False,False,handshake_rejected,0
Reject optional only,244,False,False,False,handshake_rejected,0
Reject optional only,245,False,False,False,handshake_rejected,0
Reject optional only,246,False,False,False,handshake_rejected,0
Reject optional only,247,False,False,False,handshake_rejected,0
Reject optional only,248,False,False,False,handshake_rejected,0
Reject optional only,249,False,False,False,handshake_rejected,0
Reject optional only,250,False,False,False,handshake_rejected,0
Reject optional only,251,False,False,False,handshake_rejected,0
Reject optional only,252,False,False,False,handshake_rejected,0
Reject optional only,253,False,False,False,handshake_rejected,0
Reject optional only,254,False,False,False,handshake_rejected,0
Reject optional only,255,False,False,False,handshake_rejected,0
Reject optional only,256,False,False,False,handshake_rejected,0
Reject optional only,257,False,False,False,handshake_rejected,0
Reject optional only,258,False,False,False,handshake_rejected,0
Reject optional only,259,False,False,False,handshake_rejected,0
Reject optional only,260,False,False,False,handshake_rejected,0
Reject optional only,261,False,False,False,handshake_rejected,0
Reject optional only,262,False,False,False,handshake_rejected,0
Reject optional only,263,False,False,False,handshake_rejected,0
Reject optional only,264,False,False,False,handshake_rejected,0
Reject optional only,265,False,False,False,handshake_rejected,0
Reject optional only,266,False,False,False,handshake_rejected,0
Reject optional only,267,False,False,False,handshake_rejected,0
Reject optional only,268,False,False,False,handshake_rejected,0
Reject optional only,269,False,False,False,handshake_rejected,0
Reject optional only,270,False,False,False,handshake_rejected,0
Reject optional only,271,False,False,False,handshake_rejected,0
Reject optional only,272,False,False,False,handshake_rejected,0
Reject optional only,273,False,False,False,handshake_rejected,0
Reject optional only,274,False,False,False,handshake_rejected,0
Reject optional only,275,False,False,False,handshake_rejected,0
Reject optional only,276,False,False,False,handshake_rejected,0
Reject optional only,277,False,False,False,handshake_rejected,0
Reject optional only,278,False,False,False,handshake_rejected,0
Reject optional only,279,False,False,False,handshake_rejected,0
Reject optional only,280,False,False,False,handshake_rejected,0
Reject optional only,281,False,False,False,handshake_rejected,0
Reject optional only,282,False,False,False,handshake_rejected,0
Reject optional only,283,False,False,False,handshake_rejected,0
Reject optional only,284,False,False,False,handshake_rejected,0
Reject optional only,285,False,False,False,handshake_rejected,0
Reject optional only,286,False,False,False,handshake_rejected,0
Reject optional only,287,False,False,False,handshake_rejected,0
Reject optional only,288,False,False,False,handshake_rejected,0
Reject optional only,289,False,False,False,handshake_rejected,0
Reject optional only,290,False,False,False,handshake_rejected,0
Reject optional only,291,False,False,False,handshake_rejected,0
Reject optional only,292,False,False,False,handshake_rejected,0
Reject optional only,293,False,False,False,handshake_rejected,0
Reject optional only,294,False,False,False,handshake_rejected,0
Reject optional only,295,False,False,False,handshake_rejected,0
Reject optional only,296,False,False,False,handshake_rejected,0
Reject optional only,297,False,False,False,handshake_rejected,0
Reject optional only,298,False,False,False,handshake_rejected,0
Reject optional only,299,False,False,False,handshake_rejected,0
Reject optional only,300,False,False,False,handshake_rejected,0
Reject optional only,301,False,False,False,handshake_rejected,0
Reject optional only,302,False,False,False,handshake_rejected,0
Reject optional only,303,False,False,False,handshake_rejected,0
Reject optional only,304,False,False,False,handshake_rejected,0
Reject optional only,305,False,False,False,handshake_rejected,0
Reject optional only,306,False,False,False,handshake_rejected,0
Reject optional only,307,False,False,False,handshake_rejected,0
Reject optional only,308,False,False,False,handshake_rejected,0
Reject optional only,309,False,False,False,handshake_rejected,0
Reject optional only,310,False,False,False,handshake_rejected,0
Reject optional only,311,False,False,False,handshake_rejected,0
Reject optional only,312,False,False,False,handshake_rejected,0
Reject optional only,313,False,False,False,handshake_rejected,0
Reject optional only,314,False,False,False,handshake_rejected,0
Reject optional only,315,False,False,False,handshake_rejected,0
Reject optional only,316,False,False,False,handshake_rejected,0
Reject optional only,317,False,False,False,handshake_rejected,0
Reject optional only,318,False,False,False,handshake_rejected,0
Reject optional only,319,False,False,False,handshake_rejected,0
Reject optional only,320,False,False,False,handshake_rejected,0
Reject optional only,321,False,False,False,handshake_rejected,0
Reject optional only,322,False,False,False,handshake_rejected,0
Reject optional only,323,False,False,False,handshake_rejected,0
Reject optional only,324,False,False,False,handshake_rejected,0
Reject optional only,325,False,False,False,handshake_rejected,0
Reject optional only,326,False,False,False,handshake_rejected,0
Reject optional only,327,False,False,False,handshake_rejected,0
Reject optional only,328,False,False,False,handshake_rejected,0
Reject optional only,329,False,False,False,handshake_rejected,0
Reject optional only,330,False,False,False,handshake_rejected,0
Reject optional only,331,False,False,False,handshake_rejected,0
Reject optional only,332,False,False,False,handshake_rejected,0
Reject optional only,333,False,False,False,handshake_rejected,0
Reject optional only,334,False,False,False,handshake_rejected,0
Reject optional only,335,False,False,False,handshake_rejected,0
Reject optional only,336,False,False,False,handshake_rejected,0
Reject optional only,337,False,False,False,handshake_rejected,0
Reject optional only,338,False,False,False,handshake_rejected,0
Reject optional only,339,False,False,False,handshake_rejected,0
Reject optional only,340,False,False,False,handshake_rejected,0
Reject optional only,341,False,False,False,handshake_rejected,0
Reject optional only,342,False,False,False,handshake_rejected,0
Reject optional only,343,False,False,False,handshake_rejected,0
Reject optional only,344,False,False,False,handshake_rejected,0
Reject optional only,345,False,False,False,handshake_rejected,0
Reject optional only,346,False,False,False,handshake_rejected,0
Reject optional only,347,False,False,False,handshake_rejected,0
Reject optional only,348,False,False,False,handshake_rejected,0
Reject optional only,349,False,False,False,handshake_rejected,0
Reject optional only,350,False,False,False,handshake_rejected,0
Reject optional only,351,False,False,False,handshake_rejected,0
Reject optional only,352,False,False,False,handshake_rejected,0
Reject optional only,353,False,False,False,handshake_rejected,0
Reject optional only,354,False,False,False,handshake_rejected,0
Reject optional only,355,False,False,False,handshake_rejected,0
Reject optional only,356,False,False,False,handshake_rejected,0
Reject optional only,357,False,False,False,handshake_rejected,0
Reject optional only,358,False,False,False,handshake_rejected,0
Reject optional only,359,False,False,False,handshake_rejected,0
Reject optional only,360,False,False,False,handshake_rejected,0
Reject optional only,361,False,False,False,handshake_rejected,0
Reject optional only,362,False,False,False,handshake_rejected,0
Reject optional only,363,False,False,False,handshake_rejected,0
Reject optional only,364,False,False,False,handshake_rejected,0
Reject optional only,365,False,False,False,handshake_rejected,0
Reject optional only,366,False,False,False,handshake_rejected,0
Reject optional only,367,False,False,False,handshake_rejected,0
Reject optional only,368,False,False,False,handshake_rejected,0
Reject optional only,369,False,False,False,handshake_rejected,0
Reject optional only,370,False,False,False,handshake_rejected,0
Reject optional only,371,False,False,False,handshake_rejected,0
Reject optional only,372,False,False,False,handshake_rejected,0
Reject optional only,373,False,False,False,handshake_rejected,0
Reject optional only,374,False,False,False,handshake_rejected,0
Reject optional only,375,False,False,False,handshake_rejected,0
Reject optional only,376,False,False,False,handshake_rejected,0
Reject optional only,377,False,False,False,handshake_rejected,0
Reject optional only,378,False,False,False,handshake_rejected,0
Reject optional only,379,False,False,False,handshake_rejected,0
Reject optional only,380,False,False,False,handshake_rejected,0
Reject optional only,381,False,False,False,handshake_rejected,0
Reject optional only,382,False,False,False,handshake_rejected,0
Reject optional only,383,False,False,False,handshake_rejected,0
Reject optional only,384,False,False,False,handshake_rejected,0
Reject optional only,385,False,False,False,handshake_rejected,0
Reject optional only,386,False,False,False,handshake_rejected,0
Reject optional only,387,False,False,False,handshake_rejected,0
Reject optional only,388,False,False,False,handshake_rejected,0
Reject optional only,389,False,False,False,handshake_rejected,0
Reject optional only,390,False,False,False,handshake_rejected,0
Reject optional only,391,False,False,False,handshake_rejected,0
Reject optional only,392,False,False,False,handshake_rejected,0
Reject optional only,393,False,False,False,handshake_rejected,0
Reject optional only,394,False,False,False,handshake_rejected,0
Reject optional only,395,False,False,False,handshake_rejected,0
Reject optional only,396,False,False,False,handshake_rejected,0
Reject optional only,397,False,False,False,handshake_rejected,0
Reject optional only,398,False,False,False,handshake_rejected,0
Reject optional only,399,False,False,False,handshake_rejected,0
Reject optional only,400,False,False,False,handshake_rejected,0
Reject optional only,401,False,False,False,handshake_rejected,0
Reject optional only,402,False,False,False,handshake_rejected,0
Reject optional only,403,False,False,False,handshake_rejected,0
Reject optional only,404,False,False,False,handshake_rejected,0
Reject optional only,405,False,False,False,handshake_rejected,0
Reject optional only,406,False,False,False,handshake_rejected,0
Reject optional only,407,False,False,False,handshake_rejected,0
Reject optional only,408,False,False,False,handshake_rejected,0
Reject optional only,409,False,False,False,handshake_rejected,0
Reject optional only,410,False,False,False,handshake_rejected,0
Reject optional only,411,False,False,False,handshake_rejected,0
Reject optional only,412,False,False,False,handshake_rejected,0
Reject optional only,413,False,False,False,handshake_rejected,0
Reject optional only,414,False,False,False,handshake_rejected,0
Reject optional only,415,False,False,False,handshake_rejected,0
Reject optional only,416,False,False,False,handshake_rejected,0
Reject optional only,417,False,False,False,handshake_rejected,0
Reject optional only,418,False,False,False,handshake_rejected,0
Reject optional only,419,False,False,False,handshake_rejected,0
Reject optional only,420,False,False,False,handshake_rejected,0
Reject optional only,421,False,False,False,handshake_rejected,0
Reject optional only,422,False,False,False,handshake_rejected,0
Reject optional only,423,False,False,False,handshake_rejected,0
Reject optional only,424,False,False,False,handshake_rejected,0
Reject optional only,425,False,False,False,handshake_rejected,0
Reject optional only,426,False,False,False,handshake_rejected,0
Reject optional only,427,False,False,False,handshake_rejected,0
Reject optional only,428,False,False,False,handshake_rejected,0
Reject optional only,429,False,False,False,handshake_rejected,0
Reject optional only,430,False,False,False,handshake_rejected,0
Reject optional only,431,False,False,False,handshake_rejected,0
Reject optional only,432,False,False,False,handshake_rejected,0
Reject optional only,433,False,False,False,handshake_rejected,0
Reject optional only,434,False,False,False,handshake_rejected,0
Reject optional only,435,False,False,False,handshake_rejected,0
Reject optional only,436,False,False,False,handshake_rejected,0
Reject optional only,437,False,False,False,handshake_rejected,0
Reject optional only,438,False,False,False,handshake_rejected,0
Reject optional only,439,False,False,False,handshake_rejected,0
Reject optional only,440,False,False,False,handshake_rejected,0
Reject optional only,441,False,False,False,handshake_rejected,0
Reject optional only,442,False,False,False,handshake_rejected,0
Reject optional only,443,False,False,False,handshake_rejected,0
Reject optional only,444,False,False,False,handshake_rejected,0
Reject optional only,445,False,False,False,handshake_rejected,0
Reject optional only,446,False,False,False,handshake_rejected,0
Reject optional only,447,False,False,False,handshake_rejected,0
Reject optional only,448,False,False,False,handshake_rejected,0
Reject optional only,449,False,False,False,handshake_rejected,0
Reject optional only,450,False,False,False,handshake_rejected,0
Reject optional only,451,False,False,False,handshake_rejected,0
Reject optional only,452,False,False,False,handshake_rejected,0
Reject optional only,453,False,False,False,handshake_rejected,0
Reject optional only,454,False,False,False,handshake_rejected,0
Reject optional only,455,False,False,False,handshake_rejected,0
Reject optional only,456,False,False,False,handshake_rejected,0
Reject optional only,457,False,False,False,handshake_rejected,0
Reject optional only,458,False,False,False,handshake_rejected,0
Reject optional only,459,False,False,False,handshake_rejected,0
Reject optional only,460,False,False,False,handshake_rejected,0
Reject optional only,461,False,False,False,handshake_rejected,0
Reject optional only,462,False,False,False,handshake_rejected,0
Reject optional only,463,False,False,False,handshake_rejected,0
Reject optional only,464,False,False,False,handshake_rejected,0
Reject optional only,465,False,False,False,handshake_rejected,0
Reject optional only,466,False,False,False,handshake_rejected,0
Reject optional only,467,False,False,False,handshake_rejected,0
Reject optional only,468,False,False,False,handshake_rejected,0
Reject optional only,469,False,False,False,handshake_rejected,0
Reject optional only,470,False,False,False,handshake_rejected,0
Reject optional only,471,False,False,False,handshake_rejected,0
Reject optional only,472,False,False,False,handshake_rejected,0
Reject optional only,473,False,False,False,handshake_rejected,0
Reject optional only,474,False,False,False,handshake_rejected,0
Reject optional only,475,False,False,False,handshake_rejected,0
Reject optional only,476,False,False,False,handshake_rejected,0
Reject optional only,477,False,False,False,handshake_rejected,0
Reject optional only,478,False,False,False,handshake_rejected,0
Reject optional only,479,False,False,False,handshake_rejected,0
Reject optional only,480,False,False,False,handshake_rejected,0
Reject optional only,481,False,False,False,handshake_rejected,0
Reject optional only,482,False,False,False,handshake_rejected,0
Reject optional only,483,False,False,False,handshake_rejected,0
Reject optional only,484,False,False,False,handshake_rejected,0
Reject optional only,485,False,False,False,handshake_rejected,0
Reject optional only,486,False,False,False,handshake_rejected,0
Reject optional only,487,False,False,False,handshake_rejected,0
Reject optional only,488,False,False,False,handshake_rejected,0
Reject optional only,489,False,False,False,handshake_rejected,0
Reject optional only,490,False,False,False,handshake_rejected,0
Reject optional only,491,False,False,False,handshake_rejected,0
Reject optional only,492,False,False,False,handshake_rejected,0
Reject optional only,493,False,False,False,handshake_rejected,0
Reject optional only,494,False,False,False,handshake_rejected,0
Reject optional only,495,False,False,False,handshake_rejected,0
Reject optional only,496,False,False,False,handshake_rejected,0
Reject optional only,497,False,False,False,handshake_rejected,0
Reject optional only,498,False,False,False,handshake_rejected,0
Reject optional only,499,False,False,False,handshake_rejected,0
Reject optional only,500,False,False,False,handshake_rejected,0
Reject optional only,501,False,False,False,handshake_rejected,0
Reject optional only,502,False,False,False,handshake_rejected,0
Reject optional only,503,False,False,False,handshake_rejected,0
Reject optional only,504,False,False,False,handshake_rejected,0
Reject optional only,505,False,False,False,handshake_rejected,0
Reject optional only,506,False,False,False,handshake_rejected,0
Reject optional only,507,False,False,False,handshake_rejected,0
Reject optional only,508,False,False,False,handshake_rejected,0
Reject optional only,509,False,False,False,handshake_rejected,0
Reject optional only,510,False,False,False,handshake_rejected,0
Reject optional only,511,False,False,False,handshake_rejected,0
Reject optional only,512,False,False,False,handshake_rejected,0
Reject optional only,513,False,False,False,handshake_rejected,0
Reject optional only,514,False,False,False,handshake_rejected,0
Reject optional only,515,False,False,False,handshake_rejected,0
Reject optional only,516,False,False,False,handshake_rejected,0
Reject optional only,517,False,False,False,handshake_rejected,0
Reject optional only,518,False,False,False,handshake_rejected,0
Reject optional only,519,False,False,False,handshake_rejected,0
Reject optional only,520,False,False,False,handshake_rejected,0
Reject optional only,521,False,False,False,handshake_rejected,0
Reject optional only,522,False,False,False,handshake_rejected,0
Reject optional only,523,False,False,False,handshake_rejected,0
Reject optional only,524,False,False,False,handshake_rejected,0
Reject optional only,525,False,False,False,handshake_rejected,0
Reject optional only,526,False,False,False,handshake_rejected,0
Reject optional only,527,False,False,False,handshake_rejected,0
Reject optional only,528,False,False,False,handshake_rejected,0
Reject optional only,529,False,False,False,handshake_rejected,0
Reject optional only,530,False,False,False,handshake_rejected,0
Reject optional only,531,False,False,False,handshake_rejected,0
Reject optional only,532,False,False,False,handshake_rejected,0
Reject optional only,533,False,False,False,handshake_rejected,0
Reject optional only,534,False,False,False,handshake_rejected,0
Reject optional only,535,False,False,False,handshake_rejected,0
Reject optional only,536,False,False,False,handshake_rejected,0
Reject optional only,537,False,False,False,handshake_rejected,0
Reject optional only,538,False,False,False,handshake_rejected,0
Reject optional only,539,False,False,False,handshake_rejected,0
Reject optional only,540,False,False,False,handshake_rejected,0
Reject optional only,541,False,False,False,handshake_rejected,0
Reject optional only,542,False,False,False,handshake_rejected,0
Reject optional only,543,False,False,False,handshake_rejected,0
Reject optional only,544,False,False,False,handshake_rejected,0
Reject optional only,545,False,False,False,handshake_rejected,0
Reject optional only,546,False,False,False,handshake_rejected,0
Reject optional only,547,False,False,False,handshake_rejected,0
Reject optional only,548,False,False,False,handshake_rejected,0
Reject optional only,549,False,False,False,handshake_rejected,0
Reject optional only,550,False,False,False,handshake_rejected,0
Reject optional only,551,False,False,False,handshake_rejected,0
Reject optional only,552,False,False,False,handshake_rejected,0
Reject optional only,553,False,False,False,handshake_rejected,0
Reject optional only,554,False,False,False,handshake_rejected,0
Reject optional only,555,False,False,False,handshake_rejected,0
Reject optional only,556,False,False,False,handshake_rejected,0
Reject optional only,557,False,False,False,handshake_rejected,0
Reject optional only,558,False,False,False,handshake_rejected,0
Reject optional only,559,False,False,False,handshake_rejected,0
Reject optional only,560,False,False,False,handshake_rejected,0
Reject optional only,561,False,False,False,handshake_rejected,0
Reject optional only,562,False,False,False,handshake_rejected,0
Reject optional only,563,False,False,False,handshake_rejected,0
Reject optional only,564,False,False,False,handshake_rejected,0
Reject optional only,565,False,False,False,handshake_rejected,0
Reject optional only,566,False,False,False,handshake_rejected,0
Reject optional only,567,False,False,False,handshake_rejected,0
Reject optional only,568,False,False,False,handshake_rejected,0
Reject optional only,569,False,False,False,handshake_rejected,0
Reject optional only,570,False,False,False,handshake_rejected,0
Reject optional only,571,False,False,False,handshake_rejected,0
Reject optional only,572,False,False,False,handshake_rejected,0
Reject optional only,573,False,False,False,handshake_rejected,0
Reject optional only,574,False,False,False,handshake_rejected,0
Reject optional only,575,False,False,False,handshake_rejected,0
Reject optional only,576,False,False,False,handshake_rejected,0
Reject optional only,577,False,False,False,handshake_rejected,0
Reject optional only,578,False,False,False,handshake_rejected,0
Reject optional only,579,False,False,False,handshake_rejected,0
Reject optional only,580,False,False,False,handshake_rejected,0
Reject optional only,581,False,False,False,handshake_rejected,0
Reject optional only,582,False,False,False,handshake_rejected,0
Reject optional only,583,False,False,False,handshake_rejected,0
Reject optional only,584,False,False,False,handshake_rejected,0
Reject optional only,585,False,False,False,handshake_rejected,0
Reject optional only,586,False,False,False,handshake_rejected,0
Reject optional only,587,False,False,False,handshake_rejected,0
Reject optional only,588,False,False,False,handshake_rejected,0
Reject optional only,589,False,False,False,handshake_rejected,0
Reject optional only,590,False,False,False,handshake_rejected,0
Reject optional only,591,False,False,False,handshake_rejected,0
Reject optional only,592,False,False,False,handshake_rejected,0
Reject optional only,593,False,False,False,handshake_rejected,0
Reject optional only,594,False,False,False,handshake_rejected,0
Reject optional only,595,False,False,False,handshake_rejected,0
Reject optional only,596,False,False,False,handshake_rejected,0
Reject optional only,597,False,False,False,handshake_rejected,0
Reject optional only,598,False,False,False,handshake_rejected,0
Reject optional only,599,False,False,False,handshake_rejected,0
Reject optional only,600,False,False,False,handshake_rejected,0
Reject optional only,601,False,False,False,handshake_rejected,0
Reject optional only,602,False,False,False,handshake_rejected,0
Reject optional only,603,False,False,False,handshake_rejected,0
Reject optional only,604,False,False,False,handshake_rejected,0
Reject optional only,605,False,False,False,handshake_rejected,0
Reject optional only,606,False,False,False,handshake_rejected,0
Reject optional only,607,False,False,False,handshake_rejected,0
Reject optional only,608,False,False,False,handshake_rejected,0
Reject optional only,609,False,False,False,handshake_rejected,0
Reject optional only,610,False,False,False,handshake_rejected,0
Reject optional only,611,False,False,False,handshake_rejected,0
Reject optional only,612,False,False,False,handshake_rejected,0
Reject optional only,613,False,False,False,handshake_rejected,0
Reject optional only,614,False,False,False,handshake_rejected,0
Reject optional only,615,False,False,False,handshake_rejected,0
Reject optional only,616,False,False,False,handshake_rejected,0
Reject optional only,617,False,False,False,handshake_rejected,0
Reject optional only,618,False,False,False,handshake_rejected,0
Reject optional only,619,False,False,False,handshake_rejected,0
Reject optional only,620,False,False,False,handshake_rejected,0
Reject optional only,621,False,False,False,handshake_rejected,0
Reject optional only,622,False,False,False,handshake_rejected,0
Reject optional only,623,False,False,False,handshake_rejected,0
Reject optional only,624,False,False,False,handshake_rejected,0
Reject optional only,625,False,False,False,handshake_rejected,0
Reject optional only,626,False,False,False,handshake_rejected,0
Reject optional only,627,False,False,False,handshake_rejected,0
Reject optional only,628,False,False,False,handshake_rejected,0
Reject optional only,629,False,False,False,handshake_rejected,0
Reject optional only,630,False,False,False,handshake_rejected,0
Reject optional only,631,False,False,False,handshake_rejected,0
Reject optional only,632,False,False,False,handshake_rejected,0
Reject optional only,633,False,False,False,handshake_rejected,0
Reject optional only,634,False,False,False,handshake_rejected,0
Reject optional only,635,False,False,False,handshake_rejected,0
Reject optional only,636,False,False,False,handshake_rejected,0
Reject optional only,637,False,False,False,handshake_rejected,0
Reject optional only,638,False,False,False,handshake_rejected,0
Reject optional only,639,False,False,False,handshake_rejected,0
Reject optional only,640,False,False,False,handshake_rejected,0
Reject optional only,641,False,False,False,handshake_rejected,0
Reject optional only,642,False,False,False,handshake_rejected,0
Reject optional only,643,False,False,False,handshake_rejected,0
Reject optional only,644,False,False,False,handshake_rejected,0
Reject optional only,645,False,False,False,handshake_rejected,0
Reject optional only,646,False,False,False,handshake_rejected,0
Reject optional only,647,False,False,False,handshake_rejected,0
Reject optional only,648,False,False,False,handshake_rejected,0
Reject optional only,649,False,False,False,handshake_rejected,0
Reject optional only,650,False,False,False,handshake_rejected,0
Reject optional only,651,False,False,False,handshake_rejected,0
Reject optional only,652,False,False,False,handshake_rejected,0
Reject optional only,653,False,False,False,handshake_rejected,0
Reject optional only,654,False,False,False,handshake_rejected,0
Reject optional only,655,False,False,False,handshake_rejected,0
Reject optional only,656,False,False,False,handshake_rejected,0
Reject optional only,657,False,False,False,handshake_rejected,0
Reject optional only,658,False,False,False,handshake_rejected,0
Reject optional only,659,False,False,False,handshake_rejected,0
Reject optional only,660,False,False,False,handshake_rejected,0
Reject optional only,661,False,False,False,handshake_rejected,0
Reject optional only,662,False,False,False,handshake_rejected,0
Reject optional only,663,False,False,False,handshake_rejected,0
Reject optional only,664,False,False,False,handshake_rejected,0
Reject optional only,665,False,False,False,handshake_rejected,0
Reject optional only,666,False,False,False,handshake_rejected,0
Reject optional only,667,False,False,False,handshake_rejected,0
Reject optional only,668,False,False,False,handshake_rejected,0
Reject optional only,669,False,False,False,handshake_rejected,0
Reject optional only,670,False,False,False,handshake_rejected,0
Reject optional only,671,False,False,False,handshake_rejected,0
Reject optional only,672,False,False,False,handshake_rejected,0
Reject optional only,673,False,False,False,handshake_rejected,0
Reject optional only,674,False,False,False,handshake_rejected,0
Reject optional only,675,False,False,False,handshake_rejected,0
Reject optional only,676,False,False,False,handshake_rejected,0
Reject optional only,677,False,False,False,handshake_rejected,0
Reject optional only,678,False,False,False,handshake_rejected,0
Reject optional only,679,False,False,False,handshake_rejected,0
Reject optional only,680,False,False,False,handshake_rejected,0
Reject optional only,681,False,False,False,handshake_rejected,0
Reject optional only,682,False,False,False,handshake_rejected,0
Reject optional only,683,False,False,False,handshake_rejected,0
Reject optional only,684,False,False,False,handshake_rejected,0
Reject optional only,685,False,False,False,handshake_rejected,0
Reject optional only,686,False,False,False,handshake_rejected,0
Reject optional only,687,False,False,False,handshake_rejected,0
Reject optional only,688,False,False,False,handshake_rejected,0
Reject optional only,689,False,False,False,handshake_rejected,0
Reject optional only,690,False,False,False,handshake_rejected,0
Reject optional only,691,False,False,False,handshake_rejected,0
Reject optional only,692,False,False,False,handshake_rejected,0
Reject optional only,693,False,False,False,handshake_rejected,0
Reject optional only,694,False,False,False,handshake_rejected,0
Reject optional only,695,False,False,False,handshake_rejected,0
Reject optional only,696,False,False,False,handshake_rejected,0
Reject optional only,697,False,False,False,handshake_rejected,0
Reject optional only,698,False,False,False,handshake_rejected,0
Reject optional only,699,False,False,False,handshake_rejected,0
Reject optional only,700,False,False,False,handshake_rejected,0
Reject optional only,701,False,False,False,handshake_rejected,0
Reject optional only,702,False,False,False,handshake_rejected,0
Reject optional only,703,False,False,False,handshake_rejected,0
Reject optional only,704,False,False,False,handshake_rejected,0
Reject optional only,705,False,False,False,handshake_rejected,0
Reject optional only,706,False,False,False,handshake_rejected,0
Reject optional only,707,False,False,False,handshake_rejected,0
Reject optional only,708,False,False,False,handshake_rejected,0
Reject optional only,709,False,False,False,handshake_rejected,0
Reject optional only,710,False,False,False,handshake_rejected,0
Reject optional only,711,False,False,False,handshake_rejected,0
Reject optional only,712,False,False,False,handshake_rejected,0
Reject optional only,713,False,False,False,handshake_rejected,0
Reject optional only,714,False,False,False,handshake_rejected,0
Reject optional only,715,False,False,False,handshake_rejected,0
Reject optional only,716,False,False,False,handshake_rejected,0
Reject optional only,717,False,False,False,handshake_rejected,0
Reject optional only,718,False,False,False,handshake_rejected,0
Reject optional only,719,False,False,False,handshake_rejected,0
Reject optional only,720,False,False,False,handshake_rejected,0
Reject optional only,721,False,False,False,handshake_rejected,0
Reject optional only,722,False,False,False,handshake_rejected,0
Reject optional only,723,False,False,False,handshake_rejected,0
Reject optional only,724,False,False,False,handshake_rejected,0
Reject optional only,725,False,False,False,handshake_rejected,0
Reject optional only,726,False,False,False,handshake_rejected,0
Reject optional only,727,False,False,False,handshake_rejected,0
Reject optional only,728,False,False,False,handshake_rejected,0
Reject optional only,729,False,False,False,handshake_rejected,0
Reject optional only,730,False,False,False,handshake_rejected,0
Reject optional only,731,False,False,False,handshake_rejected,0
Reject optional only,732,False,False,False,handshake_rejected,0
Reject optional only,733,False,False,False,handshake_rejected,0
Reject optional only,734,False,False,False,handshake_rejected,0
Reject optional only,735,False,False,False,handshake_rejected,0
Reject optional only,736,False,False,False,handshake_rejected,0
Reject optional only,737,False,False,False,handshake_rejected,0
Reject optional only,738,False,False,False,handshake_rejected,0
Reject optional only,739,False,False,False,handshake_rejected,0
Reject optional only,740,False,False,False,handshake_rejected,0
Reject optional only,741,False,False,False,handshake_rejected,0
Reject optional only,742,False,False,False,handshake_rejected,0
Reject optional only,743,False,False,False,handshake_rejected,0
Reject optional only,744,False,False,False,handshake_rejected,0
Reject optional only,745,False,False,False,handshake_rejected,0
Reject optional only,746,False,False,False,handshake_rejected,0
Reject optional only,747,False,False,False,handshake_rejected,0
Reject optional only,748,False,False,False,handshake_rejected,0
Reject optional only,749,False,False,False,handshake_rejected,0
Reject optional only,750,False,False,False,handshake_rejected,0
Reject optional only,751,False,False,False,handshake_rejected,0
Reject optional only,752,False,False,False,handshake_rejected,0
Reject optional only,753,False,False,False,handshake_rejected,0
Reject optional only,754,False,False,False,handshake_rejected,0
Reject optional only,755,False,False,False,handshake_rejected,0
Reject optional only,756,False,False,False,handshake_rejected,0
Reject optional only,757,False,False,False,handshake_rejected,0
Reject optional only,758,False,False,False,handshake_rejected,0
Reject optional only,759,False,False,False,handshake_rejected,0
Reject optional only,760,False,False,False,handshake_rejected,0
Reject optional only,761,False,False,False,handshake_rejected,0
Reject optional only,762,False,False,False,handshake_rejected,0
Reject optional only,763,False,False,False,handshake_rejected,0
Reject optional only,764,False,False,False,handshake_rejected,0
Reject optional only,765,False,False,False,handshake_rejected,0
Reject optional only,766,False,False,False,handshake_rejected,0
Reject optional only,767,False,False,False,handshake_rejected,0
Reject optional only,768,False,False,False,handshake_rejected,0
Reject optional only,769,False,False,False,handshake_rejected,0
Reject optional only,770,False,False,False,handshake_rejected,0
Reject optional only,771,False,False,False,handshake_rejected,0
Reject optional only,772,False,False,False,handshake_rejected,0
Reject optional only,773,False,False,False,handshake_rejected,0
Reject optional only,774,False,False,False,handshake_rejected,0
Reject optional only,775,False,False,False,handshake_rejected,0
Reject optional only,776,False,False,False,handshake_rejected,0
Reject optional only,777,False,False,False,handshake_rejected,0
Reject optional only,778,False,False,False,handshake_rejected,0
Reject optional only,779,False,False,False,handshake_rejected,0
Reject optional only,780,False,False,False,handshake_rejected,0
Reject optional only,781,False,False,False,handshake_rejected,0
Reject optional only,782,False,False,False,handshake_rejected,0
Reject optional only,783,False,False,False,handshake_rejected,0
Reject optional only,784,False,False,False,handshake_rejected,0
Reject optional only,785,False,False,False,handshake_rejected,0
Reject optional only,786,False,False,False,handshake_rejected,0
Reject optional only,787,False,False,False,handshake_rejected,0
Reject optional only,788,False,False,False,handshake_rejected,0
Reject optional only,789,False,False,False,handshake_rejected,0
Reject optional only,790,False,False,False,handshake_rejected,0
Reject optional only,791,False,False,False,handshake_rejected,0
Reject optional only,792,False,False,False,handshake_rejected,0
Reject optional only,793,False,False,False,handshake_rejected,0
Reject optional only,794,False,False,False,handshake_rejected,0
Reject optional only,795,False,False,False,handshake_rejected,0
Reject optional only,796,False,False,False,handshake_rejected,0
Reject optional only,797,False,False,False,handshake_rejected,0
Reject optional only,798,False,False,False,handshake_rejected,0
Reject optional only,799,False,False,False,handshake_rejected,0
Reject optional only,800,False,False,False,handshake_rejected,0
Reject optional only,801,False,False,False,handshake_rejected,0
Reject optional only,802,False,False,False,handshake_rejected,0
Reject optional only,803,False,False,False,handshake_rejected,0
Reject optional only,804,False,False,False,handshake_rejected,0
Reject optional only,805,False,False,False,handshake_rejected,0
Reject optional only,806,False,False,False,handshake_rejected,0
Reject optional only,807,False,False,False,handshake_rejected,0
Reject optional only,808,False,False,False,handshake_rejected,0
Reject optional only,809,False,False,False,handshake_rejected,0
Reject optional only,810,False,False,False,handshake_rejected,0
Reject optional only,811,False,False,False,handshake_rejected,0
Reject optional only,812,False,False,False,handshake_rejected,0
Reject optional only,813,False,False,False,handshake_rejected,0
Reject optional only,814,False,False,False,handshake_rejected,0
Reject optional only,815,False,False,False,handshake_rejected,0
Reject optional only,816,False,False,False,handshake_rejected,0
Reject optional only,817,False,False,False,handshake_rejected,0
Reject optional only,818,False,False,False,handshake_rejected,0
Reject optional only,819,False,False,False,handshake_rejected,0
Reject optional only,820,False,False,False,handshake_rejected,0
Reject optional only,821,False,False,False,handshake_rejected,0
Reject optional only,822,False,False,False,handshake_rejected,0
Reject optional only,823,False,False,False,handshake_rejected,0
Reject optional only,824,False,False,False,handshake_rejected,0
Reject optional only,825,False,False,False,handshake_rejected,0
Reject optional only,826,False,False,False,handshake_rejected,0
Reject optional only,827,False,False,False,handshake_rejected,0
Reject optional only,828,False,False,False,handshake_rejected,0
Reject optional only,829,False,False,False,handshake_rejected,0
Reject optional only,830,False,False,False,handshake_rejected,0
Reject optional only,831,False,False,False,handshake_rejected,0
Reject optional only,832,False,False,False,handshake_rejected,0
Reject optional only,833,False,False,False,handshake_rejected,0
Reject optional only,834,False,False,False,handshake_rejected,0
Reject optional only,835,False,False,False,handshake_rejected,0
Reject optional only,836,False,False,False,handshake_rejected,0
Reject optional only,837,False,False,False,handshake_rejected,0
Reject optional only,838,False,False,False,handshake_rejected,0
Reject optional only,839,False,False,False,handshake_rejected,0
Reject optional only,840,False,False,False,handshake_rejected,0
Reject optional only,841,False,False,False,handshake_rejected,0
Reject optional only,842,False,False,False,handshake_rejected,0
Reject optional only,843,False,False,False,handshake_rejected,0
Reject optional only,844,False,False,False,handshake_rejected,0
Reject optional only,845,False,False,False,handshake_rejected,0
Reject optional only,846,False,False,False,handshake_rejected,0
Reject optional only,847,False,False,False,handshake_rejected,0
Reject optional only,848,False,False,False,handshake_rejected,0
Reject optional only,849,False,False,False,handshake_rejected,0
Reject optional only,850,False,False,False,handshake_rejected,0
Reject optional only,851,False,False,False,handshake_rejected,0
Reject optional only,852,False,False,False,handshake_rejected,0
Reject optional only,853,False,False,False,handshake_rejected,0
Reject optional only,854,False,False,False,handshake_rejected,0
Reject optional only,855,False,False,False,handshake_rejected,0
Reject optional only,856,False,False,False,handshake_rejected,0
Reject optional only,857,False,False,False,handshake_rejected,0
Reject optional only,858,False,False,False,handshake_rejected,0
Reject optional only,859,False,False,False,handshake_rejected,0
Reject optional only,860,False,False,False,handshake_rejected,0
Reject optional only,861,False,False,False,handshake_rejected,0
Reject optional only,862,False,False,False,handshake_rejected,0
Reject optional only,863,False,False,False,handshake_rejected,0
Reject optional only,864,False,False,False,handshake_rejected,0
Reject optional only,865,False,False,False,handshake_rejected,0
Reject optional only,866,False,False,False,handshake_rejected,0
Reject optional only,867,False,False,False,handshake_rejected,0
Reject optional only,868,False,False,False,handshake_rejected,0
Reject optional only,869,False,False,False,handshake_rejected,0
Reject optional only,870,False,False,False,handshake_rejected,0
Reject optional only,871,False,False,False,handshake_rejected,0
Reject optional only,872,False,False,False,handshake_rejected,0
Reject optional only,873,False,False,False,handshake_rejected,0
Reject optional only,874,False,False,False,handshake_rejected,0
Reject optional only,875,False,False,False,handshake_rejected,0
Reject optional only,876,False,False,False,handshake_rejected,0
Reject optional only,877,False,False,False,handshake_rejected,0
Reject optional only,878,False,False,False,handshake_rejected,0
Reject optional only,879,False,False,False,handshake_rejected,0
Reject optional only,880,False,False,False,handshake_rejected,0
Reject optional only,881,False,False,False,handshake_rejected,0
Reject optional only,882,False,False,False,handshake_rejected,0
Reject optional only,883,False,False,False,handshake_rejected,0
Reject optional only,884,False,False,False,handshake_rejected,0
Reject optional only,885,False,False,False,handshake_rejected,0
Reject optional only,886,False,False,False,handshake_rejected,0
Reject optional only,887,False,False,False,handshake_rejected,0
Reject optional only,888,False,False,False,handshake_rejected,0
Reject optional only,889,False,False,False,handshake_rejected,0
Reject optional only,890,False,False,False,handshake_rejected,0
Reject optional only,891,False,False,False,handshake_rejected,0
Reject optional only,892,False,False,False,handshake_rejected,0
Reject optional only,893,False,False,False,handshake_rejected,0
Reject optional only,894,False,False,False,handshake_rejected,0
Reject optional only,895,False,False,False,handshake_rejected,0
Reject optional only,896,False,False,False,handshake_rejected,0
Reject optional only,897,False,False,False,handshake_rejected,0
Reject optional only,898,False,False,False,handshake_rejected,0
Reject optional only,899,False,False,False,handshake_rejected,0
Reject optional only,900,False,False,False,handshake_rejected,0
Reject optional only,901,False,False,False,handshake_rejected,0
Reject optional only,902,False,False,False,handshake_rejected,0
Reject optional only,903,False,False,False,handshake_rejected,0
Reject optional only,904,False,False,False,handshake_rejected,0
Reject optional only,905,False,False,False,handshake_rejected,0
Reject optional only,906,False,False,False,handshake_rejected,0
Reject optional only,907,False,False,False,handshake_rejected,0
Reject optional only,908,False,False,False,handshake_rejected,0
Reject optional only,909,False,False,False,handshake_rejected,0
Reject optional only,910,False,False,False,handshake_rejected,0
Reject optional only,911,False,False,False,handshake_rejected,0
Reject optional only,912,False,False,False,handshake_rejected,0
Reject optional only,913,False,False,False,handshake_rejected,0
Reject optional only,914,False,False,False,handshake_rejected,0
Reject optional only,915,False,False,False,handshake_rejected,0
Reject optional only,916,False,False,False,handshake_rejected,0
Reject optional only,917,False,False,False,handshake_rejected,0
Reject optional only,918,False,False,False,handshake_rejected,0
Reject optional only,919,False,False,False,handshake_rejected,0
Reject optional only,920,False,False,False,handshake_rejected,0
Reject optional only,921,False,False,False,handshake_rejected,0
Reject optional only,922,False,False,False,handshake_rejected,0
Reject optional only,923,False,False,False,handshake_rejected,0
Reject optional only,924,False,False,False,handshake_rejected,0
Reject optional only,925,False,False,False,handshake_rejected,0
Reject optional only,926,False,False,False,handshake_rejected,0
Reject optional only,927,False,False,False,handshake_rejected,0
Reject optional only,928,False,False,False,handshake_rejected,0
Reject optional only,929,False,False,False,handshake_rejected,0
Reject optional only,930,False,False,False,handshake_rejected,0
Reject optional only,931,False,False,False,handshake_rejected,0
Reject optional only,932,False,False,False,handshake_rejected,0
Reject optional only,933,False,False,False,handshake_rejected,0
Reject optional only,934,False,False,False,handshake_rejected,0
Reject optional only,935,False,False,False,handshake_rejected,0
Reject optional only,936,False,False,False,handshake_rejected,0
Reject optional only,937,False,False,False,handshake_rejected,0
Reject optional only,938,False,False,False,handshake_rejected,0
Reject optional only,939,False,False,False,handshake_rejected,0
Reject optional only,940,False,False,False,handshake_rejected,0
Reject optional only,941,False,False,False,handshake_rejected,0
Reject optional only,942,False,False,False,handshake_rejected,0
Reject optional only,943,False,False,False,handshake_rejected,0
Reject optional only,944,False,False,False,handshake_rejected,0
Reject optional only,945,False,False,False,handshake_rejected,0
Reject optional only,946,False,False,False,handshake_rejected,0
Reject optional only,947,False,False,False,handshake_rejected,0
Reject optional only,948,False,False,False,handshake_rejected,0
Reject optional only,949,False,False,False,handshake_rejected,0
Reject optional only,950,False,False,False,handshake_rejected,0
Reject optional only,951,False,False,False,handshake_rejected,0
Reject optional only,952,False,False,False,handshake_rejected,0
Reject optional only,953,False,False,False,handshake_rejected,0
Reject optional only,954,False,False,False,handshake_rejected,0
Reject optional only,955,False,False,False,handshake_rejected,0
Reject optional only,956,False,False,False,handshake_rejected,0
Reject optional only,957,False,False,False,handshake_rejected,0
Reject optional only,958,False,False,False,handshake_rejected,0
Reject optional only,959,False,False,False,handshake_rejected,0
Reject optional only,960,False,False,False,handshake_rejected,0
Reject optional only,961,False,False,False,handshake_rejected,0
Reject optional only,962,False,False,False,handshake_rejected,0
Reject optional only,963,False,False,False,handshake_rejected,0
Reject optional only,964,False,False,False,handshake_rejected,0
Reject optional only,965,False,False,False,handshake_rejected,0
Reject optional only,966,False,False,False,handshake_rejected,0
Reject optional only,967,False,False,False,handshake_rejected,0
Reject optional only,968,False,False,False,handshake_rejected,0
Reject optional only,969,False,False,False,handshake_rejected,0
Reject optional only,970,False,False,False,handshake_rejected,0
Reject optional only,971,False,False,False,handshake_rejected,0
Reject optional only,972,False,False,False,handshake_rejected,0
Reject optional only,973,False,False,False,handshake_rejected,0
Reject optional only,974,False,False,False,handshake_rejected,0
Reject optional only,975,False,False,False,handshake_rejected,0
Reject optional only,976,False,False,False,handshake_rejected,0
Reject optional only,977,False,False,False,handshake_rejected,0
Reject optional only,978,False,False,False,handshake_rejected,0
Reject optional only,979,False,False,False,handshake_rejected,0
Reject optional only,980,False,False,False,handshake_rejected,0
Reject optional only,981,False,False,False,handshake_rejected,0
Reject optional only,982,False,False,False,handshake_rejected,0
Reject optional only,983,False,False,False,handshake_rejected,0
Reject optional only,984,False,False,False,handshake_rejected,0
Reject optional only,985,False,False,False,handshake_rejected,0
Reject optional only,986,False,False,False,handshake_rejected,0
Reject optional only,987,False,False,False,handshake_rejected,0
Reject optional only,988,False,False,False,handshake_rejected,0
Reject optional only,989,False,False,False,handshake_rejected,0
Reject optional only,990,False,False,False,handshake_rejected,0
Reject optional only,991,False,False,False,handshake_rejected,0
Reject optional only,992,False,False,False,handshake_rejected,0
Reject optional only,993,False,False,False,handshake_rejected,0
Reject optional only,994,False,False,False,handshake_rejected,0
Reject optional only,995,False,False,False,handshake_rejected,0
Reject optional only,996,False,False,False,handshake_rejected,0
Reject optional only,997,False,False,False,handshake_rejected,0
Reject optional only,998,False,False,False,handshake_rejected,0
Reject optional only,999,False,False,False,handshake_rejected,0
Strict KEX model,0,False,False,False,handshake_rejected,0
Strict KEX model,1,False,False,False,handshake_rejected,0
Strict KEX model,2,False,False,False,handshake_rejected,0
Strict KEX model,3,False,False,False,handshake_rejected,0
Strict KEX model,4,False,False,False,handshake_rejected,0
Strict KEX model,5,False,False,False,handshake_rejected,0
Strict KEX model,6,False,False,False,handshake_rejected,0
Strict KEX model,7,False,False,False,handshake_rejected,0
Strict KEX model,8,False,False,False,handshake_rejected,0
Strict KEX model,9,False,False,False,handshake_rejected,0
Strict KEX model,10,False,False,False,handshake_rejected,0
Strict KEX model,11,False,False,False,handshake_rejected,0
Strict KEX model,12,False,False,False,handshake_rejected,0
Strict KEX model,13,False,False,False,handshake_rejected,0
Strict KEX model,14,False,False,False,handshake_rejected,0
Strict KEX model,15,False,False,False,handshake_rejected,0
Strict KEX model,16,False,False,False,handshake_rejected,0
Strict KEX model,17,False,False,False,handshake_rejected,0
Strict KEX model,18,False,False,False,handshake_rejected,0
Strict KEX model,19,False,False,False,handshake_rejected,0
Strict KEX model,20,False,False,False,handshake_rejected,0
Strict KEX model,21,False,False,False,handshake_rejected,0
Strict KEX model,22,False,False,False,handshake_rejected,0
Strict KEX model,23,False,False,False,handshake_rejected,0
Strict KEX model,24,False,False,False,handshake_rejected,0
Strict KEX model,25,False,False,False,handshake_rejected,0
Strict KEX model,26,False,False,False,handshake_rejected,0
Strict KEX model,27,False,False,False,handshake_rejected,0
Strict KEX model,28,False,False,False,handshake_rejected,0
Strict KEX model,29,False,False,False,handshake_rejected,0
Strict KEX model,30,False,False,False,handshake_rejected,0
Strict KEX model,31,False,False,False,handshake_rejected,0
Strict KEX model,32,False,False,False,handshake_rejected,0
Strict KEX model,33,False,False,False,handshake_rejected,0
Strict KEX model,34,False,False,False,handshake_rejected,0
Strict KEX model,35,False,False,False,handshake_rejected,0
Strict KEX model,36,False,False,False,handshake_rejected,0
Strict KEX model,37,False,False,False,handshake_rejected,0
Strict KEX model,38,False,False,False,handshake_rejected,0
Strict KEX model,39,False,False,False,handshake_rejected,0
Strict KEX model,40,False,False,False,handshake_rejected,0
Strict KEX model,41,False,False,False,handshake_rejected,0
Strict KEX model,42,False,False,False,handshake_rejected,0
Strict KEX model,43,False,False,False,handshake_rejected,0
Strict KEX model,44,False,False,False,handshake_rejected,0
Strict KEX model,45,False,False,False,handshake_rejected,0
Strict KEX model,46,False,False,False,handshake_rejected,0
Strict KEX model,47,False,False,False,handshake_rejected,0
Strict KEX model,48,False,False,False,handshake_rejected,0
Strict KEX model,49,False,False,False,handshake_rejected,0
Strict KEX model,50,False,False,False,handshake_rejected,0
Strict KEX model,51,False,False,False,handshake_rejected,0
Strict KEX model,52,False,False,False,handshake_rejected,0
Strict KEX model,53,False,False,False,handshake_rejected,0
Strict KEX model,54,False,False,False,handshake_rejected,0
Strict KEX model,55,False,False,False,handshake_rejected,0
Strict KEX model,56,False,False,False,handshake_rejected,0
Strict KEX model,57,False,False,False,handshake_rejected,0
Strict KEX model,58,False,False,False,handshake_rejected,0
Strict KEX model,59,False,False,False,handshake_rejected,0
Strict KEX model,60,False,False,False,handshake_rejected,0
Strict KEX model,61,False,False,False,handshake_rejected,0
Strict KEX model,62,False,False,False,handshake_rejected,0
Strict KEX model,63,False,False,False,handshake_rejected,0
Strict KEX model,64,False,False,False,handshake_rejected,0
Strict KEX model,65,False,False,False,handshake_rejected,0
Strict KEX model,66,False,False,False,handshake_rejected,0
Strict KEX model,67,False,False,False,handshake_rejected,0
Strict KEX model,68,False,False,False,handshake_rejected,0
Strict KEX model,69,False,False,False,handshake_rejected,0
Strict KEX model,70,False,False,False,handshake_rejected,0
Strict KEX model,71,False,False,False,handshake_rejected,0
Strict KEX model,72,False,False,False,handshake_rejected,0
Strict KEX model,73,False,False,False,handshake_rejected,0
Strict KEX model,74,False,False,False,handshake_rejected,0
Strict KEX model,75,False,False,False,handshake_rejected,0
Strict KEX model,76,False,False,False,handshake_rejected,0
Strict KEX model,77,False,False,False,handshake_rejected,0
Strict KEX model,78,False,False,False,handshake_rejected,0
Strict KEX model,79,False,False,False,handshake_rejected,0
Strict KEX model,80,False,False,False,handshake_rejected,0
Strict KEX model,81,False,False,False,handshake_rejected,0
Strict KEX model,82,False,False,False,handshake_rejected,0
Strict KEX model,83,False,False,False,handshake_rejected,0
Strict KEX model,84,False,False,False,handshake_rejected,0
Strict KEX model,85,False,False,False,handshake_rejected,0
Strict KEX model,86,False,False,False,handshake_rejected,0
Strict KEX model,87,False,False,False,handshake_rejected,0
Strict KEX model,88,False,False,False,handshake_rejected,0
Strict KEX model,89,False,False,False,handshake_rejected,0
Strict KEX model,90,False,False,False,handshake_rejected,0
Strict KEX model,91,False,False,False,handshake_rejected,0
Strict KEX model,92,False,False,False,handshake_rejected,0
Strict KEX model,93,False,False,False,handshake_rejected,0
Strict KEX model,94,False,False,False,handshake_rejected,0
Strict KEX model,95,False,False,False,handshake_rejected,0
Strict KEX model,96,False,False,False,handshake_rejected,0
Strict KEX model,97,False,False,False,handshake_rejected,0
Strict KEX model,98,False,False,False,handshake_rejected,0
Strict KEX model,99,False,False,False,handshake_rejected,0
Strict KEX model,100,False,False,False,handshake_rejected,0
Strict KEX model,101,False,False,False,handshake_rejected,0
Strict KEX model,102,False,False,False,handshake_rejected,0
Strict KEX model,103,False,False,False,handshake_rejected,0
Strict KEX model,104,False,False,False,handshake_rejected,0
Strict KEX model,105,False,False,False,handshake_rejected,0
Strict KEX model,106,False,False,False,handshake_rejected,0
Strict KEX model,107,False,False,False,handshake_rejected,0
Strict KEX model,108,False,False,False,handshake_rejected,0
Strict KEX model,109,False,False,False,handshake_rejected,0
Strict KEX model,110,False,False,False,handshake_rejected,0
Strict KEX model,111,False,False,False,handshake_rejected,0
Strict KEX model,112,False,False,False,handshake_rejected,0
Strict KEX model,113,False,False,False,handshake_rejected,0
Strict KEX model,114,False,False,False,handshake_rejected,0
Strict KEX model,115,False,False,False,handshake_rejected,0
Strict KEX model,116,False,False,False,handshake_rejected,0
Strict KEX model,117,False,False,False,handshake_rejected,0
Strict KEX model,118,False,False,False,handshake_rejected,0
Strict KEX model,119,False,False,False,handshake_rejected,0
Strict KEX model,120,False,False,False,handshake_rejected,0
Strict KEX model,121,False,False,False,handshake_rejected,0
Strict KEX model,122,False,False,False,handshake_rejected,0
Strict KEX model,123,False,False,False,handshake_rejected,0
Strict KEX model,124,False,False,False,handshake_rejected,0
Strict KEX model,125,False,False,False,handshake_rejected,0
Strict KEX model,126,False,False,False,handshake_rejected,0
Strict KEX model,127,False,False,False,handshake_rejected,0
Strict KEX model,128,False,False,False,handshake_rejected,0
Strict KEX model,129,False,False,False,handshake_rejected,0
Strict KEX model,130,False,False,False,handshake_rejected,0
Strict KEX model,131,False,False,False,handshake_rejected,0
Strict KEX model,132,False,False,False,handshake_rejected,0
Strict KEX model,133,False,False,False,handshake_rejected,0
Strict KEX model,134,False,False,False,handshake_rejected,0
Strict KEX model,135,False,False,False,handshake_rejected,0
Strict KEX model,136,False,False,False,handshake_rejected,0
Strict KEX model,137,False,False,False,handshake_rejected,0
Strict KEX model,138,False,False,False,handshake_rejected,0
Strict KEX model,139,False,False,False,handshake_rejected,0
Strict KEX model,140,False,False,False,handshake_rejected,0
Strict KEX model,141,False,False,False,handshake_rejected,0
Strict KEX model,142,False,False,False,handshake_rejected,0
Strict KEX model,143,False,False,False,handshake_rejected,0
Strict KEX model,144,False,False,False,handshake_rejected,0
Strict KEX model,145,False,False,False,handshake_rejected,0
Strict KEX model,146,False,False,False,handshake_rejected,0
Strict KEX model,147,False,False,False,handshake_rejected,0
Strict KEX model,148,False,False,False,handshake_rejected,0
Strict KEX model,149,False,False,False,handshake_rejected,0
Strict KEX model,150,False,False,False,handshake_rejected,0
Strict KEX model,151,False,False,False,handshake_rejected,0
Strict KEX model,152,False,False,False,handshake_rejected,0
Strict KEX model,153,False,False,False,handshake_rejected,0
Strict KEX model,154,False,False,False,handshake_rejected,0
Strict KEX model,155,False,False,False,handshake_rejected,0
Strict KEX model,156,False,False,False,handshake_rejected,0
Strict KEX model,157,False,False,False,handshake_rejected,0
Strict KEX model,158,False,False,False,handshake_rejected,0
Strict KEX model,159,False,False,False,handshake_rejected,0
Strict KEX model,160,False,False,False,handshake_rejected,0
Strict KEX model,161,False,False,False,handshake_rejected,0
Strict KEX model,162,False,False,False,handshake_rejected,0
Strict KEX model,163,False,False,False,handshake_rejected,0
Strict KEX model,164,False,False,False,handshake_rejected,0
Strict KEX model,165,False,False,False,handshake_rejected,0
Strict KEX model,166,False,False,False,handshake_rejected,0
Strict KEX model,167,False,False,False,handshake_rejected,0
Strict KEX model,168,False,False,False,handshake_rejected,0
Strict KEX model,169,False,False,False,handshake_rejected,0
Strict KEX model,170,False,False,False,handshake_rejected,0
Strict KEX model,171,False,False,False,handshake_rejected,0
Strict KEX model,172,False,False,False,handshake_rejected,0
Strict KEX model,173,False,False,False,handshake_rejected,0
Strict KEX model,174,False,False,False,handshake_rejected,0
Strict KEX model,175,False,False,False,handshake_rejected,0
Strict KEX model,176,False,False,False,handshake_rejected,0
Strict KEX model,177,False,False,False,handshake_rejected,0
Strict KEX model,178,False,False,False,handshake_rejected,0
Strict KEX model,179,False,False,False,handshake_rejected,0
Strict KEX model,180,False,False,False,handshake_rejected,0
Strict KEX model,181,False,False,False,handshake_rejected,0
Strict KEX model,182,False,False,False,handshake_rejected,0
Strict KEX model,183,False,False,False,handshake_rejected,0
Strict KEX model,184,False,False,False,handshake_rejected,0
Strict KEX model,185,False,False,False,handshake_rejected,0
Strict KEX model,186,False,False,False,handshake_rejected,0
Strict KEX model,187,False,False,False,handshake_rejected,0
Strict KEX model,188,False,False,False,handshake_rejected,0
Strict KEX model,189,False,False,False,handshake_rejected,0
Strict KEX model,190,False,False,False,handshake_rejected,0
Strict KEX model,191,False,False,False,handshake_rejected,0
Strict KEX model,192,False,False,False,handshake_rejected,0
Strict KEX model,193,False,False,False,handshake_rejected,0
Strict KEX model,194,False,False,False,handshake_rejected,0
Strict KEX model,195,False,False,False,handshake_rejected,0
Strict KEX model,196,False,False,False,handshake_rejected,0
Strict KEX model,197,False,False,False,handshake_rejected,0
Strict KEX model,198,False,False,False,handshake_rejected,0
Strict KEX model,199,False,False,False,handshake_rejected,0
Strict KEX model,200,False,False,False,handshake_rejected,0
Strict KEX model,201,False,False,False,handshake_rejected,0
Strict KEX model,202,False,False,False,handshake_rejected,0
Strict KEX model,203,False,False,False,handshake_rejected,0
Strict KEX model,204,False,False,False,handshake_rejected,0
Strict KEX model,205,False,False,False,handshake_rejected,0
Strict KEX model,206,False,False,False,handshake_rejected,0
Strict KEX model,207,False,False,False,handshake_rejected,0
Strict KEX model,208,False,False,False,handshake_rejected,0
Strict KEX model,209,False,False,False,handshake_rejected,0
Strict KEX model,210,False,False,False,handshake_rejected,0
Strict KEX model,211,False,False,False,handshake_rejected,0
Strict KEX model,212,False,False,False,handshake_rejected,0
Strict KEX model,213,False,False,False,handshake_rejected,0
Strict KEX model,214,False,False,False,handshake_rejected,0
Strict KEX model,215,False,False,False,handshake_rejected,0
Strict KEX model,216,False,False,False,handshake_rejected,0
Strict KEX model,217,False,False,False,handshake_rejected,0
Strict KEX model,218,False,False,False,handshake_rejected,0
Strict KEX model,219,False,False,False,handshake_rejected,0
Strict KEX model,220,False,False,False,handshake_rejected,0
Strict KEX model,221,False,False,False,handshake_rejected,0
Strict KEX model,222,False,False,False,handshake_rejected,0
Strict KEX model,223,False,False,False,handshake_rejected,0
Strict KEX model,224,False,False,False,handshake_rejected,0
Strict KEX model,225,False,False,False,handshake_rejected,0
Strict KEX model,226,False,False,False,handshake_rejected,0
Strict KEX model,227,False,False,False,handshake_rejected,0
Strict KEX model,228,False,False,False,handshake_rejected,0
Strict KEX model,229,False,False,False,handshake_rejected,0
Strict KEX model,230,False,False,False,handshake_rejected,0
Strict KEX model,231,False,False,False,handshake_rejected,0
Strict KEX model,232,False,False,False,handshake_rejected,0
Strict KEX model,233,False,False,False,handshake_rejected,0
Strict KEX model,234,False,False,False,handshake_rejected,0
Strict KEX model,235,False,False,False,handshake_rejected,0
Strict KEX model,236,False,False,False,handshake_rejected,0
Strict KEX model,237,False,False,False,handshake_rejected,0
Strict KEX model,238,False,False,False,handshake_rejected,0
Strict KEX model,239,False,False,False,handshake_rejected,0
Strict KEX model,240,False,False,False,handshake_rejected,0
Strict KEX model,241,False,False,False,handshake_rejected,0
Strict KEX model,242,False,False,False,handshake_rejected,0
Strict KEX model,243,False,False,False,handshake_rejected,0
Strict KEX model,244,False,False,False,handshake_rejected,0
Strict KEX model,245,False,False,False,handshake_rejected,0
Strict KEX model,246,False,False,False,handshake_rejected,0
Strict KEX model,247,False,False,False,handshake_rejected,0
Strict KEX model,248,False,False,False,handshake_rejected,0
Strict KEX model,249,False,False,False,handshake_rejected,0
Strict KEX model,250,False,False,False,handshake_rejected,0
Strict KEX model,251,False,False,False,handshake_rejected,0
Strict KEX model,252,False,False,False,handshake_rejected,0
Strict KEX model,253,False,False,False,handshake_rejected,0
Strict KEX model,254,False,False,False,handshake_rejected,0
Strict KEX model,255,False,False,False,handshake_rejected,0
Strict KEX model,256,False,False,False,handshake_rejected,0
Strict KEX model,257,False,False,False,handshake_rejected,0
Strict KEX model,258,False,False,False,handshake_rejected,0
Strict KEX model,259,False,False,False,handshake_rejected,0
Strict KEX model,260,False,False,False,handshake_rejected,0
Strict KEX model,261,False,False,False,handshake_rejected,0
Strict KEX model,262,False,False,False,handshake_rejected,0
Strict KEX model,263,False,False,False,handshake_rejected,0
Strict KEX model,264,False,False,False,handshake_rejected,0
Strict KEX model,265,False,False,False,handshake_rejected,0
Strict KEX model,266,False,False,False,handshake_rejected,0
Strict KEX model,267,False,False,False,handshake_rejected,0
Strict KEX model,268,False,False,False,handshake_rejected,0
Strict KEX model,269,False,False,False,handshake_rejected,0
Strict KEX model,270,False,False,False,handshake_rejected,0
Strict KEX model,271,False,False,False,handshake_rejected,0
Strict KEX model,272,False,False,False,handshake_rejected,0
Strict KEX model,273,False,False,False,handshake_rejected,0
Strict KEX model,274,False,False,False,handshake_rejected,0
Strict KEX model,275,False,False,False,handshake_rejected,0
Strict KEX model,276,False,False,False,handshake_rejected,0
Strict KEX model,277,False,False,False,handshake_rejected,0
Strict KEX model,278,False,False,False,handshake_rejected,0
Strict KEX model,279,False,False,False,handshake_rejected,0
Strict KEX model,280,False,False,False,handshake_rejected,0
Strict KEX model,281,False,False,False,handshake_rejected,0
Strict KEX model,282,False,False,False,handshake_rejected,0
Strict KEX model,283,False,False,False,handshake_rejected,0
Strict KEX model,284,False,False,False,handshake_rejected,0
Strict KEX model,285,False,False,False,handshake_rejected,0
Strict KEX model,286,False,False,False,handshake_rejected,0
Strict KEX model,287,False,False,False,handshake_rejected,0
Strict KEX model,288,False,False,False,handshake_rejected,0
Strict KEX model,289,False,False,False,handshake_rejected,0
Strict KEX model,290,False,False,False,handshake_rejected,0
Strict KEX model,291,False,False,False,handshake_rejected,0
Strict KEX model,292,False,False,False,handshake_rejected,0
Strict KEX model,293,False,False,False,handshake_rejected,0
Strict KEX model,294,False,False,False,handshake_rejected,0
Strict KEX model,295,False,False,False,handshake_rejected,0
Strict KEX model,296,False,False,False,handshake_rejected,0
Strict KEX model,297,False,False,False,handshake_rejected,0
Strict KEX model,298,False,False,False,handshake_rejected,0
Strict KEX model,299,False,False,False,handshake_rejected,0
Strict KEX model,300,False,False,False,handshake_rejected,0
Strict KEX model,301,False,False,False,handshake_rejected,0
Strict KEX model,302,False,False,False,handshake_rejected,0
Strict KEX model,303,False,False,False,handshake_rejected,0
Strict KEX model,304,False,False,False,handshake_rejected,0
Strict KEX model,305,False,False,False,handshake_rejected,0
Strict KEX model,306,False,False,False,handshake_rejected,0
Strict KEX model,307,False,False,False,handshake_rejected,0
Strict KEX model,308,False,False,False,handshake_rejected,0
Strict KEX model,309,False,False,False,handshake_rejected,0
Strict KEX model,310,False,False,False,handshake_rejected,0
Strict KEX model,311,False,False,False,handshake_rejected,0
Strict KEX model,312,False,False,False,handshake_rejected,0
Strict KEX model,313,False,False,False,handshake_rejected,0
Strict KEX model,314,False,False,False,handshake_rejected,0
Strict KEX model,315,False,False,False,handshake_rejected,0
Strict KEX model,316,False,False,False,handshake_rejected,0
Strict KEX model,317,False,False,False,handshake_rejected,0
Strict KEX model,318,False,False,False,handshake_rejected,0
Strict KEX model,319,False,False,False,handshake_rejected,0
Strict KEX model,320,False,False,False,handshake_rejected,0
Strict KEX model,321,False,False,False,handshake_rejected,0
Strict KEX model,322,False,False,False,handshake_rejected,0
Strict KEX model,323,False,False,False,handshake_rejected,0
Strict KEX model,324,False,False,False,handshake_rejected,0
Strict KEX model,325,False,False,False,handshake_rejected,0
Strict KEX model,326,False,False,False,handshake_rejected,0
Strict KEX model,327,False,False,False,handshake_rejected,0
Strict KEX model,328,False,False,False,handshake_rejected,0
Strict KEX model,329,False,False,False,handshake_rejected,0
Strict KEX model,330,False,False,False,handshake_rejected,0
Strict KEX model,331,False,False,False,handshake_rejected,0
Strict KEX model,332,False,False,False,handshake_rejected,0
Strict KEX model,333,False,False,False,handshake_rejected,0
Strict KEX model,334,False,False,False,handshake_rejected,0
Strict KEX model,335,False,False,False,handshake_rejected,0
Strict KEX model,336,False,False,False,handshake_rejected,0
Strict KEX model,337,False,False,False,handshake_rejected,0
Strict KEX model,338,False,False,False,handshake_rejected,0
Strict KEX model,339,False,False,False,handshake_rejected,0
Strict KEX model,340,False,False,False,handshake_rejected,0
Strict KEX model,341,False,False,False,handshake_rejected,0
Strict KEX model,342,False,False,False,handshake_rejected,0
Strict KEX model,343,False,False,False,handshake_rejected,0
Strict KEX model,344,False,False,False,handshake_rejected,0
Strict KEX model,345,False,False,False,handshake_rejected,0
Strict KEX model,346,False,False,False,handshake_rejected,0
Strict KEX model,347,False,False,False,handshake_rejected,0
Strict KEX model,348,False,False,False,handshake_rejected,0
Strict KEX model,349,False,False,False,handshake_rejected,0
Strict KEX model,350,False,False,False,handshake_rejected,0
Strict KEX model,351,False,False,False,handshake_rejected,0
Strict KEX model,352,False,False,False,handshake_rejected,0
Strict KEX model,353,False,False,False,handshake_rejected,0
Strict KEX model,354,False,False,False,handshake_rejected,0
Strict KEX model,355,False,False,False,handshake_rejected,0
Strict KEX model,356,False,False,False,handshake_rejected,0
Strict KEX model,357,False,False,False,handshake_rejected,0
Strict KEX model,358,False,False,False,handshake_rejected,0
Strict KEX model,359,False,False,False,handshake_rejected,0
Strict KEX model,360,False,False,False,handshake_rejected,0
Strict KEX model,361,False,False,False,handshake_rejected,0
Strict KEX model,362,False,False,False,handshake_rejected,0
Strict KEX model,363,False,False,False,handshake_rejected,0
Strict KEX model,364,False,False,False,handshake_rejected,0
Strict KEX model,365,False,False,False,handshake_rejected,0
Strict KEX model,366,False,False,False,handshake_rejected,0
Strict KEX model,367,False,False,False,handshake_rejected,0
Strict KEX model,368,False,False,False,handshake_rejected,0
Strict KEX model,369,False,False,False,handshake_rejected,0
Strict KEX model,370,False,False,False,handshake_rejected,0
Strict KEX model,371,False,False,False,handshake_rejected,0
Strict KEX model,372,False,False,False,handshake_rejected,0
Strict KEX model,373,False,False,False,handshake_rejected,0
Strict KEX model,374,False,False,False,handshake_rejected,0
Strict KEX model,375,False,False,False,handshake_rejected,0
Strict KEX model,376,False,False,False,handshake_rejected,0
Strict KEX model,377,False,False,False,handshake_rejected,0
Strict KEX model,378,False,False,False,handshake_rejected,0
Strict KEX model,379,False,False,False,handshake_rejected,0
Strict KEX model,380,False,False,False,handshake_rejected,0
Strict KEX model,381,False,False,False,handshake_rejected,0
Strict KEX model,382,False,False,False,handshake_rejected,0
Strict KEX model,383,False,False,False,handshake_rejected,0
Strict KEX model,384,False,False,False,handshake_rejected,0
Strict KEX model,385,False,False,False,handshake_rejected,0
Strict KEX model,386,False,False,False,handshake_rejected,0
Strict KEX model,387,False,False,False,handshake_rejected,0
Strict KEX model,388,False,False,False,handshake_rejected,0
Strict KEX model,389,False,False,False,handshake_rejected,0
Strict KEX model,390,False,False,False,handshake_rejected,0
Strict KEX model,391,False,False,False,handshake_rejected,0
Strict KEX model,392,False,False,False,handshake_rejected,0
Strict KEX model,393,False,False,False,handshake_rejected,0
Strict KEX model,394,False,False,False,handshake_rejected,0
Strict KEX model,395,False,False,False,handshake_rejected,0
Strict KEX model,396,False,False,False,handshake_rejected,0
Strict KEX model,397,False,False,False,handshake_rejected,0
Strict KEX model,398,False,False,False,handshake_rejected,0
Strict KEX model,399,False,False,False,handshake_rejected,0
Strict KEX model,400,False,False,False,handshake_rejected,0
Strict KEX model,401,False,False,False,handshake_rejected,0
Strict KEX model,402,False,False,False,handshake_rejected,0
Strict KEX model,403,False,False,False,handshake_rejected,0
Strict KEX model,404,False,False,False,handshake_rejected,0
Strict KEX model,405,False,False,False,handshake_rejected,0
Strict KEX model,406,False,False,False,handshake_rejected,0
Strict KEX model,407,False,False,False,handshake_rejected,0
Strict KEX model,408,False,False,False,handshake_rejected,0
Strict KEX model,409,False,False,False,handshake_rejected,0
Strict KEX model,410,False,False,False,handshake_rejected,0
Strict KEX model,411,False,False,False,handshake_rejected,0
Strict KEX model,412,False,False,False,handshake_rejected,0
Strict KEX model,413,False,False,False,handshake_rejected,0
Strict KEX model,414,False,False,False,handshake_rejected,0
Strict KEX model,415,False,False,False,handshake_rejected,0
Strict KEX model,416,False,False,False,handshake_rejected,0
Strict KEX model,417,False,False,False,handshake_rejected,0
Strict KEX model,418,False,False,False,handshake_rejected,0
Strict KEX model,419,False,False,False,handshake_rejected,0
Strict KEX model,420,False,False,False,handshake_rejected,0
Strict KEX model,421,False,False,False,handshake_rejected,0
Strict KEX model,422,False,False,False,handshake_rejected,0
Strict KEX model,423,False,False,False,handshake_rejected,0
Strict KEX model,424,False,False,False,handshake_rejected,0
Strict KEX model,425,False,False,False,handshake_rejected,0
Strict KEX model,426,False,False,False,handshake_rejected,0
Strict KEX model,427,False,False,False,handshake_rejected,0
Strict KEX model,428,False,False,False,handshake_rejected,0
Strict KEX model,429,False,False,False,handshake_rejected,0
Strict KEX model,430,False,False,False,handshake_rejected,0
Strict KEX model,431,False,False,False,handshake_rejected,0
Strict KEX model,432,False,False,False,handshake_rejected,0
Strict KEX model,433,False,False,False,handshake_rejected,0
Strict KEX model,434,False,False,False,handshake_rejected,0
Strict KEX model,435,False,False,False,handshake_rejected,0
Strict KEX model,436,False,False,False,handshake_rejected,0
Strict KEX model,437,False,False,False,handshake_rejected,0
Strict KEX model,438,False,False,False,handshake_rejected,0
Strict KEX model,439,False,False,False,handshake_rejected,0
Strict KEX model,440,False,False,False,handshake_rejected,0
Strict KEX model,441,False,False,False,handshake_rejected,0
Strict KEX model,442,False,False,False,handshake_rejected,0
Strict KEX model,443,False,False,False,handshake_rejected,0
Strict KEX model,444,False,False,False,handshake_rejected,0
Strict KEX model,445,False,False,False,handshake_rejected,0
Strict KEX model,446,False,False,False,handshake_rejected,0
Strict KEX model,447,False,False,False,handshake_rejected,0
Strict KEX model,448,False,False,False,handshake_rejected,0
Strict KEX model,449,False,False,False,handshake_rejected,0
Strict KEX model,450,False,False,False,handshake_rejected,0
Strict KEX model,451,False,False,False,handshake_rejected,0
Strict KEX model,452,False,False,False,handshake_rejected,0
Strict KEX model,453,False,False,False,handshake_rejected,0
Strict KEX model,454,False,False,False,handshake_rejected,0
Strict KEX model,455,False,False,False,handshake_rejected,0
Strict KEX model,456,False,False,False,handshake_rejected,0
Strict KEX model,457,False,False,False,handshake_rejected,0
Strict KEX model,458,False,False,False,handshake_rejected,0
Strict KEX model,459,False,False,False,handshake_rejected,0
Strict KEX model,460,False,False,False,handshake_rejected,0
Strict KEX model,461,False,False,False,handshake_rejected,0
Strict KEX model,462,False,False,False,handshake_rejected,0
Strict KEX model,463,False,False,False,handshake_rejected,0
Strict KEX model,464,False,False,False,handshake_rejected,0
Strict KEX model,465,False,False,False,handshake_rejected,0
Strict KEX model,466,False,False,False,handshake_rejected,0
Strict KEX model,467,False,False,False,handshake_rejected,0
Strict KEX model,468,False,False,False,handshake_rejected,0
Strict KEX model,469,False,False,False,handshake_rejected,0
Strict KEX model,470,False,False,False,handshake_rejected,0
Strict KEX model,471,False,False,False,handshake_rejected,0
Strict KEX model,472,False,False,False,handshake_rejected,0
Strict KEX model,473,False,False,False,handshake_rejected,0
Strict KEX model,474,False,False,False,handshake_rejected,0
Strict KEX model,475,False,False,False,handshake_rejected,0
Strict KEX model,476,False,False,False,handshake_rejected,0
Strict KEX model,477,False,False,False,handshake_rejected,0
Strict KEX model,478,False,False,False,handshake_rejected,0
Strict KEX model,479,False,False,False,handshake_rejected,0
Strict KEX model,480,False,False,False,handshake_rejected,0
Strict KEX model,481,False,False,False,handshake_rejected,0
Strict KEX model,482,False,False,False,handshake_rejected,0
Strict KEX model,483,False,False,False,handshake_rejected,0
Strict KEX model,484,False,False,False,handshake_rejected,0
Strict KEX model,485,False,False,False,handshake_rejected,0
Strict KEX model,486,False,False,False,handshake_rejected,0
Strict KEX model,487,False,False,False,handshake_rejected,0
Strict KEX model,488,False,False,False,handshake_rejected,0
Strict KEX model,489,False,False,False,handshake_rejected,0
Strict KEX model,490,False,False,False,handshake_rejected,0
Strict KEX model,491,False,False,False,handshake_rejected,0
Strict KEX model,492,False,False,False,handshake_rejected,0
Strict KEX model,493,False,False,False,handshake_rejected,0
Strict KEX model,494,False,False,False,handshake_rejected,0
Strict KEX model,495,False,False,False,handshake_rejected,0
Strict KEX model,496,False,False,False,handshake_rejected,0
Strict KEX model,497,False,False,False,handshake_rejected,0
Strict KEX model,498,False,False,False,handshake_rejected,0
Strict KEX model,499,False,False,False,handshake_rejected,0
Strict KEX model,500,False,False,False,handshake_rejected,0
Strict KEX model,501,False,False,False,handshake_rejected,0
Strict KEX model,502,False,False,False,handshake_rejected,0
Strict KEX model,503,False,False,False,handshake_rejected,0
Strict KEX model,504,False,False,False,handshake_rejected,0
Strict KEX model,505,False,False,False,handshake_rejected,0
Strict KEX model,506,False,False,False,handshake_rejected,0
Strict KEX model,507,False,False,False,handshake_rejected,0
Strict KEX model,508,False,False,False,handshake_rejected,0
Strict KEX model,509,False,False,False,handshake_rejected,0
Strict KEX model,510,False,False,False,handshake_rejected,0
Strict KEX model,511,False,False,False,handshake_rejected,0
Strict KEX model,512,False,False,False,handshake_rejected,0
Strict KEX model,513,False,False,False,handshake_rejected,0
Strict KEX model,514,False,False,False,handshake_rejected,0
Strict KEX model,515,False,False,False,handshake_rejected,0
Strict KEX model,516,False,False,False,handshake_rejected,0
Strict KEX model,517,False,False,False,handshake_rejected,0
Strict KEX model,518,False,False,False,handshake_rejected,0
Strict KEX model,519,False,False,False,handshake_rejected,0
Strict KEX model,520,False,False,False,handshake_rejected,0
Strict KEX model,521,False,False,False,handshake_rejected,0
Strict KEX model,522,False,False,False,handshake_rejected,0
Strict KEX model,523,False,False,False,handshake_rejected,0
Strict KEX model,524,False,False,False,handshake_rejected,0
Strict KEX model,525,False,False,False,handshake_rejected,0
Strict KEX model,526,False,False,False,handshake_rejected,0
Strict KEX model,527,False,False,False,handshake_rejected,0
Strict KEX model,528,False,False,False,handshake_rejected,0
Strict KEX model,529,False,False,False,handshake_rejected,0
Strict KEX model,530,False,False,False,handshake_rejected,0
Strict KEX model,531,False,False,False,handshake_rejected,0
Strict KEX model,532,False,False,False,handshake_rejected,0
Strict KEX model,533,False,False,False,handshake_rejected,0
Strict KEX model,534,False,False,False,handshake_rejected,0
Strict KEX model,535,False,False,False,handshake_rejected,0
Strict KEX model,536,False,False,False,handshake_rejected,0
Strict KEX model,537,False,False,False,handshake_rejected,0
Strict KEX model,538,False,False,False,handshake_rejected,0
Strict KEX model,539,False,False,False,handshake_rejected,0
Strict KEX model,540,False,False,False,handshake_rejected,0
Strict KEX model,541,False,False,False,handshake_rejected,0
Strict KEX model,542,False,False,False,handshake_rejected,0
Strict KEX model,543,False,False,False,handshake_rejected,0
Strict KEX model,544,False,False,False,handshake_rejected,0
Strict KEX model,545,False,False,False,handshake_rejected,0
Strict KEX model,546,False,False,False,handshake_rejected,0
Strict KEX model,547,False,False,False,handshake_rejected,0
Strict KEX model,548,False,False,False,handshake_rejected,0
Strict KEX model,549,False,False,False,handshake_rejected,0
Strict KEX model,550,False,False,False,handshake_rejected,0
Strict KEX model,551,False,False,False,handshake_rejected,0
Strict KEX model,552,False,False,False,handshake_rejected,0
Strict KEX model,553,False,False,False,handshake_rejected,0
Strict KEX model,554,False,False,False,handshake_rejected,0
Strict KEX model,555,False,False,False,handshake_rejected,0
Strict KEX model,556,False,False,False,handshake_rejected,0
Strict KEX model,557,False,False,False,handshake_rejected,0
Strict KEX model,558,False,False,False,handshake_rejected,0
Strict KEX model,559,False,False,False,handshake_rejected,0
Strict KEX model,560,False,False,False,handshake_rejected,0
Strict KEX model,561,False,False,False,handshake_rejected,0
Strict KEX model,562,False,False,False,handshake_rejected,0
Strict KEX model,563,False,False,False,handshake_rejected,0
Strict KEX model,564,False,False,False,handshake_rejected,0
Strict KEX model,565,False,False,False,handshake_rejected,0
Strict KEX model,566,False,False,False,handshake_rejected,0
Strict KEX model,567,False,False,False,handshake_rejected,0
Strict KEX model,568,False,False,False,handshake_rejected,0
Strict KEX model,569,False,False,False,handshake_rejected,0
Strict KEX model,570,False,False,False,handshake_rejected,0
Strict KEX model,571,False,False,False,handshake_rejected,0
Strict KEX model,572,False,False,False,handshake_rejected,0
Strict KEX model,573,False,False,False,handshake_rejected,0
Strict KEX model,574,False,False,False,handshake_rejected,0
Strict KEX model,575,False,False,False,handshake_rejected,0
Strict KEX model,576,False,False,False,handshake_rejected,0
Strict KEX model,577,False,False,False,handshake_rejected,0
Strict KEX model,578,False,False,False,handshake_rejected,0
Strict KEX model,579,False,False,False,handshake_rejected,0
Strict KEX model,580,False,False,False,handshake_rejected,0
Strict KEX model,581,False,False,False,handshake_rejected,0
Strict KEX model,582,False,False,False,handshake_rejected,0
Strict KEX model,583,False,False,False,handshake_rejected,0
Strict KEX model,584,False,False,False,handshake_rejected,0
Strict KEX model,585,False,False,False,handshake_rejected,0
Strict KEX model,586,False,False,False,handshake_rejected,0
Strict KEX model,587,False,False,False,handshake_rejected,0
Strict KEX model,588,False,False,False,handshake_rejected,0
Strict KEX model,589,False,False,False,handshake_rejected,0
Strict KEX model,590,False,False,False,handshake_rejected,0
Strict KEX model,591,False,False,False,handshake_rejected,0
Strict KEX model,592,False,False,False,handshake_rejected,0
Strict KEX model,593,False,False,False,handshake_rejected,0
Strict KEX model,594,False,False,False,handshake_rejected,0
Strict KEX model,595,False,False,False,handshake_rejected,0
Strict KEX model,596,False,False,False,handshake_rejected,0
Strict KEX model,597,False,False,False,handshake_rejected,0
Strict KEX model,598,False,False,False,handshake_rejected,0
Strict KEX model,599,False,False,False,handshake_rejected,0
Strict KEX model,600,False,False,False,handshake_rejected,0
Strict KEX model,601,False,False,False,handshake_rejected,0
Strict KEX model,602,False,False,False,handshake_rejected,0
Strict KEX model,603,False,False,False,handshake_rejected,0
Strict KEX model,604,False,False,False,handshake_rejected,0
Strict KEX model,605,False,False,False,handshake_rejected,0
Strict KEX model,606,False,False,False,handshake_rejected,0
Strict KEX model,607,False,False,False,handshake_rejected,0
Strict KEX model,608,False,False,False,handshake_rejected,0
Strict KEX model,609,False,False,False,handshake_rejected,0
Strict KEX model,610,False,False,False,handshake_rejected,0
Strict KEX model,611,False,False,False,handshake_rejected,0
Strict KEX model,612,False,False,False,handshake_rejected,0
Strict KEX model,613,False,False,False,handshake_rejected,0
Strict KEX model,614,False,False,False,handshake_rejected,0
Strict KEX model,615,False,False,False,handshake_rejected,0
Strict KEX model,616,False,False,False,handshake_rejected,0
Strict KEX model,617,False,False,False,handshake_rejected,0
Strict KEX model,618,False,False,False,handshake_rejected,0
Strict KEX model,619,False,False,False,handshake_rejected,0
Strict KEX model,620,False,False,False,handshake_rejected,0
Strict KEX model,621,False,False,False,handshake_rejected,0
Strict KEX model,622,False,False,False,handshake_rejected,0
Strict KEX model,623,False,False,False,handshake_rejected,0
Strict KEX model,624,False,False,False,handshake_rejected,0
Strict KEX model,625,False,False,False,handshake_rejected,0
Strict KEX model,626,False,False,False,handshake_rejected,0
Strict KEX model,627,False,False,False,handshake_rejected,0
Strict KEX model,628,False,False,False,handshake_rejected,0
Strict KEX model,629,False,False,False,handshake_rejected,0
Strict KEX model,630,False,False,False,handshake_rejected,0
Strict KEX model,631,False,False,False,handshake_rejected,0
Strict KEX model,632,False,False,False,handshake_rejected,0
Strict KEX model,633,False,False,False,handshake_rejected,0
Strict KEX model,634,False,False,False,handshake_rejected,0
Strict KEX model,635,False,False,False,handshake_rejected,0
Strict KEX model,636,False,False,False,handshake_rejected,0
Strict KEX model,637,False,False,False,handshake_rejected,0
Strict KEX model,638,False,False,False,handshake_rejected,0
Strict KEX model,639,False,False,False,handshake_rejected,0
Strict KEX model,640,False,False,False,handshake_rejected,0
Strict KEX model,641,False,False,False,handshake_rejected,0
Strict KEX model,642,False,False,False,handshake_rejected,0
Strict KEX model,643,False,False,False,handshake_rejected,0
Strict KEX model,644,False,False,False,handshake_rejected,0
Strict KEX model,645,False,False,False,handshake_rejected,0
Strict KEX model,646,False,False,False,handshake_rejected,0
Strict KEX model,647,False,False,False,handshake_rejected,0
Strict KEX model,648,False,False,False,handshake_rejected,0
Strict KEX model,649,False,False,False,handshake_rejected,0
Strict KEX model,650,False,False,False,handshake_rejected,0
Strict KEX model,651,False,False,False,handshake_rejected,0
Strict KEX model,652,False,False,False,handshake_rejected,0
Strict KEX model,653,False,False,False,handshake_rejected,0
Strict KEX model,654,False,False,False,handshake_rejected,0
Strict KEX model,655,False,False,False,handshake_rejected,0
Strict KEX model,656,False,False,False,handshake_rejected,0
Strict KEX model,657,False,False,False,handshake_rejected,0
Strict KEX model,658,False,False,False,handshake_rejected,0
Strict KEX model,659,False,False,False,handshake_rejected,0
Strict KEX model,660,False,False,False,handshake_rejected,0
Strict KEX model,661,False,False,False,handshake_rejected,0
Strict KEX model,662,False,False,False,handshake_rejected,0
Strict KEX model,663,False,False,False,handshake_rejected,0
Strict KEX model,664,False,False,False,handshake_rejected,0
Strict KEX model,665,False,False,False,handshake_rejected,0
Strict KEX model,666,False,False,False,handshake_rejected,0
Strict KEX model,667,False,False,False,handshake_rejected,0
Strict KEX model,668,False,False,False,handshake_rejected,0
Strict KEX model,669,False,False,False,handshake_rejected,0
Strict KEX model,670,False,False,False,handshake_rejected,0
Strict KEX model,671,False,False,False,handshake_rejected,0
Strict KEX model,672,False,False,False,handshake_rejected,0
Strict KEX model,673,False,False,False,handshake_rejected,0
Strict KEX model,674,False,False,False,handshake_rejected,0
Strict KEX model,675,False,False,False,handshake_rejected,0
Strict KEX model,676,False,False,False,handshake_rejected,0
Strict KEX model,677,False,False,False,handshake_rejected,0
Strict KEX model,678,False,False,False,handshake_rejected,0
Strict KEX model,679,False,False,False,handshake_rejected,0
Strict KEX model,680,False,False,False,handshake_rejected,0
Strict KEX model,681,False,False,False,handshake_rejected,0
Strict KEX model,682,False,False,False,handshake_rejected,0
Strict KEX model,683,False,False,False,handshake_rejected,0
Strict KEX model,684,False,False,False,handshake_rejected,0
Strict KEX model,685,False,False,False,handshake_rejected,0
Strict KEX model,686,False,False,False,handshake_rejected,0
Strict KEX model,687,False,False,False,handshake_rejected,0
Strict KEX model,688,False,False,False,handshake_rejected,0
Strict KEX model,689,False,False,False,handshake_rejected,0
Strict KEX model,690,False,False,False,handshake_rejected,0
Strict KEX model,691,False,False,False,handshake_rejected,0
Strict KEX model,692,False,False,False,handshake_rejected,0
Strict KEX model,693,False,False,False,handshake_rejected,0
Strict KEX model,694,False,False,False,handshake_rejected,0
Strict KEX model,695,False,False,False,handshake_rejected,0
Strict KEX model,696,False,False,False,handshake_rejected,0
Strict KEX model,697,False,False,False,handshake_rejected,0
Strict KEX model,698,False,False,False,handshake_rejected,0
Strict KEX model,699,False,False,False,handshake_rejected,0
Strict KEX model,700,False,False,False,handshake_rejected,0
Strict KEX model,701,False,False,False,handshake_rejected,0
Strict KEX model,702,False,False,False,handshake_rejected,0
Strict KEX model,703,False,False,False,handshake_rejected,0
Strict KEX model,704,False,False,False,handshake_rejected,0
Strict KEX model,705,False,False,False,handshake_rejected,0
Strict KEX model,706,False,False,False,handshake_rejected,0
Strict KEX model,707,False,False,False,handshake_rejected,0
Strict KEX model,708,False,False,False,handshake_rejected,0
Strict KEX model,709,False,False,False,handshake_rejected,0
Strict KEX model,710,False,False,False,handshake_rejected,0
Strict KEX model,711,False,False,False,handshake_rejected,0
Strict KEX model,712,False,False,False,handshake_rejected,0
Strict KEX model,713,False,False,False,handshake_rejected,0
Strict KEX model,714,False,False,False,handshake_rejected,0
Strict KEX model,715,False,False,False,handshake_rejected,0
Strict KEX model,716,False,False,False,handshake_rejected,0
Strict KEX model,717,False,False,False,handshake_rejected,0
Strict KEX model,718,False,False,False,handshake_rejected,0
Strict KEX model,719,False,False,False,handshake_rejected,0
Strict KEX model,720,False,False,False,handshake_rejected,0
Strict KEX model,721,False,False,False,handshake_rejected,0
Strict KEX model,722,False,False,False,handshake_rejected,0
Strict KEX model,723,False,False,False,handshake_rejected,0
Strict KEX model,724,False,False,False,handshake_rejected,0
Strict KEX model,725,False,False,False,handshake_rejected,0
Strict KEX model,726,False,False,False,handshake_rejected,0
Strict KEX model,727,False,False,False,handshake_rejected,0
Strict KEX model,728,False,False,False,handshake_rejected,0
Strict KEX model,729,False,False,False,handshake_rejected,0
Strict KEX model,730,False,False,False,handshake_rejected,0
Strict KEX model,731,False,False,False,handshake_rejected,0
Strict KEX model,732,False,False,False,handshake_rejected,0
Strict KEX model,733,False,False,False,handshake_rejected,0
Strict KEX model,734,False,False,False,handshake_rejected,0
Strict KEX model,735,False,False,False,handshake_rejected,0
Strict KEX model,736,False,False,False,handshake_rejected,0
Strict KEX model,737,False,False,False,handshake_rejected,0
Strict KEX model,738,False,False,False,handshake_rejected,0
Strict KEX model,739,False,False,False,handshake_rejected,0
Strict KEX model,740,False,False,False,handshake_rejected,0
Strict KEX model,741,False,False,False,handshake_rejected,0
Strict KEX model,742,False,False,False,handshake_rejected,0
Strict KEX model,743,False,False,False,handshake_rejected,0
Strict KEX model,744,False,False,False,handshake_rejected,0
Strict KEX model,745,False,False,False,handshake_rejected,0
Strict KEX model,746,False,False,False,handshake_rejected,0
Strict KEX model,747,False,False,False,handshake_rejected,0
Strict KEX model,748,False,False,False,handshake_rejected,0
Strict KEX model,749,False,False,False,handshake_rejected,0
Strict KEX model,750,False,False,False,handshake_rejected,0
Strict KEX model,751,False,False,False,handshake_rejected,0
Strict KEX model,752,False,False,False,handshake_rejected,0
Strict KEX model,753,False,False,False,handshake_rejected,0
Strict KEX model,754,False,False,False,handshake_rejected,0
Strict KEX model,755,False,False,False,handshake_rejected,0
Strict KEX model,756,False,False,False,handshake_rejected,0
Strict KEX model,757,False,False,False,handshake_rejected,0
Strict KEX model,758,False,False,False,handshake_rejected,0
Strict KEX model,759,False,False,False,handshake_rejected,0
Strict KEX model,760,False,False,False,handshake_rejected,0
Strict KEX model,761,False,False,False,handshake_rejected,0
Strict KEX model,762,False,False,False,handshake_rejected,0
Strict KEX model,763,False,False,False,handshake_rejected,0
Strict KEX model,764,False,False,False,handshake_rejected,0
Strict KEX model,765,False,False,False,handshake_rejected,0
Strict KEX model,766,False,False,False,handshake_rejected,0
Strict KEX model,767,False,False,False,handshake_rejected,0
Strict KEX model,768,False,False,False,handshake_rejected,0
Strict KEX model,769,False,False,False,handshake_rejected,0
Strict KEX model,770,False,False,False,handshake_rejected,0
Strict KEX model,771,False,False,False,handshake_rejected,0
Strict KEX model,772,False,False,False,handshake_rejected,0
Strict KEX model,773,False,False,False,handshake_rejected,0
Strict KEX model,774,False,False,False,handshake_rejected,0
Strict KEX model,775,False,False,False,handshake_rejected,0
Strict KEX model,776,False,False,False,handshake_rejected,0
Strict KEX model,777,False,False,False,handshake_rejected,0
Strict KEX model,778,False,False,False,handshake_rejected,0
Strict KEX model,779,False,False,False,handshake_rejected,0
Strict KEX model,780,False,False,False,handshake_rejected,0
Strict KEX model,781,False,False,False,handshake_rejected,0
Strict KEX model,782,False,False,False,handshake_rejected,0
Strict KEX model,783,False,False,False,handshake_rejected,0
Strict KEX model,784,False,False,False,handshake_rejected,0
Strict KEX model,785,False,False,False,handshake_rejected,0
Strict KEX model,786,False,False,False,handshake_rejected,0
Strict KEX model,787,False,False,False,handshake_rejected,0
Strict KEX model,788,False,False,False,handshake_rejected,0
Strict KEX model,789,False,False,False,handshake_rejected,0
Strict KEX model,790,False,False,False,handshake_rejected,0
Strict KEX model,791,False,False,False,handshake_rejected,0
Strict KEX model,792,False,False,False,handshake_rejected,0
Strict KEX model,793,False,False,False,handshake_rejected,0
Strict KEX model,794,False,False,False,handshake_rejected,0
Strict KEX model,795,False,False,False,handshake_rejected,0
Strict KEX model,796,False,False,False,handshake_rejected,0
Strict KEX model,797,False,False,False,handshake_rejected,0
Strict KEX model,798,False,False,False,handshake_rejected,0
Strict KEX model,799,False,False,False,handshake_rejected,0
Strict KEX model,800,False,False,False,handshake_rejected,0
Strict KEX model,801,False,False,False,handshake_rejected,0
Strict KEX model,802,False,False,False,handshake_rejected,0
Strict KEX model,803,False,False,False,handshake_rejected,0
Strict KEX model,804,False,False,False,handshake_rejected,0
Strict KEX model,805,False,False,False,handshake_rejected,0
Strict KEX model,806,False,False,False,handshake_rejected,0
Strict KEX model,807,False,False,False,handshake_rejected,0
Strict KEX model,808,False,False,False,handshake_rejected,0
Strict KEX model,809,False,False,False,handshake_rejected,0
Strict KEX model,810,False,False,False,handshake_rejected,0
Strict KEX model,811,False,False,False,handshake_rejected,0
Strict KEX model,812,False,False,False,handshake_rejected,0
Strict KEX model,813,False,False,False,handshake_rejected,0
Strict KEX model,814,False,False,False,handshake_rejected,0
Strict KEX model,815,False,False,False,handshake_rejected,0
Strict KEX model,816,False,False,False,handshake_rejected,0
Strict KEX model,817,False,False,False,handshake_rejected,0
Strict KEX model,818,False,False,False,handshake_rejected,0
Strict KEX model,819,False,False,False,handshake_rejected,0
Strict KEX model,820,False,False,False,handshake_rejected,0
Strict KEX model,821,False,False,False,handshake_rejected,0
Strict KEX model,822,False,False,False,handshake_rejected,0
Strict KEX model,823,False,False,False,handshake_rejected,0
Strict KEX model,824,False,False,False,handshake_rejected,0
Strict KEX model,825,False,False,False,handshake_rejected,0
Strict KEX model,826,False,False,False,handshake_rejected,0
Strict KEX model,827,False,False,False,handshake_rejected,0
Strict KEX model,828,False,False,False,handshake_rejected,0
Strict KEX model,829,False,False,False,handshake_rejected,0
Strict KEX model,830,False,False,False,handshake_rejected,0
Strict KEX model,831,False,False,False,handshake_rejected,0
Strict KEX model,832,False,False,False,handshake_rejected,0
Strict KEX model,833,False,False,False,handshake_rejected,0
Strict KEX model,834,False,False,False,handshake_rejected,0
Strict KEX model,835,False,False,False,handshake_rejected,0
Strict KEX model,836,False,False,False,handshake_rejected,0
Strict KEX model,837,False,False,False,handshake_rejected,0
Strict KEX model,838,False,False,False,handshake_rejected,0
Strict KEX model,839,False,False,False,handshake_rejected,0
Strict KEX model,840,False,False,False,handshake_rejected,0
Strict KEX model,841,False,False,False,handshake_rejected,0
Strict KEX model,842,False,False,False,handshake_rejected,0
Strict KEX model,843,False,False,False,handshake_rejected,0
Strict KEX model,844,False,False,False,handshake_rejected,0
Strict KEX model,845,False,False,False,handshake_rejected,0
Strict KEX model,846,False,False,False,handshake_rejected,0
Strict KEX model,847,False,False,False,handshake_rejected,0
Strict KEX model,848,False,False,False,handshake_rejected,0
Strict KEX model,849,False,False,False,handshake_rejected,0
Strict KEX model,850,False,False,False,handshake_rejected,0
Strict KEX model,851,False,False,False,handshake_rejected,0
Strict KEX model,852,False,False,False,handshake_rejected,0
Strict KEX model,853,False,False,False,handshake_rejected,0
Strict KEX model,854,False,False,False,handshake_rejected,0
Strict KEX model,855,False,False,False,handshake_rejected,0
Strict KEX model,856,False,False,False,handshake_rejected,0
Strict KEX model,857,False,False,False,handshake_rejected,0
Strict KEX model,858,False,False,False,handshake_rejected,0
Strict KEX model,859,False,False,False,handshake_rejected,0
Strict KEX model,860,False,False,False,handshake_rejected,0
Strict KEX model,861,False,False,False,handshake_rejected,0
Strict KEX model,862,False,False,False,handshake_rejected,0
Strict KEX model,863,False,False,False,handshake_rejected,0
Strict KEX model,864,False,False,False,handshake_rejected,0
Strict KEX model,865,False,False,False,handshake_rejected,0
Strict KEX model,866,False,False,False,handshake_rejected,0
Strict KEX model,867,False,False,False,handshake_rejected,0
Strict KEX model,868,False,False,False,handshake_rejected,0
Strict KEX model,869,False,False,False,handshake_rejected,0
Strict KEX model,870,False,False,False,handshake_rejected,0
Strict KEX model,871,False,False,False,handshake_rejected,0
Strict KEX model,872,False,False,False,handshake_rejected,0
Strict KEX model,873,False,False,False,handshake_rejected,0
Strict KEX model,874,False,False,False,handshake_rejected,0
Strict KEX model,875,False,False,False,handshake_rejected,0
Strict KEX model,876,False,False,False,handshake_rejected,0
Strict KEX model,877,False,False,False,handshake_rejected,0
Strict KEX model,878,False,False,False,handshake_rejected,0
Strict KEX model,879,False,False,False,handshake_rejected,0
Strict KEX model,880,False,False,False,handshake_rejected,0
Strict KEX model,881,False,False,False,handshake_rejected,0
Strict KEX model,882,False,False,False,handshake_rejected,0
Strict KEX model,883,False,False,False,handshake_rejected,0
Strict KEX model,884,False,False,False,handshake_rejected,0
Strict KEX model,885,False,False,False,handshake_rejected,0
Strict KEX model,886,False,False,False,handshake_rejected,0
Strict KEX model,887,False,False,False,handshake_rejected,0
Strict KEX model,888,False,False,False,handshake_rejected,0
Strict KEX model,889,False,False,False,handshake_rejected,0
Strict KEX model,890,False,False,False,handshake_rejected,0
Strict KEX model,891,False,False,False,handshake_rejected,0
Strict KEX model,892,False,False,False,handshake_rejected,0
Strict KEX model,893,False,False,False,handshake_rejected,0
Strict KEX model,894,False,False,False,handshake_rejected,0
Strict KEX model,895,False,False,False,handshake_rejected,0
Strict KEX model,896,False,False,False,handshake_rejected,0
Strict KEX model,897,False,False,False,handshake_rejected,0
Strict KEX model,898,False,False,False,handshake_rejected,0
Strict KEX model,899,False,False,False,handshake_rejected,0
Strict KEX model,900,False,False,False,handshake_rejected,0
Strict KEX model,901,False,False,False,handshake_rejected,0
Strict KEX model,902,False,False,False,handshake_rejected,0
Strict KEX model,903,False,False,False,handshake_rejected,0
Strict KEX model,904,False,False,False,handshake_rejected,0
Strict KEX model,905,False,False,False,handshake_rejected,0
Strict KEX model,906,False,False,False,handshake_rejected,0
Strict KEX model,907,False,False,False,handshake_rejected,0
Strict KEX model,908,False,False,False,handshake_rejected,0
Strict KEX model,909,False,False,False,handshake_rejected,0
Strict KEX model,910,False,False,False,handshake_rejected,0
Strict KEX model,911,False,False,False,handshake_rejected,0
Strict KEX model,912,False,False,False,handshake_rejected,0
Strict KEX model,913,False,False,False,handshake_rejected,0
Strict KEX model,914,False,False,False,handshake_rejected,0
Strict KEX model,915,False,False,False,handshake_rejected,0
Strict KEX model,916,False,False,False,handshake_rejected,0
Strict KEX model,917,False,False,False,handshake_rejected,0
Strict KEX model,918,False,False,False,handshake_rejected,0
Strict KEX model,919,False,False,False,handshake_rejected,0
Strict KEX model,920,False,False,False,handshake_rejected,0
Strict KEX model,921,False,False,False,handshake_rejected,0
Strict KEX model,922,False,False,False,handshake_rejected,0
Strict KEX model,923,False,False,False,handshake_rejected,0
Strict KEX model,924,False,False,False,handshake_rejected,0
Strict KEX model,925,False,False,False,handshake_rejected,0
Strict KEX model,926,False,False,False,handshake_rejected,0
Strict KEX model,927,False,False,False,handshake_rejected,0
Strict KEX model,928,False,False,False,handshake_rejected,0
Strict KEX model,929,False,False,False,handshake_rejected,0
Strict KEX model,930,False,False,False,handshake_rejected,0
Strict KEX model,931,False,False,False,handshake_rejected,0
Strict KEX model,932,False,False,False,handshake_rejected,0
Strict KEX model,933,False,False,False,handshake_rejected,0
Strict KEX model,934,False,False,False,handshake_rejected,0
Strict KEX model,935,False,False,False,handshake_rejected,0
Strict KEX model,936,False,False,False,handshake_rejected,0
Strict KEX model,937,False,False,False,handshake_rejected,0
Strict KEX model,938,False,False,False,handshake_rejected,0
Strict KEX model,939,False,False,False,handshake_rejected,0
Strict KEX model,940,False,False,False,handshake_rejected,0
Strict KEX model,941,False,False,False,handshake_rejected,0
Strict KEX model,942,False,False,False,handshake_rejected,0
Strict KEX model,943,False,False,False,handshake_rejected,0
Strict KEX model,944,False,False,False,handshake_rejected,0
Strict KEX model,945,False,False,False,handshake_rejected,0
Strict KEX model,946,False,False,False,handshake_rejected,0
Strict KEX model,947,False,False,False,handshake_rejected,0
Strict KEX model,948,False,False,False,handshake_rejected,0
Strict KEX model,949,False,False,False,handshake_rejected,0
Strict KEX model,950,False,False,False,handshake_rejected,0
Strict KEX model,951,False,False,False,handshake_rejected,0
Strict KEX model,952,False,False,False,handshake_rejected,0
Strict KEX model,953,False,False,False,handshake_rejected,0
Strict KEX model,954,False,False,False,handshake_rejected,0
Strict KEX model,955,False,False,False,handshake_rejected,0
Strict KEX model,956,False,False,False,handshake_rejected,0
Strict KEX model,957,False,False,False,handshake_rejected,0
Strict KEX model,958,False,False,False,handshake_rejected,0
Strict KEX model,959,False,False,False,handshake_rejected,0
Strict KEX model,960,False,False,False,handshake_rejected,0
Strict KEX model,961,False,False,False,handshake_rejected,0
Strict KEX model,962,False,False,False,handshake_rejected,0
Strict KEX model,963,False,False,False,handshake_rejected,0
Strict KEX model,964,False,False,False,handshake_rejected,0
Strict KEX model,965,False,False,False,handshake_rejected,0
Strict KEX model,966,False,False,False,handshake_rejected,0
Strict KEX model,967,False,False,False,handshake_rejected,0
Strict KEX model,968,False,False,False,handshake_rejected,0
Strict KEX model,969,False,False,False,handshake_rejected,0
Strict KEX model,970,False,False,False,handshake_rejected,0
Strict KEX model,971,False,False,False,handshake_rejected,0
Strict KEX model,972,False,False,False,handshake_rejected,0
Strict KEX model,973,False,False,False,handshake_rejected,0
Strict KEX model,974,False,False,False,handshake_rejected,0
Strict KEX model,975,False,False,False,handshake_rejected,0
Strict KEX model,976,False,False,False,handshake_rejected,0
Strict KEX model,977,False,False,False,handshake_rejected,0
Strict KEX model,978,False,False,False,handshake_rejected,0
Strict KEX model,979,False,False,False,handshake_rejected,0
Strict KEX model,980,False,False,False,handshake_rejected,0
Strict KEX model,981,False,False,False,handshake_rejected,0
Strict KEX model,982,False,False,False,handshake_rejected,0
Strict KEX model,983,False,False,False,handshake_rejected,0
Strict KEX model,984,False,False,False,handshake_rejected,0
Strict KEX model,985,False,False,False,handshake_rejected,0
Strict KEX model,986,False,False,False,handshake_rejected,0
Strict KEX model,987,False,False,False,handshake_rejected,0
Strict KEX model,988,False,False,False,handshake_rejected,0
Strict KEX model,989,False,False,False,handshake_rejected,0
Strict KEX model,990,False,False,False,handshake_rejected,0
Strict KEX model,991,False,False,False,handshake_rejected,0
Strict KEX model,992,False,False,False,handshake_rejected,0
Strict KEX model,993,False,False,False,handshake_rejected,0
Strict KEX model,994,False,False,False,handshake_rejected,0
Strict KEX model,995,False,False,False,handshake_rejected,0
Strict KEX model,996,False,False,False,handshake_rejected,0
Strict KEX model,997,False,False,False,handshake_rejected,0
Strict KEX model,998,False,False,False,handshake_rejected,0
Strict KEX model,999,False,False,False,handshake_rejected,0
Tampered ciphertext,0,False,False,False,packet_rejected,0
Tampered ciphertext,1,False,False,False,packet_rejected,0
Tampered ciphertext,2,False,False,False,packet_rejected,0
Tampered ciphertext,3,False,False,False,packet_rejected,0
Tampered ciphertext,4,False,False,False,packet_rejected,0
Tampered ciphertext,5,False,False,False,packet_rejected,0
Tampered ciphertext,6,False,False,False,packet_rejected,0
Tampered ciphertext,7,False,False,False,packet_rejected,0
Tampered ciphertext,8,False,False,False,packet_rejected,0
Tampered ciphertext,9,False,False,False,packet_rejected,0
Tampered ciphertext,10,False,False,False,packet_rejected,0
Tampered ciphertext,11,False,False,False,packet_rejected,0
Tampered ciphertext,12,False,False,False,packet_rejected,0
Tampered ciphertext,13,False,False,False,packet_rejected,0
Tampered ciphertext,14,False,False,False,packet_rejected,0
Tampered ciphertext,15,False,False,False,packet_rejected,0
Tampered ciphertext,16,False,False,False,packet_rejected,0
Tampered ciphertext,17,False,False,False,packet_rejected,0
Tampered ciphertext,18,False,False,False,packet_rejected,0
Tampered ciphertext,19,False,False,False,packet_rejected,0
Tampered ciphertext,20,False,False,False,packet_rejected,0
Tampered ciphertext,21,False,False,False,packet_rejected,0
Tampered ciphertext,22,False,False,False,packet_rejected,0
Tampered ciphertext,23,False,False,False,packet_rejected,0
Tampered ciphertext,24,False,False,False,packet_rejected,0
Tampered ciphertext,25,False,False,False,packet_rejected,0
Tampered ciphertext,26,False,False,False,packet_rejected,0
Tampered ciphertext,27,False,False,False,packet_rejected,0
Tampered ciphertext,28,False,False,False,packet_rejected,0
Tampered ciphertext,29,False,False,False,packet_rejected,0
Tampered ciphertext,30,False,False,False,packet_rejected,0
Tampered ciphertext,31,False,False,False,packet_rejected,0
Tampered ciphertext,32,False,False,False,packet_rejected,0
Tampered ciphertext,33,False,False,False,packet_rejected,0
Tampered ciphertext,34,False,False,False,packet_rejected,0
Tampered ciphertext,35,False,False,False,packet_rejected,0
Tampered ciphertext,36,False,False,False,packet_rejected,0
Tampered ciphertext,37,False,False,False,packet_rejected,0
Tampered ciphertext,38,False,False,False,packet_rejected,0
Tampered ciphertext,39,False,False,False,packet_rejected,0
Tampered ciphertext,40,False,False,False,packet_rejected,0
Tampered ciphertext,41,False,False,False,packet_rejected,0
Tampered ciphertext,42,False,False,False,packet_rejected,0
Tampered ciphertext,43,False,False,False,packet_rejected,0
Tampered ciphertext,44,False,False,False,packet_rejected,0
Tampered ciphertext,45,False,False,False,packet_rejected,0
Tampered ciphertext,46,False,False,False,packet_rejected,0
Tampered ciphertext,47,False,False,False,packet_rejected,0
Tampered ciphertext,48,False,False,False,packet_rejected,0
Tampered ciphertext,49,False,False,False,packet_rejected,0
Tampered ciphertext,50,False,False,False,packet_rejected,0
Tampered ciphertext,51,False,False,False,packet_rejected,0
Tampered ciphertext,52,False,False,False,packet_rejected,0
Tampered ciphertext,53,False,False,False,packet_rejected,0
Tampered ciphertext,54,False,False,False,packet_rejected,0
Tampered ciphertext,55,False,False,False,packet_rejected,0
Tampered ciphertext,56,False,False,False,packet_rejected,0
Tampered ciphertext,57,False,False,False,packet_rejected,0
Tampered ciphertext,58,False,False,False,packet_rejected,0
Tampered ciphertext,59,False,False,False,packet_rejected,0
Tampered ciphertext,60,False,False,False,packet_rejected,0
Tampered ciphertext,61,False,False,False,packet_rejected,0
Tampered ciphertext,62,False,False,False,packet_rejected,0
Tampered ciphertext,63,False,False,False,packet_rejected,0
Tampered ciphertext,64,False,False,False,packet_rejected,0
Tampered ciphertext,65,False,False,False,packet_rejected,0
Tampered ciphertext,66,False,False,False,packet_rejected,0
Tampered ciphertext,67,False,False,False,packet_rejected,0
Tampered ciphertext,68,False,False,False,packet_rejected,0
Tampered ciphertext,69,False,False,False,packet_rejected,0
Tampered ciphertext,70,False,False,False,packet_rejected,0
Tampered ciphertext,71,False,False,False,packet_rejected,0
Tampered ciphertext,72,False,False,False,packet_rejected,0
Tampered ciphertext,73,False,False,False,packet_rejected,0
Tampered ciphertext,74,False,False,False,packet_rejected,0
Tampered ciphertext,75,False,False,False,packet_rejected,0
Tampered ciphertext,76,False,False,False,packet_rejected,0
Tampered ciphertext,77,False,False,False,packet_rejected,0
Tampered ciphertext,78,False,False,False,packet_rejected,0
Tampered ciphertext,79,False,False,False,packet_rejected,0
Tampered ciphertext,80,False,False,False,packet_rejected,0
Tampered ciphertext,81,False,False,False,packet_rejected,0
Tampered ciphertext,82,False,False,False,packet_rejected,0
Tampered ciphertext,83,False,False,False,packet_rejected,0
Tampered ciphertext,84,False,False,False,packet_rejected,0
Tampered ciphertext,85,False,False,False,packet_rejected,0
Tampered ciphertext,86,False,False,False,packet_rejected,0
Tampered ciphertext,87,False,False,False,packet_rejected,0
Tampered ciphertext,88,False,False,False,packet_rejected,0
Tampered ciphertext,89,False,False,False,packet_rejected,0
Tampered ciphertext,90,False,False,False,packet_rejected,0
Tampered ciphertext,91,False,False,False,packet_rejected,0
Tampered ciphertext,92,False,False,False,packet_rejected,0
Tampered ciphertext,93,False,False,False,packet_rejected,0
Tampered ciphertext,94,False,False,False,packet_rejected,0
Tampered ciphertext,95,False,False,False,packet_rejected,0
Tampered ciphertext,96,False,False,False,packet_rejected,0
Tampered ciphertext,97,False,False,False,packet_rejected,0
Tampered ciphertext,98,False,False,False,packet_rejected,0
Tampered ciphertext,99,False,False,False,packet_rejected,0
Tampered ciphertext,100,False,False,False,packet_rejected,0
Tampered ciphertext,101,False,False,False,packet_rejected,0
Tampered ciphertext,102,False,False,False,packet_rejected,0
Tampered ciphertext,103,False,False,False,packet_rejected,0
Tampered ciphertext,104,False,False,False,packet_rejected,0
Tampered ciphertext,105,False,False,False,packet_rejected,0
Tampered ciphertext,106,False,False,False,packet_rejected,0
Tampered ciphertext,107,False,False,False,packet_rejected,0
Tampered ciphertext,108,False,False,False,packet_rejected,0
Tampered ciphertext,109,False,False,False,packet_rejected,0
Tampered ciphertext,110,False,False,False,packet_rejected,0
Tampered ciphertext,111,False,False,False,packet_rejected,0
Tampered ciphertext,112,False,False,False,packet_rejected,0
Tampered ciphertext,113,False,False,False,packet_rejected,0
Tampered ciphertext,114,False,False,False,packet_rejected,0
Tampered ciphertext,115,False,False,False,packet_rejected,0
Tampered ciphertext,116,False,False,False,packet_rejected,0
Tampered ciphertext,117,False,False,False,packet_rejected,0
Tampered ciphertext,118,False,False,False,packet_rejected,0
Tampered ciphertext,119,False,False,False,packet_rejected,0
Tampered ciphertext,120,False,False,False,packet_rejected,0
Tampered ciphertext,121,False,False,False,packet_rejected,0
Tampered ciphertext,122,False,False,False,packet_rejected,0
Tampered ciphertext,123,False,False,False,packet_rejected,0
Tampered ciphertext,124,False,False,False,packet_rejected,0
Tampered ciphertext,125,False,False,False,packet_rejected,0
Tampered ciphertext,126,False,False,False,packet_rejected,0
Tampered ciphertext,127,False,False,False,packet_rejected,0
Tampered ciphertext,128,False,False,False,packet_rejected,0
Tampered ciphertext,129,False,False,False,packet_rejected,0
Tampered ciphertext,130,False,False,False,packet_rejected,0
Tampered ciphertext,131,False,False,False,packet_rejected,0
Tampered ciphertext,132,False,False,False,packet_rejected,0
Tampered ciphertext,133,False,False,False,packet_rejected,0
Tampered ciphertext,134,False,False,False,packet_rejected,0
Tampered ciphertext,135,False,False,False,packet_rejected,0
Tampered ciphertext,136,False,False,False,packet_rejected,0
Tampered ciphertext,137,False,False,False,packet_rejected,0
Tampered ciphertext,138,False,False,False,packet_rejected,0
Tampered ciphertext,139,False,False,False,packet_rejected,0
Tampered ciphertext,140,False,False,False,packet_rejected,0
Tampered ciphertext,141,False,False,False,packet_rejected,0
Tampered ciphertext,142,False,False,False,packet_rejected,0
Tampered ciphertext,143,False,False,False,packet_rejected,0
Tampered ciphertext,144,False,False,False,packet_rejected,0
Tampered ciphertext,145,False,False,False,packet_rejected,0
Tampered ciphertext,146,False,False,False,packet_rejected,0
Tampered ciphertext,147,False,False,False,packet_rejected,0
Tampered ciphertext,148,False,False,False,packet_rejected,0
Tampered ciphertext,149,False,False,False,packet_rejected,0
Tampered ciphertext,150,False,False,False,packet_rejected,0
Tampered ciphertext,151,False,False,False,packet_rejected,0
Tampered ciphertext,152,False,False,False,packet_rejected,0
Tampered ciphertext,153,False,False,False,packet_rejected,0
Tampered ciphertext,154,False,False,False,packet_rejected,0
Tampered ciphertext,155,False,False,False,packet_rejected,0
Tampered ciphertext,156,False,False,False,packet_rejected,0
Tampered ciphertext,157,False,False,False,packet_rejected,0
Tampered ciphertext,158,False,False,False,packet_rejected,0
Tampered ciphertext,159,False,False,False,packet_rejected,0
Tampered ciphertext,160,False,False,False,packet_rejected,0
Tampered ciphertext,161,False,False,False,packet_rejected,0
Tampered ciphertext,162,False,False,False,packet_rejected,0
Tampered ciphertext,163,False,False,False,packet_rejected,0
Tampered ciphertext,164,False,False,False,packet_rejected,0
Tampered ciphertext,165,False,False,False,packet_rejected,0
Tampered ciphertext,166,False,False,False,packet_rejected,0
Tampered ciphertext,167,False,False,False,packet_rejected,0
Tampered ciphertext,168,False,False,False,packet_rejected,0
Tampered ciphertext,169,False,False,False,packet_rejected,0
Tampered ciphertext,170,False,False,False,packet_rejected,0
Tampered ciphertext,171,False,False,False,packet_rejected,0
Tampered ciphertext,172,False,False,False,packet_rejected,0
Tampered ciphertext,173,False,False,False,packet_rejected,0
Tampered ciphertext,174,False,False,False,packet_rejected,0
Tampered ciphertext,175,False,False,False,packet_rejected,0
Tampered ciphertext,176,False,False,False,packet_rejected,0
Tampered ciphertext,177,False,False,False,packet_rejected,0
Tampered ciphertext,178,False,False,False,packet_rejected,0
Tampered ciphertext,179,False,False,False,packet_rejected,0
Tampered ciphertext,180,False,False,False,packet_rejected,0
Tampered ciphertext,181,False,False,False,packet_rejected,0
Tampered ciphertext,182,False,False,False,packet_rejected,0
Tampered ciphertext,183,False,False,False,packet_rejected,0
Tampered ciphertext,184,False,False,False,packet_rejected,0
Tampered ciphertext,185,False,False,False,packet_rejected,0
Tampered ciphertext,186,False,False,False,packet_rejected,0
Tampered ciphertext,187,False,False,False,packet_rejected,0
Tampered ciphertext,188,False,False,False,packet_rejected,0
Tampered ciphertext,189,False,False,False,packet_rejected,0
Tampered ciphertext,190,False,False,False,packet_rejected,0
Tampered ciphertext,191,False,False,False,packet_rejected,0
Tampered ciphertext,192,False,False,False,packet_rejected,0
Tampered ciphertext,193,False,False,False,packet_rejected,0
Tampered ciphertext,194,False,False,False,packet_rejected,0
Tampered ciphertext,195,False,False,False,packet_rejected,0
Tampered ciphertext,196,False,False,False,packet_rejected,0
Tampered ciphertext,197,False,False,False,packet_rejected,0
Tampered ciphertext,198,False,False,False,packet_rejected,0
Tampered ciphertext,199,False,False,False,packet_rejected,0
Tampered ciphertext,200,False,False,False,packet_rejected,0
Tampered ciphertext,201,False,False,False,packet_rejected,0
Tampered ciphertext,202,False,False,False,packet_rejected,0
Tampered ciphertext,203,False,False,False,packet_rejected,0
Tampered ciphertext,204,False,False,False,packet_rejected,0
Tampered ciphertext,205,False,False,False,packet_rejected,0
Tampered ciphertext,206,False,False,False,packet_rejected,0
Tampered ciphertext,207,False,False,False,packet_rejected,0
Tampered ciphertext,208,False,False,False,packet_rejected,0
Tampered ciphertext,209,False,False,False,packet_rejected,0
Tampered ciphertext,210,False,False,False,packet_rejected,0
Tampered ciphertext,211,False,False,False,packet_rejected,0
Tampered ciphertext,212,False,False,False,packet_rejected,0
Tampered ciphertext,213,False,False,False,packet_rejected,0
Tampered ciphertext,214,False,False,False,packet_rejected,0
Tampered ciphertext,215,False,False,False,packet_rejected,0
Tampered ciphertext,216,False,False,False,packet_rejected,0
Tampered ciphertext,217,False,False,False,packet_rejected,0
Tampered ciphertext,218,False,False,False,packet_rejected,0
Tampered ciphertext,219,False,False,False,packet_rejected,0
Tampered ciphertext,220,False,False,False,packet_rejected,0
Tampered ciphertext,221,False,False,False,packet_rejected,0
Tampered ciphertext,222,False,False,False,packet_rejected,0
Tampered ciphertext,223,False,False,False,packet_rejected,0
Tampered ciphertext,224,False,False,False,packet_rejected,0
Tampered ciphertext,225,False,False,False,packet_rejected,0
Tampered ciphertext,226,False,False,False,packet_rejected,0
Tampered ciphertext,227,False,False,False,packet_rejected,0
Tampered ciphertext,228,False,False,False,packet_rejected,0
Tampered ciphertext,229,False,False,False,packet_rejected,0
Tampered ciphertext,230,False,False,False,packet_rejected,0
Tampered ciphertext,231,False,False,False,packet_rejected,0
Tampered ciphertext,232,False,False,False,packet_rejected,0
Tampered ciphertext,233,False,False,False,packet_rejected,0
Tampered ciphertext,234,False,False,False,packet_rejected,0
Tampered ciphertext,235,False,False,False,packet_rejected,0
Tampered ciphertext,236,False,False,False,packet_rejected,0
Tampered ciphertext,237,False,False,False,packet_rejected,0
Tampered ciphertext,238,False,False,False,packet_rejected,0
Tampered ciphertext,239,False,False,False,packet_rejected,0
Tampered ciphertext,240,False,False,False,packet_rejected,0
Tampered ciphertext,241,False,False,False,packet_rejected,0
Tampered ciphertext,242,False,False,False,packet_rejected,0
Tampered ciphertext,243,False,False,False,packet_rejected,0
Tampered ciphertext,244,False,False,False,packet_rejected,0
Tampered ciphertext,245,False,False,False,packet_rejected,0
Tampered ciphertext,246,False,False,False,packet_rejected,0
Tampered ciphertext,247,False,False,False,packet_rejected,0
Tampered ciphertext,248,False,False,False,packet_rejected,0
Tampered ciphertext,249,False,False,False,packet_rejected,0
Tampered ciphertext,250,False,False,False,packet_rejected,0
Tampered ciphertext,251,False,False,False,packet_rejected,0
Tampered ciphertext,252,False,False,False,packet_rejected,0
Tampered ciphertext,253,False,False,False,packet_rejected,0
Tampered ciphertext,254,False,False,False,packet_rejected,0
Tampered ciphertext,255,False,False,False,packet_rejected,0
Tampered ciphertext,256,False,False,False,packet_rejected,0
Tampered ciphertext,257,False,False,False,packet_rejected,0
Tampered ciphertext,258,False,False,False,packet_rejected,0
Tampered ciphertext,259,False,False,False,packet_rejected,0
Tampered ciphertext,260,False,False,False,packet_rejected,0
Tampered ciphertext,261,False,False,False,packet_rejected,0
Tampered ciphertext,262,False,False,False,packet_rejected,0
Tampered ciphertext,263,False,False,False,packet_rejected,0
Tampered ciphertext,264,False,False,False,packet_rejected,0
Tampered ciphertext,265,False,False,False,packet_rejected,0
Tampered ciphertext,266,False,False,False,packet_rejected,0
Tampered ciphertext,267,False,False,False,packet_rejected,0
Tampered ciphertext,268,False,False,False,packet_rejected,0
Tampered ciphertext,269,False,False,False,packet_rejected,0
Tampered ciphertext,270,False,False,False,packet_rejected,0
Tampered ciphertext,271,False,False,False,packet_rejected,0
Tampered ciphertext,272,False,False,False,packet_rejected,0
Tampered ciphertext,273,False,False,False,packet_rejected,0
Tampered ciphertext,274,False,False,False,packet_rejected,0
Tampered ciphertext,275,False,False,False,packet_rejected,0
Tampered ciphertext,276,False,False,False,packet_rejected,0
Tampered ciphertext,277,False,False,False,packet_rejected,0
Tampered ciphertext,278,False,False,False,packet_rejected,0
Tampered ciphertext,279,False,False,False,packet_rejected,0
Tampered ciphertext,280,False,False,False,packet_rejected,0
Tampered ciphertext,281,False,False,False,packet_rejected,0
Tampered ciphertext,282,False,False,False,packet_rejected,0
Tampered ciphertext,283,False,False,False,packet_rejected,0
Tampered ciphertext,284,False,False,False,packet_rejected,0
Tampered ciphertext,285,False,False,False,packet_rejected,0
Tampered ciphertext,286,False,False,False,packet_rejected,0
Tampered ciphertext,287,False,False,False,packet_rejected,0
Tampered ciphertext,288,False,False,False,packet_rejected,0
Tampered ciphertext,289,False,False,False,packet_rejected,0
Tampered ciphertext,290,False,False,False,packet_rejected,0
Tampered ciphertext,291,False,False,False,packet_rejected,0
Tampered ciphertext,292,False,False,False,packet_rejected,0
Tampered ciphertext,293,False,False,False,packet_rejected,0
Tampered ciphertext,294,False,False,False,packet_rejected,0
Tampered ciphertext,295,False,False,False,packet_rejected,0
Tampered ciphertext,296,False,False,False,packet_rejected,0
Tampered ciphertext,297,False,False,False,packet_rejected,0
Tampered ciphertext,298,False,False,False,packet_rejected,0
Tampered ciphertext,299,False,False,False,packet_rejected,0
Tampered ciphertext,300,False,False,False,packet_rejected,0
Tampered ciphertext,301,False,False,False,packet_rejected,0
Tampered ciphertext,302,False,False,False,packet_rejected,0
Tampered ciphertext,303,False,False,False,packet_rejected,0
Tampered ciphertext,304,False,False,False,packet_rejected,0
Tampered ciphertext,305,False,False,False,packet_rejected,0
Tampered ciphertext,306,False,False,False,packet_rejected,0
Tampered ciphertext,307,False,False,False,packet_rejected,0
Tampered ciphertext,308,False,False,False,packet_rejected,0
Tampered ciphertext,309,False,False,False,packet_rejected,0
Tampered ciphertext,310,False,False,False,packet_rejected,0
Tampered ciphertext,311,False,False,False,packet_rejected,0
Tampered ciphertext,312,False,False,False,packet_rejected,0
Tampered ciphertext,313,False,False,False,packet_rejected,0
Tampered ciphertext,314,False,False,False,packet_rejected,0
Tampered ciphertext,315,False,False,False,packet_rejected,0
Tampered ciphertext,316,False,False,False,packet_rejected,0
Tampered ciphertext,317,False,False,False,packet_rejected,0
Tampered ciphertext,318,False,False,False,packet_rejected,0
Tampered ciphertext,319,False,False,False,packet_rejected,0
Tampered ciphertext,320,False,False,False,packet_rejected,0
Tampered ciphertext,321,False,False,False,packet_rejected,0
Tampered ciphertext,322,False,False,False,packet_rejected,0
Tampered ciphertext,323,False,False,False,packet_rejected,0
Tampered ciphertext,324,False,False,False,packet_rejected,0
Tampered ciphertext,325,False,False,False,packet_rejected,0
Tampered ciphertext,326,False,False,False,packet_rejected,0
Tampered ciphertext,327,False,False,False,packet_rejected,0
Tampered ciphertext,328,False,False,False,packet_rejected,0
Tampered ciphertext,329,False,False,False,packet_rejected,0
Tampered ciphertext,330,False,False,False,packet_rejected,0
Tampered ciphertext,331,False,False,False,packet_rejected,0
Tampered ciphertext,332,False,False,False,packet_rejected,0
Tampered ciphertext,333,False,False,False,packet_rejected,0
Tampered ciphertext,334,False,False,False,packet_rejected,0
Tampered ciphertext,335,False,False,False,packet_rejected,0
Tampered ciphertext,336,False,False,False,packet_rejected,0
Tampered ciphertext,337,False,False,False,packet_rejected,0
Tampered ciphertext,338,False,False,False,packet_rejected,0
Tampered ciphertext,339,False,False,False,packet_rejected,0
Tampered ciphertext,340,False,False,False,packet_rejected,0
Tampered ciphertext,341,False,False,False,packet_rejected,0
Tampered ciphertext,342,False,False,False,packet_rejected,0
Tampered ciphertext,343,False,False,False,packet_rejected,0
Tampered ciphertext,344,False,False,False,packet_rejected,0
Tampered ciphertext,345,False,False,False,packet_rejected,0
Tampered ciphertext,346,False,False,False,packet_rejected,0
Tampered ciphertext,347,False,False,False,packet_rejected,0
Tampered ciphertext,348,False,False,False,packet_rejected,0
Tampered ciphertext,349,False,False,False,packet_rejected,0
Tampered ciphertext,350,False,False,False,packet_rejected,0
Tampered ciphertext,351,False,False,False,packet_rejected,0
Tampered ciphertext,352,False,False,False,packet_rejected,0
Tampered ciphertext,353,False,False,False,packet_rejected,0
Tampered ciphertext,354,False,False,False,packet_rejected,0
Tampered ciphertext,355,False,False,False,packet_rejected,0
Tampered ciphertext,356,False,False,False,packet_rejected,0
Tampered ciphertext,357,False,False,False,packet_rejected,0
Tampered ciphertext,358,False,False,False,packet_rejected,0
Tampered ciphertext,359,False,False,False,packet_rejected,0
Tampered ciphertext,360,False,False,False,packet_rejected,0
Tampered ciphertext,361,False,False,False,packet_rejected,0
Tampered ciphertext,362,False,False,False,packet_rejected,0
Tampered ciphertext,363,False,False,False,packet_rejected,0
Tampered ciphertext,364,False,False,False,packet_rejected,0
Tampered ciphertext,365,False,False,False,packet_rejected,0
Tampered ciphertext,366,False,False,False,packet_rejected,0
Tampered ciphertext,367,False,False,False,packet_rejected,0
Tampered ciphertext,368,False,False,False,packet_rejected,0
Tampered ciphertext,369,False,False,False,packet_rejected,0
Tampered ciphertext,370,False,False,False,packet_rejected,0
Tampered ciphertext,371,False,False,False,packet_rejected,0
Tampered ciphertext,372,False,False,False,packet_rejected,0
Tampered ciphertext,373,False,False,False,packet_rejected,0
Tampered ciphertext,374,False,False,False,packet_rejected,0
Tampered ciphertext,375,False,False,False,packet_rejected,0
Tampered ciphertext,376,False,False,False,packet_rejected,0
Tampered ciphertext,377,False,False,False,packet_rejected,0
Tampered ciphertext,378,False,False,False,packet_rejected,0
Tampered ciphertext,379,False,False,False,packet_rejected,0
Tampered ciphertext,380,False,False,False,packet_rejected,0
Tampered ciphertext,381,False,False,False,packet_rejected,0
Tampered ciphertext,382,False,False,False,packet_rejected,0
Tampered ciphertext,383,False,False,False,packet_rejected,0
Tampered ciphertext,384,False,False,False,packet_rejected,0
Tampered ciphertext,385,False,False,False,packet_rejected,0
Tampered ciphertext,386,False,False,False,packet_rejected,0
Tampered ciphertext,387,False,False,False,packet_rejected,0
Tampered ciphertext,388,False,False,False,packet_rejected,0
Tampered ciphertext,389,False,False,False,packet_rejected,0
Tampered ciphertext,390,False,False,False,packet_rejected,0
Tampered ciphertext,391,False,False,False,packet_rejected,0
Tampered ciphertext,392,False,False,False,packet_rejected,0
Tampered ciphertext,393,False,False,False,packet_rejected,0
Tampered ciphertext,394,False,False,False,packet_rejected,0
Tampered ciphertext,395,False,False,False,packet_rejected,0
Tampered ciphertext,396,False,False,False,packet_rejected,0
Tampered ciphertext,397,False,False,False,packet_rejected,0
Tampered ciphertext,398,False,False,False,packet_rejected,0
Tampered ciphertext,399,False,False,False,packet_rejected,0
Tampered ciphertext,400,False,False,False,packet_rejected,0
Tampered ciphertext,401,False,False,False,packet_rejected,0
Tampered ciphertext,402,False,False,False,packet_rejected,0
Tampered ciphertext,403,False,False,False,packet_rejected,0
Tampered ciphertext,404,False,False,False,packet_rejected,0
Tampered ciphertext,405,False,False,False,packet_rejected,0
Tampered ciphertext,406,False,False,False,packet_rejected,0
Tampered ciphertext,407,False,False,False,packet_rejected,0
Tampered ciphertext,408,False,False,False,packet_rejected,0
Tampered ciphertext,409,False,False,False,packet_rejected,0
Tampered ciphertext,410,False,False,False,packet_rejected,0
Tampered ciphertext,411,False,False,False,packet_rejected,0
Tampered ciphertext,412,False,False,False,packet_rejected,0
Tampered ciphertext,413,False,False,False,packet_rejected,0
Tampered ciphertext,414,False,False,False,packet_rejected,0
Tampered ciphertext,415,False,False,False,packet_rejected,0
Tampered ciphertext,416,False,False,False,packet_rejected,0
Tampered ciphertext,417,False,False,False,packet_rejected,0
Tampered ciphertext,418,False,False,False,packet_rejected,0
Tampered ciphertext,419,False,False,False,packet_rejected,0
Tampered ciphertext,420,False,False,False,packet_rejected,0
Tampered ciphertext,421,False,False,False,packet_rejected,0
Tampered ciphertext,422,False,False,False,packet_rejected,0
Tampered ciphertext,423,False,False,False,packet_rejected,0
Tampered ciphertext,424,False,False,False,packet_rejected,0
Tampered ciphertext,425,False,False,False,packet_rejected,0
Tampered ciphertext,426,False,False,False,packet_rejected,0
Tampered ciphertext,427,False,False,False,packet_rejected,0
Tampered ciphertext,428,False,False,False,packet_rejected,0
Tampered ciphertext,429,False,False,False,packet_rejected,0
Tampered ciphertext,430,False,False,False,packet_rejected,0
Tampered ciphertext,431,False,False,False,packet_rejected,0
Tampered ciphertext,432,False,False,False,packet_rejected,0
Tampered ciphertext,433,False,False,False,packet_rejected,0
Tampered ciphertext,434,False,False,False,packet_rejected,0
Tampered ciphertext,435,False,False,False,packet_rejected,0
Tampered ciphertext,436,False,False,False,packet_rejected,0
Tampered ciphertext,437,False,False,False,packet_rejected,0
Tampered ciphertext,438,False,False,False,packet_rejected,0
Tampered ciphertext,439,False,False,False,packet_rejected,0
Tampered ciphertext,440,False,False,False,packet_rejected,0
Tampered ciphertext,441,False,False,False,packet_rejected,0
Tampered ciphertext,442,False,False,False,packet_rejected,0
Tampered ciphertext,443,False,False,False,packet_rejected,0
Tampered ciphertext,444,False,False,False,packet_rejected,0
Tampered ciphertext,445,False,False,False,packet_rejected,0
Tampered ciphertext,446,False,False,False,packet_rejected,0
Tampered ciphertext,447,False,False,False,packet_rejected,0
Tampered ciphertext,448,False,False,False,packet_rejected,0
Tampered ciphertext,449,False,False,False,packet_rejected,0
Tampered ciphertext,450,False,False,False,packet_rejected,0
Tampered ciphertext,451,False,False,False,packet_rejected,0
Tampered ciphertext,452,False,False,False,packet_rejected,0
Tampered ciphertext,453,False,False,False,packet_rejected,0
Tampered ciphertext,454,False,False,False,packet_rejected,0
Tampered ciphertext,455,False,False,False,packet_rejected,0
Tampered ciphertext,456,False,False,False,packet_rejected,0
Tampered ciphertext,457,False,False,False,packet_rejected,0
Tampered ciphertext,458,False,False,False,packet_rejected,0
Tampered ciphertext,459,False,False,False,packet_rejected,0
Tampered ciphertext,460,False,False,False,packet_rejected,0
Tampered ciphertext,461,False,False,False,packet_rejected,0
Tampered ciphertext,462,False,False,False,packet_rejected,0
Tampered ciphertext,463,False,False,False,packet_rejected,0
Tampered ciphertext,464,False,False,False,packet_rejected,0
Tampered ciphertext,465,False,False,False,packet_rejected,0
Tampered ciphertext,466,False,False,False,packet_rejected,0
Tampered ciphertext,467,False,False,False,packet_rejected,0
Tampered ciphertext,468,False,False,False,packet_rejected,0
Tampered ciphertext,469,False,False,False,packet_rejected,0
Tampered ciphertext,470,False,False,False,packet_rejected,0
Tampered ciphertext,471,False,False,False,packet_rejected,0
Tampered ciphertext,472,False,False,False,packet_rejected,0
Tampered ciphertext,473,False,False,False,packet_rejected,0
Tampered ciphertext,474,False,False,False,packet_rejected,0
Tampered ciphertext,475,False,False,False,packet_rejected,0
Tampered ciphertext,476,False,False,False,packet_rejected,0
Tampered ciphertext,477,False,False,False,packet_rejected,0
Tampered ciphertext,478,False,False,False,packet_rejected,0
Tampered ciphertext,479,False,False,False,packet_rejected,0
Tampered ciphertext,480,False,False,False,packet_rejected,0
Tampered ciphertext,481,False,False,False,packet_rejected,0
Tampered ciphertext,482,False,False,False,packet_rejected,0
Tampered ciphertext,483,False,False,False,packet_rejected,0
Tampered ciphertext,484,False,False,False,packet_rejected,0
Tampered ciphertext,485,False,False,False,packet_rejected,0
Tampered ciphertext,486,False,False,False,packet_rejected,0
Tampered ciphertext,487,False,False,False,packet_rejected,0
Tampered ciphertext,488,False,False,False,packet_rejected,0
Tampered ciphertext,489,False,False,False,packet_rejected,0
Tampered ciphertext,490,False,False,False,packet_rejected,0
Tampered ciphertext,491,False,False,False,packet_rejected,0
Tampered ciphertext,492,False,False,False,packet_rejected,0
Tampered ciphertext,493,False,False,False,packet_rejected,0
Tampered ciphertext,494,False,False,False,packet_rejected,0
Tampered ciphertext,495,False,False,False,packet_rejected,0
Tampered ciphertext,496,False,False,False,packet_rejected,0
Tampered ciphertext,497,False,False,False,packet_rejected,0
Tampered ciphertext,498,False,False,False,packet_rejected,0
Tampered ciphertext,499,False,False,False,packet_rejected,0
Tampered ciphertext,500,False,False,False,packet_rejected,0
Tampered ciphertext,501,False,False,False,packet_rejected,0
Tampered ciphertext,502,False,False,False,packet_rejected,0
Tampered ciphertext,503,False,False,False,packet_rejected,0
Tampered ciphertext,504,False,False,False,packet_rejected,0
Tampered ciphertext,505,False,False,False,packet_rejected,0
Tampered ciphertext,506,False,False,False,packet_rejected,0
Tampered ciphertext,507,False,False,False,packet_rejected,0
Tampered ciphertext,508,False,False,False,packet_rejected,0
Tampered ciphertext,509,False,False,False,packet_rejected,0
Tampered ciphertext,510,False,False,False,packet_rejected,0
Tampered ciphertext,511,False,False,False,packet_rejected,0
Tampered ciphertext,512,False,False,False,packet_rejected,0
Tampered ciphertext,513,False,False,False,packet_rejected,0
Tampered ciphertext,514,False,False,False,packet_rejected,0
Tampered ciphertext,515,False,False,False,packet_rejected,0
Tampered ciphertext,516,False,False,False,packet_rejected,0
Tampered ciphertext,517,False,False,False,packet_rejected,0
Tampered ciphertext,518,False,False,False,packet_rejected,0
Tampered ciphertext,519,False,False,False,packet_rejected,0
Tampered ciphertext,520,False,False,False,packet_rejected,0
Tampered ciphertext,521,False,False,False,packet_rejected,0
Tampered ciphertext,522,False,False,False,packet_rejected,0
Tampered ciphertext,523,False,False,False,packet_rejected,0
Tampered ciphertext,524,False,False,False,packet_rejected,0
Tampered ciphertext,525,False,False,False,packet_rejected,0
Tampered ciphertext,526,False,False,False,packet_rejected,0
Tampered ciphertext,527,False,False,False,packet_rejected,0
Tampered ciphertext,528,False,False,False,packet_rejected,0
Tampered ciphertext,529,False,False,False,packet_rejected,0
Tampered ciphertext,530,False,False,False,packet_rejected,0
Tampered ciphertext,531,False,False,False,packet_rejected,0
Tampered ciphertext,532,False,False,False,packet_rejected,0
Tampered ciphertext,533,False,False,False,packet_rejected,0
Tampered ciphertext,534,False,False,False,packet_rejected,0
Tampered ciphertext,535,False,False,False,packet_rejected,0
Tampered ciphertext,536,False,False,False,packet_rejected,0
Tampered ciphertext,537,False,False,False,packet_rejected,0
Tampered ciphertext,538,False,False,False,packet_rejected,0
Tampered ciphertext,539,False,False,False,packet_rejected,0
Tampered ciphertext,540,False,False,False,packet_rejected,0
Tampered ciphertext,541,False,False,False,packet_rejected,0
Tampered ciphertext,542,False,False,False,packet_rejected,0
Tampered ciphertext,543,False,False,False,packet_rejected,0
Tampered ciphertext,544,False,False,False,packet_rejected,0
Tampered ciphertext,545,False,False,False,packet_rejected,0
Tampered ciphertext,546,False,False,False,packet_rejected,0
Tampered ciphertext,547,False,False,False,packet_rejected,0
Tampered ciphertext,548,False,False,False,packet_rejected,0
Tampered ciphertext,549,False,False,False,packet_rejected,0
Tampered ciphertext,550,False,False,False,packet_rejected,0
Tampered ciphertext,551,False,False,False,packet_rejected,0
Tampered ciphertext,552,False,False,False,packet_rejected,0
Tampered ciphertext,553,False,False,False,packet_rejected,0
Tampered ciphertext,554,False,False,False,packet_rejected,0
Tampered ciphertext,555,False,False,False,packet_rejected,0
Tampered ciphertext,556,False,False,False,packet_rejected,0
Tampered ciphertext,557,False,False,False,packet_rejected,0
Tampered ciphertext,558,False,False,False,packet_rejected,0
Tampered ciphertext,559,False,False,False,packet_rejected,0
Tampered ciphertext,560,False,False,False,packet_rejected,0
Tampered ciphertext,561,False,False,False,packet_rejected,0
Tampered ciphertext,562,False,False,False,packet_rejected,0
Tampered ciphertext,563,False,False,False,packet_rejected,0
Tampered ciphertext,564,False,False,False,packet_rejected,0
Tampered ciphertext,565,False,False,False,packet_rejected,0
Tampered ciphertext,566,False,False,False,packet_rejected,0
Tampered ciphertext,567,False,False,False,packet_rejected,0
Tampered ciphertext,568,False,False,False,packet_rejected,0
Tampered ciphertext,569,False,False,False,packet_rejected,0
Tampered ciphertext,570,False,False,False,packet_rejected,0
Tampered ciphertext,571,False,False,False,packet_rejected,0
Tampered ciphertext,572,False,False,False,packet_rejected,0
Tampered ciphertext,573,False,False,False,packet_rejected,0
Tampered ciphertext,574,False,False,False,packet_rejected,0
Tampered ciphertext,575,False,False,False,packet_rejected,0
Tampered ciphertext,576,False,False,False,packet_rejected,0
Tampered ciphertext,577,False,False,False,packet_rejected,0
Tampered ciphertext,578,False,False,False,packet_rejected,0
Tampered ciphertext,579,False,False,False,packet_rejected,0
Tampered ciphertext,580,False,False,False,packet_rejected,0
Tampered ciphertext,581,False,False,False,packet_rejected,0
Tampered ciphertext,582,False,False,False,packet_rejected,0
Tampered ciphertext,583,False,False,False,packet_rejected,0
Tampered ciphertext,584,False,False,False,packet_rejected,0
Tampered ciphertext,585,False,False,False,packet_rejected,0
Tampered ciphertext,586,False,False,False,packet_rejected,0
Tampered ciphertext,587,False,False,False,packet_rejected,0
Tampered ciphertext,588,False,False,False,packet_rejected,0
Tampered ciphertext,589,False,False,False,packet_rejected,0
Tampered ciphertext,590,False,False,False,packet_rejected,0
Tampered ciphertext,591,False,False,False,packet_rejected,0
Tampered ciphertext,592,False,False,False,packet_rejected,0
Tampered ciphertext,593,False,False,False,packet_rejected,0
Tampered ciphertext,594,False,False,False,packet_rejected,0
Tampered ciphertext,595,False,False,False,packet_rejected,0
Tampered ciphertext,596,False,False,False,packet_rejected,0
Tampered ciphertext,597,False,False,False,packet_rejected,0
Tampered ciphertext,598,False,False,False,packet_rejected,0
Tampered ciphertext,599,False,False,False,packet_rejected,0
Tampered ciphertext,600,False,False,False,packet_rejected,0
Tampered ciphertext,601,False,False,False,packet_rejected,0
Tampered ciphertext,602,False,False,False,packet_rejected,0
Tampered ciphertext,603,False,False,False,packet_rejected,0
Tampered ciphertext,604,False,False,False,packet_rejected,0
Tampered ciphertext,605,False,False,False,packet_rejected,0
Tampered ciphertext,606,False,False,False,packet_rejected,0
Tampered ciphertext,607,False,False,False,packet_rejected,0
Tampered ciphertext,608,False,False,False,packet_rejected,0
Tampered ciphertext,609,False,False,False,packet_rejected,0
Tampered ciphertext,610,False,False,False,packet_rejected,0
Tampered ciphertext,611,False,False,False,packet_rejected,0
Tampered ciphertext,612,False,False,False,packet_rejected,0
Tampered ciphertext,613,False,False,False,packet_rejected,0
Tampered ciphertext,614,False,False,False,packet_rejected,0
Tampered ciphertext,615,False,False,False,packet_rejected,0
Tampered ciphertext,616,False,False,False,packet_rejected,0
Tampered ciphertext,617,False,False,False,packet_rejected,0
Tampered ciphertext,618,False,False,False,packet_rejected,0
Tampered ciphertext,619,False,False,False,packet_rejected,0
Tampered ciphertext,620,False,False,False,packet_rejected,0
Tampered ciphertext,621,False,False,False,packet_rejected,0
Tampered ciphertext,622,False,False,False,packet_rejected,0
Tampered ciphertext,623,False,False,False,packet_rejected,0
Tampered ciphertext,624,False,False,False,packet_rejected,0
Tampered ciphertext,625,False,False,False,packet_rejected,0
Tampered ciphertext,626,False,False,False,packet_rejected,0
Tampered ciphertext,627,False,False,False,packet_rejected,0
Tampered ciphertext,628,False,False,False,packet_rejected,0
Tampered ciphertext,629,False,False,False,packet_rejected,0
Tampered ciphertext,630,False,False,False,packet_rejected,0
Tampered ciphertext,631,False,False,False,packet_rejected,0
Tampered ciphertext,632,False,False,False,packet_rejected,0
Tampered ciphertext,633,False,False,False,packet_rejected,0
Tampered ciphertext,634,False,False,False,packet_rejected,0
Tampered ciphertext,635,False,False,False,packet_rejected,0
Tampered ciphertext,636,False,False,False,packet_rejected,0
Tampered ciphertext,637,False,False,False,packet_rejected,0
Tampered ciphertext,638,False,False,False,packet_rejected,0
Tampered ciphertext,639,False,False,False,packet_rejected,0
Tampered ciphertext,640,False,False,False,packet_rejected,0
Tampered ciphertext,641,False,False,False,packet_rejected,0
Tampered ciphertext,642,False,False,False,packet_rejected,0
Tampered ciphertext,643,False,False,False,packet_rejected,0
Tampered ciphertext,644,False,False,False,packet_rejected,0
Tampered ciphertext,645,False,False,False,packet_rejected,0
Tampered ciphertext,646,False,False,False,packet_rejected,0
Tampered ciphertext,647,False,False,False,packet_rejected,0
Tampered ciphertext,648,False,False,False,packet_rejected,0
Tampered ciphertext,649,False,False,False,packet_rejected,0
Tampered ciphertext,650,False,False,False,packet_rejected,0
Tampered ciphertext,651,False,False,False,packet_rejected,0
Tampered ciphertext,652,False,False,False,packet_rejected,0
Tampered ciphertext,653,False,False,False,packet_rejected,0
Tampered ciphertext,654,False,False,False,packet_rejected,0
Tampered ciphertext,655,False,False,False,packet_rejected,0
Tampered ciphertext,656,False,False,False,packet_rejected,0
Tampered ciphertext,657,False,False,False,packet_rejected,0
Tampered ciphertext,658,False,False,False,packet_rejected,0
Tampered ciphertext,659,False,False,False,packet_rejected,0
Tampered ciphertext,660,False,False,False,packet_rejected,0
Tampered ciphertext,661,False,False,False,packet_rejected,0
Tampered ciphertext,662,False,False,False,packet_rejected,0
Tampered ciphertext,663,False,False,False,packet_rejected,0
Tampered ciphertext,664,False,False,False,packet_rejected,0
Tampered ciphertext,665,False,False,False,packet_rejected,0
Tampered ciphertext,666,False,False,False,packet_rejected,0
Tampered ciphertext,667,False,False,False,packet_rejected,0
Tampered ciphertext,668,False,False,False,packet_rejected,0
Tampered ciphertext,669,False,False,False,packet_rejected,0
Tampered ciphertext,670,False,False,False,packet_rejected,0
Tampered ciphertext,671,False,False,False,packet_rejected,0
Tampered ciphertext,672,False,False,False,packet_rejected,0
Tampered ciphertext,673,False,False,False,packet_rejected,0
Tampered ciphertext,674,False,False,False,packet_rejected,0
Tampered ciphertext,675,False,False,False,packet_rejected,0
Tampered ciphertext,676,False,False,False,packet_rejected,0
Tampered ciphertext,677,False,False,False,packet_rejected,0
Tampered ciphertext,678,False,False,False,packet_rejected,0
Tampered ciphertext,679,False,False,False,packet_rejected,0
Tampered ciphertext,680,False,False,False,packet_rejected,0
Tampered ciphertext,681,False,False,False,packet_rejected,0
Tampered ciphertext,682,False,False,False,packet_rejected,0
Tampered ciphertext,683,False,False,False,packet_rejected,0
Tampered ciphertext,684,False,False,False,packet_rejected,0
Tampered ciphertext,685,False,False,False,packet_rejected,0
Tampered ciphertext,686,False,False,False,packet_rejected,0
Tampered ciphertext,687,False,False,False,packet_rejected,0
Tampered ciphertext,688,False,False,False,packet_rejected,0
Tampered ciphertext,689,False,False,False,packet_rejected,0
Tampered ciphertext,690,False,False,False,packet_rejected,0
Tampered ciphertext,691,False,False,False,packet_rejected,0
Tampered ciphertext,692,False,False,False,packet_rejected,0
Tampered ciphertext,693,False,False,False,packet_rejected,0
Tampered ciphertext,694,False,False,False,packet_rejected,0
Tampered ciphertext,695,False,False,False,packet_rejected,0
Tampered ciphertext,696,False,False,False,packet_rejected,0
Tampered ciphertext,697,False,False,False,packet_rejected,0
Tampered ciphertext,698,False,False,False,packet_rejected,0
Tampered ciphertext,699,False,False,False,packet_rejected,0
Tampered ciphertext,700,False,False,False,packet_rejected,0
Tampered ciphertext,701,False,False,False,packet_rejected,0
Tampered ciphertext,702,False,False,False,packet_rejected,0
Tampered ciphertext,703,False,False,False,packet_rejected,0
Tampered ciphertext,704,False,False,False,packet_rejected,0
Tampered ciphertext,705,False,False,False,packet_rejected,0
Tampered ciphertext,706,False,False,False,packet_rejected,0
Tampered ciphertext,707,False,False,False,packet_rejected,0
Tampered ciphertext,708,False,False,False,packet_rejected,0
Tampered ciphertext,709,False,False,False,packet_rejected,0
Tampered ciphertext,710,False,False,False,packet_rejected,0
Tampered ciphertext,711,False,False,False,packet_rejected,0
Tampered ciphertext,712,False,False,False,packet_rejected,0
Tampered ciphertext,713,False,False,False,packet_rejected,0
Tampered ciphertext,714,False,False,False,packet_rejected,0
Tampered ciphertext,715,False,False,False,packet_rejected,0
Tampered ciphertext,716,False,False,False,packet_rejected,0
Tampered ciphertext,717,False,False,False,packet_rejected,0
Tampered ciphertext,718,False,False,False,packet_rejected,0
Tampered ciphertext,719,False,False,False,packet_rejected,0
Tampered ciphertext,720,False,False,False,packet_rejected,0
Tampered ciphertext,721,False,False,False,packet_rejected,0
Tampered ciphertext,722,False,False,False,packet_rejected,0
Tampered ciphertext,723,False,False,False,packet_rejected,0
Tampered ciphertext,724,False,False,False,packet_rejected,0
Tampered ciphertext,725,False,False,False,packet_rejected,0
Tampered ciphertext,726,False,False,False,packet_rejected,0
Tampered ciphertext,727,False,False,False,packet_rejected,0
Tampered ciphertext,728,False,False,False,packet_rejected,0
Tampered ciphertext,729,False,False,False,packet_rejected,0
Tampered ciphertext,730,False,False,False,packet_rejected,0
Tampered ciphertext,731,False,False,False,packet_rejected,0
Tampered ciphertext,732,False,False,False,packet_rejected,0
Tampered ciphertext,733,False,False,False,packet_rejected,0
Tampered ciphertext,734,False,False,False,packet_rejected,0
Tampered ciphertext,735,False,False,False,packet_rejected,0
Tampered ciphertext,736,False,False,False,packet_rejected,0
Tampered ciphertext,737,False,False,False,packet_rejected,0
Tampered ciphertext,738,False,False,False,packet_rejected,0
Tampered ciphertext,739,False,False,False,packet_rejected,0
Tampered ciphertext,740,False,False,False,packet_rejected,0
Tampered ciphertext,741,False,False,False,packet_rejected,0
Tampered ciphertext,742,False,False,False,packet_rejected,0
Tampered ciphertext,743,False,False,False,packet_rejected,0
Tampered ciphertext,744,False,False,False,packet_rejected,0
Tampered ciphertext,745,False,False,False,packet_rejected,0
Tampered ciphertext,746,False,False,False,packet_rejected,0
Tampered ciphertext,747,False,False,False,packet_rejected,0
Tampered ciphertext,748,False,False,False,packet_rejected,0
Tampered ciphertext,749,False,False,False,packet_rejected,0
Tampered ciphertext,750,False,False,False,packet_rejected,0
Tampered ciphertext,751,False,False,False,packet_rejected,0
Tampered ciphertext,752,False,False,False,packet_rejected,0
Tampered ciphertext,753,False,False,False,packet_rejected,0
Tampered ciphertext,754,False,False,False,packet_rejected,0
Tampered ciphertext,755,False,False,False,packet_rejected,0
Tampered ciphertext,756,False,False,False,packet_rejected,0
Tampered ciphertext,757,False,False,False,packet_rejected,0
Tampered ciphertext,758,False,False,False,packet_rejected,0
Tampered ciphertext,759,False,False,False,packet_rejected,0
Tampered ciphertext,760,False,False,False,packet_rejected,0
Tampered ciphertext,761,False,False,False,packet_rejected,0
Tampered ciphertext,762,False,False,False,packet_rejected,0
Tampered ciphertext,763,False,False,False,packet_rejected,0
Tampered ciphertext,764,False,False,False,packet_rejected,0
Tampered ciphertext,765,False,False,False,packet_rejected,0
Tampered ciphertext,766,False,False,False,packet_rejected,0
Tampered ciphertext,767,False,False,False,packet_rejected,0
Tampered ciphertext,768,False,False,False,packet_rejected,0
Tampered ciphertext,769,False,False,False,packet_rejected,0
Tampered ciphertext,770,False,False,False,packet_rejected,0
Tampered ciphertext,771,False,False,False,packet_rejected,0
Tampered ciphertext,772,False,False,False,packet_rejected,0
Tampered ciphertext,773,False,False,False,packet_rejected,0
Tampered ciphertext,774,False,False,False,packet_rejected,0
Tampered ciphertext,775,False,False,False,packet_rejected,0
Tampered ciphertext,776,False,False,False,packet_rejected,0
Tampered ciphertext,777,False,False,False,packet_rejected,0
Tampered ciphertext,778,False,False,False,packet_rejected,0
Tampered ciphertext,779,False,False,False,packet_rejected,0
Tampered ciphertext,780,False,False,False,packet_rejected,0
Tampered ciphertext,781,False,False,False,packet_rejected,0
Tampered ciphertext,782,False,False,False,packet_rejected,0
Tampered ciphertext,783,False,False,False,packet_rejected,0
Tampered ciphertext,784,False,False,False,packet_rejected,0
Tampered ciphertext,785,False,False,False,packet_rejected,0
Tampered ciphertext,786,False,False,False,packet_rejected,0
Tampered ciphertext,787,False,False,False,packet_rejected,0
Tampered ciphertext,788,False,False,False,packet_rejected,0
Tampered ciphertext,789,False,False,False,packet_rejected,0
Tampered ciphertext,790,False,False,False,packet_rejected,0
Tampered ciphertext,791,False,False,False,packet_rejected,0
Tampered ciphertext,792,False,False,False,packet_rejected,0
Tampered ciphertext,793,False,False,False,packet_rejected,0
Tampered ciphertext,794,False,False,False,packet_rejected,0
Tampered ciphertext,795,False,False,False,packet_rejected,0
Tampered ciphertext,796,False,False,False,packet_rejected,0
Tampered ciphertext,797,False,False,False,packet_rejected,0
Tampered ciphertext,798,False,False,False,packet_rejected,0
Tampered ciphertext,799,False,False,False,packet_rejected,0
Tampered ciphertext,800,False,False,False,packet_rejected,0
Tampered ciphertext,801,False,False,False,packet_rejected,0
Tampered ciphertext,802,False,False,False,packet_rejected,0
Tampered ciphertext,803,False,False,False,packet_rejected,0
Tampered ciphertext,804,False,False,False,packet_rejected,0
Tampered ciphertext,805,False,False,False,packet_rejected,0
Tampered ciphertext,806,False,False,False,packet_rejected,0
Tampered ciphertext,807,False,False,False,packet_rejected,0
Tampered ciphertext,808,False,False,False,packet_rejected,0
Tampered ciphertext,809,False,False,False,packet_rejected,0
Tampered ciphertext,810,False,False,False,packet_rejected,0
Tampered ciphertext,811,False,False,False,packet_rejected,0
Tampered ciphertext,812,False,False,False,packet_rejected,0
Tampered ciphertext,813,False,False,False,packet_rejected,0
Tampered ciphertext,814,False,False,False,packet_rejected,0
Tampered ciphertext,815,False,False,False,packet_rejected,0
Tampered ciphertext,816,False,False,False,packet_rejected,0
Tampered ciphertext,817,False,False,False,packet_rejected,0
Tampered ciphertext,818,False,False,False,packet_rejected,0
Tampered ciphertext,819,False,False,False,packet_rejected,0
Tampered ciphertext,820,False,False,False,packet_rejected,0
Tampered ciphertext,821,False,False,False,packet_rejected,0
Tampered ciphertext,822,False,False,False,packet_rejected,0
Tampered ciphertext,823,False,False,False,packet_rejected,0
Tampered ciphertext,824,False,False,False,packet_rejected,0
Tampered ciphertext,825,False,False,False,packet_rejected,0
Tampered ciphertext,826,False,False,False,packet_rejected,0
Tampered ciphertext,827,False,False,False,packet_rejected,0
Tampered ciphertext,828,False,False,False,packet_rejected,0
Tampered ciphertext,829,False,False,False,packet_rejected,0
Tampered ciphertext,830,False,False,False,packet_rejected,0
Tampered ciphertext,831,False,False,False,packet_rejected,0
Tampered ciphertext,832,False,False,False,packet_rejected,0
Tampered ciphertext,833,False,False,False,packet_rejected,0
Tampered ciphertext,834,False,False,False,packet_rejected,0
Tampered ciphertext,835,False,False,False,packet_rejected,0
Tampered ciphertext,836,False,False,False,packet_rejected,0
Tampered ciphertext,837,False,False,False,packet_rejected,0
Tampered ciphertext,838,False,False,False,packet_rejected,0
Tampered ciphertext,839,False,False,False,packet_rejected,0
Tampered ciphertext,840,False,False,False,packet_rejected,0
Tampered ciphertext,841,False,False,False,packet_rejected,0
Tampered ciphertext,842,False,False,False,packet_rejected,0
Tampered ciphertext,843,False,False,False,packet_rejected,0
Tampered ciphertext,844,False,False,False,packet_rejected,0
Tampered ciphertext,845,False,False,False,packet_rejected,0
Tampered ciphertext,846,False,False,False,packet_rejected,0
Tampered ciphertext,847,False,False,False,packet_rejected,0
Tampered ciphertext,848,False,False,False,packet_rejected,0
Tampered ciphertext,849,False,False,False,packet_rejected,0
Tampered ciphertext,850,False,False,False,packet_rejected,0
Tampered ciphertext,851,False,False,False,packet_rejected,0
Tampered ciphertext,852,False,False,False,packet_rejected,0
Tampered ciphertext,853,False,False,False,packet_rejected,0
Tampered ciphertext,854,False,False,False,packet_rejected,0
Tampered ciphertext,855,False,False,False,packet_rejected,0
Tampered ciphertext,856,False,False,False,packet_rejected,0
Tampered ciphertext,857,False,False,False,packet_rejected,0
Tampered ciphertext,858,False,False,False,packet_rejected,0
Tampered ciphertext,859,False,False,False,packet_rejected,0
Tampered ciphertext,860,False,False,False,packet_rejected,0
Tampered ciphertext,861,False,False,False,packet_rejected,0
Tampered ciphertext,862,False,False,False,packet_rejected,0
Tampered ciphertext,863,False,False,False,packet_rejected,0
Tampered ciphertext,864,False,False,False,packet_rejected,0
Tampered ciphertext,865,False,False,False,packet_rejected,0
Tampered ciphertext,866,False,False,False,packet_rejected,0
Tampered ciphertext,867,False,False,False,packet_rejected,0
Tampered ciphertext,868,False,False,False,packet_rejected,0
Tampered ciphertext,869,False,False,False,packet_rejected,0
Tampered ciphertext,870,False,False,False,packet_rejected,0
Tampered ciphertext,871,False,False,False,packet_rejected,0
Tampered ciphertext,872,False,False,False,packet_rejected,0
Tampered ciphertext,873,False,False,False,packet_rejected,0
Tampered ciphertext,874,False,False,False,packet_rejected,0
Tampered ciphertext,875,False,False,False,packet_rejected,0
Tampered ciphertext,876,False,False,False,packet_rejected,0
Tampered ciphertext,877,False,False,False,packet_rejected,0
Tampered ciphertext,878,False,False,False,packet_rejected,0
Tampered ciphertext,879,False,False,False,packet_rejected,0
Tampered ciphertext,880,False,False,False,packet_rejected,0
Tampered ciphertext,881,False,False,False,packet_rejected,0
Tampered ciphertext,882,False,False,False,packet_rejected,0
Tampered ciphertext,883,False,False,False,packet_rejected,0
Tampered ciphertext,884,False,False,False,packet_rejected,0
Tampered ciphertext,885,False,False,False,packet_rejected,0
Tampered ciphertext,886,False,False,False,packet_rejected,0
Tampered ciphertext,887,False,False,False,packet_rejected,0
Tampered ciphertext,888,False,False,False,packet_rejected,0
Tampered ciphertext,889,False,False,False,packet_rejected,0
Tampered ciphertext,890,False,False,False,packet_rejected,0
Tampered ciphertext,891,False,False,False,packet_rejected,0
Tampered ciphertext,892,False,False,False,packet_rejected,0
Tampered ciphertext,893,False,False,False,packet_rejected,0
Tampered ciphertext,894,False,False,False,packet_rejected,0
Tampered ciphertext,895,False,False,False,packet_rejected,0
Tampered ciphertext,896,False,False,False,packet_rejected,0
Tampered ciphertext,897,False,False,False,packet_rejected,0
Tampered ciphertext,898,False,False,False,packet_rejected,0
Tampered ciphertext,899,False,False,False,packet_rejected,0
Tampered ciphertext,900,False,False,False,packet_rejected,0
Tampered ciphertext,901,False,False,False,packet_rejected,0
Tampered ciphertext,902,False,False,False,packet_rejected,0
Tampered ciphertext,903,False,False,False,packet_rejected,0
Tampered ciphertext,904,False,False,False,packet_rejected,0
Tampered ciphertext,905,False,False,False,packet_rejected,0
Tampered ciphertext,906,False,False,False,packet_rejected,0
Tampered ciphertext,907,False,False,False,packet_rejected,0
Tampered ciphertext,908,False,False,False,packet_rejected,0
Tampered ciphertext,909,False,False,False,packet_rejected,0
Tampered ciphertext,910,False,False,False,packet_rejected,0
Tampered ciphertext,911,False,False,False,packet_rejected,0
Tampered ciphertext,912,False,False,False,packet_rejected,0
Tampered ciphertext,913,False,False,False,packet_rejected,0
Tampered ciphertext,914,False,False,False,packet_rejected,0
Tampered ciphertext,915,False,False,False,packet_rejected,0
Tampered ciphertext,916,False,False,False,packet_rejected,0
Tampered ciphertext,917,False,False,False,packet_rejected,0
Tampered ciphertext,918,False,False,False,packet_rejected,0
Tampered ciphertext,919,False,False,False,packet_rejected,0
Tampered ciphertext,920,False,False,False,packet_rejected,0
Tampered ciphertext,921,False,False,False,packet_rejected,0
Tampered ciphertext,922,False,False,False,packet_rejected,0
Tampered ciphertext,923,False,False,False,packet_rejected,0
Tampered ciphertext,924,False,False,False,packet_rejected,0
Tampered ciphertext,925,False,False,False,packet_rejected,0
Tampered ciphertext,926,False,False,False,packet_rejected,0
Tampered ciphertext,927,False,False,False,packet_rejected,0
Tampered ciphertext,928,False,False,False,packet_rejected,0
Tampered ciphertext,929,False,False,False,packet_rejected,0
Tampered ciphertext,930,False,False,False,packet_rejected,0
Tampered ciphertext,931,False,False,False,packet_rejected,0
Tampered ciphertext,932,False,False,False,packet_rejected,0
Tampered ciphertext,933,False,False,False,packet_rejected,0
Tampered ciphertext,934,False,False,False,packet_rejected,0
Tampered ciphertext,935,False,False,False,packet_rejected,0
Tampered ciphertext,936,False,False,False,packet_rejected,0
Tampered ciphertext,937,False,False,False,packet_rejected,0
Tampered ciphertext,938,False,False,False,packet_rejected,0
Tampered ciphertext,939,False,False,False,packet_rejected,0
Tampered ciphertext,940,False,False,False,packet_rejected,0
Tampered ciphertext,941,False,False,False,packet_rejected,0
Tampered ciphertext,942,False,False,False,packet_rejected,0
Tampered ciphertext,943,False,False,False,packet_rejected,0
Tampered ciphertext,944,False,False,False,packet_rejected,0
Tampered ciphertext,945,False,False,False,packet_rejected,0
Tampered ciphertext,946,False,False,False,packet_rejected,0
Tampered ciphertext,947,False,False,False,packet_rejected,0
Tampered ciphertext,948,False,False,False,packet_rejected,0
Tampered ciphertext,949,False,False,False,packet_rejected,0
Tampered ciphertext,950,False,False,False,packet_rejected,0
Tampered ciphertext,951,False,False,False,packet_rejected,0
Tampered ciphertext,952,False,False,False,packet_rejected,0
Tampered ciphertext,953,False,False,False,packet_rejected,0
Tampered ciphertext,954,False,False,False,packet_rejected,0
Tampered ciphertext,955,False,False,False,packet_rejected,0
Tampered ciphertext,956,False,False,False,packet_rejected,0
Tampered ciphertext,957,False,False,False,packet_rejected,0
Tampered ciphertext,958,False,False,False,packet_rejected,0
Tampered ciphertext,959,False,False,False,packet_rejected,0
Tampered ciphertext,960,False,False,False,packet_rejected,0
Tampered ciphertext,961,False,False,False,packet_rejected,0
Tampered ciphertext,962,False,False,False,packet_rejected,0
Tampered ciphertext,963,False,False,False,packet_rejected,0
Tampered ciphertext,964,False,False,False,packet_rejected,0
Tampered ciphertext,965,False,False,False,packet_rejected,0
Tampered ciphertext,966,False,False,False,packet_rejected,0
Tampered ciphertext,967,False,False,False,packet_rejected,0
Tampered ciphertext,968,False,False,False,packet_rejected,0
Tampered ciphertext,969,False,False,False,packet_rejected,0
Tampered ciphertext,970,False,False,False,packet_rejected,0
Tampered ciphertext,971,False,False,False,packet_rejected,0
Tampered ciphertext,972,False,False,False,packet_rejected,0
Tampered ciphertext,973,False,False,False,packet_rejected,0
Tampered ciphertext,974,False,False,False,packet_rejected,0
Tampered ciphertext,975,False,False,False,packet_rejected,0
Tampered ciphertext,976,False,False,False,packet_rejected,0
Tampered ciphertext,977,False,False,False,packet_rejected,0
Tampered ciphertext,978,False,False,False,packet_rejected,0
Tampered ciphertext,979,False,False,False,packet_rejected,0
Tampered ciphertext,980,False,False,False,packet_rejected,0
Tampered ciphertext,981,False,False,False,packet_rejected,0
Tampered ciphertext,982,False,False,False,packet_rejected,0
Tampered ciphertext,983,False,False,False,packet_rejected,0
Tampered ciphertext,984,False,False,False,packet_rejected,0
Tampered ciphertext,985,False,False,False,packet_rejected,0
Tampered ciphertext,986,False,False,False,packet_rejected,0
Tampered ciphertext,987,False,False,False,packet_rejected,0
Tampered ciphertext,988,False,False,False,packet_rejected,0
Tampered ciphertext,989,False,False,False,packet_rejected,0
Tampered ciphertext,990,False,False,False,packet_rejected,0
Tampered ciphertext,991,False,False,False,packet_rejected,0
Tampered ciphertext,992,False,False,False,packet_rejected,0
Tampered ciphertext,993,False,False,False,packet_rejected,0
Tampered ciphertext,994,False,False,False,packet_rejected,0
Tampered ciphertext,995,False,False,False,packet_rejected,0
Tampered ciphertext,996,False,False,False,packet_rejected,0
Tampered ciphertext,997,False,False,False,packet_rejected,0
Tampered ciphertext,998,False,False,False,packet_rejected,0
Tampered ciphertext,999,False,False,False,packet_rejected,0
Clean strict KEX,0,True,False,False,accepted,12
Clean strict KEX,1,True,False,False,accepted,12
Clean strict KEX,2,True,False,False,accepted,12
Clean strict KEX,3,True,False,False,accepted,12
Clean strict KEX,4,True,False,False,accepted,12
Clean strict KEX,5,True,False,False,accepted,12
Clean strict KEX,6,True,False,False,accepted,12
Clean strict KEX,7,True,False,False,accepted,12
Clean strict KEX,8,True,False,False,accepted,12
Clean strict KEX,9,True,False,False,accepted,12
Clean strict KEX,10,True,False,False,accepted,12
Clean strict KEX,11,True,False,False,accepted,12
Clean strict KEX,12,True,False,False,accepted,12
Clean strict KEX,13,True,False,False,accepted,12
Clean strict KEX,14,True,False,False,accepted,12
Clean strict KEX,15,True,False,False,accepted,12
Clean strict KEX,16,True,False,False,accepted,12
Clean strict KEX,17,True,False,False,accepted,12
Clean strict KEX,18,True,False,False,accepted,12
Clean strict KEX,19,True,False,False,accepted,12
Clean strict KEX,20,True,False,False,accepted,12
Clean strict KEX,21,True,False,False,accepted,12
Clean strict KEX,22,True,False,False,accepted,12
Clean strict KEX,23,True,False,False,accepted,12
Clean strict KEX,24,True,False,False,accepted,12
Clean strict KEX,25,True,False,False,accepted,12
Clean strict KEX,26,True,False,False,accepted,12
Clean strict KEX,27,True,False,False,accepted,12
Clean strict KEX,28,True,False,False,accepted,12
Clean strict KEX,29,True,False,False,accepted,12
Clean strict KEX,30,True,False,False,accepted,12
Clean strict KEX,31,True,False,False,accepted,12
Clean strict KEX,32,True,False,False,accepted,12
Clean strict KEX,33,True,False,False,accepted,12
Clean strict KEX,34,True,False,False,accepted,12
Clean strict KEX,35,True,False,False,accepted,12
Clean strict KEX,36,True,False,False,accepted,12
Clean strict KEX,37,True,False,False,accepted,12
Clean strict KEX,38,True,False,False,accepted,12
Clean strict KEX,39,True,False,False,accepted,12
Clean strict KEX,40,True,False,False,accepted,12
Clean strict KEX,41,True,False,False,accepted,12
Clean strict KEX,42,True,False,False,accepted,12
Clean strict KEX,43,True,False,False,accepted,12
Clean strict KEX,44,True,False,False,accepted,12
Clean strict KEX,45,True,False,False,accepted,12
Clean strict KEX,46,True,False,False,accepted,12
Clean strict KEX,47,True,False,False,accepted,12
Clean strict KEX,48,True,False,False,accepted,12
Clean strict KEX,49,True,False,False,accepted,12
Clean strict KEX,50,True,False,False,accepted,12
Clean strict KEX,51,True,False,False,accepted,12
Clean strict KEX,52,True,False,False,accepted,12
Clean strict KEX,53,True,False,False,accepted,12
Clean strict KEX,54,True,False,False,accepted,12
Clean strict KEX,55,True,False,False,accepted,12
Clean strict KEX,56,True,False,False,accepted,12
Clean strict KEX,57,True,False,False,accepted,12
Clean strict KEX,58,True,False,False,accepted,12
Clean strict KEX,59,True,False,False,accepted,12
Clean strict KEX,60,True,False,False,accepted,12
Clean strict KEX,61,True,False,False,accepted,12
Clean strict KEX,62,True,False,False,accepted,12
Clean strict KEX,63,True,False,False,accepted,12
Clean strict KEX,64,True,False,False,accepted,12
Clean strict KEX,65,True,False,False,accepted,12
Clean strict KEX,66,True,False,False,accepted,12
Clean strict KEX,67,True,False,False,accepted,12
Clean strict KEX,68,True,False,False,accepted,12
Clean strict KEX,69,True,False,False,accepted,12
Clean strict KEX,70,True,False,False,accepted,12
Clean strict KEX,71,True,False,False,accepted,12
Clean strict KEX,72,True,False,False,accepted,12
Clean strict KEX,73,True,False,False,accepted,12
Clean strict KEX,74,True,False,False,accepted,12
Clean strict KEX,75,True,False,False,accepted,12
Clean strict KEX,76,True,False,False,accepted,12
Clean strict KEX,77,True,False,False,accepted,12
Clean strict KEX,78,True,False,False,accepted,12
Clean strict KEX,79,True,False,False,accepted,12
Clean strict KEX,80,True,False,False,accepted,12
Clean strict KEX,81,True,False,False,accepted,12
Clean strict KEX,82,True,False,False,accepted,12
Clean strict KEX,83,True,False,False,accepted,12
Clean strict KEX,84,True,False,False,accepted,12
Clean strict KEX,85,True,False,False,accepted,12
Clean strict KEX,86,True,False,False,accepted,12
Clean strict KEX,87,True,False,False,accepted,12
Clean strict KEX,88,True,False,False,accepted,12
Clean strict KEX,89,True,False,False,accepted,12
Clean strict KEX,90,True,False,False,accepted,12
Clean strict KEX,91,True,False,False,accepted,12
Clean strict KEX,92,True,False,False,accepted,12
Clean strict KEX,93,True,False,False,accepted,12
Clean strict KEX,94,True,False,False,accepted,12
Clean strict KEX,95,True,False,False,accepted,12
Clean strict KEX,96,True,False,False,accepted,12
Clean strict KEX,97,True,False,False,accepted,12
Clean strict KEX,98,True,False,False,accepted,12
Clean strict KEX,99,True,False,False,accepted,12
Clean strict KEX,100,True,False,False,accepted,12
Clean strict KEX,101,True,False,False,accepted,12
Clean strict KEX,102,True,False,False,accepted,12
Clean strict KEX,103,True,False,False,accepted,12
Clean strict KEX,104,True,False,False,accepted,12
Clean strict KEX,105,True,False,False,accepted,12
Clean strict KEX,106,True,False,False,accepted,12
Clean strict KEX,107,True,False,False,accepted,12
Clean strict KEX,108,True,False,False,accepted,12
Clean strict KEX,109,True,False,False,accepted,12
Clean strict KEX,110,True,False,False,accepted,12
Clean strict KEX,111,True,False,False,accepted,12
Clean strict KEX,112,True,False,False,accepted,12
Clean strict KEX,113,True,False,False,accepted,12
Clean strict KEX,114,True,False,False,accepted,12
Clean strict KEX,115,True,False,False,accepted,12
Clean strict KEX,116,True,False,False,accepted,12
Clean strict KEX,117,True,False,False,accepted,12
Clean strict KEX,118,True,False,False,accepted,12
Clean strict KEX,119,True,False,False,accepted,12
Clean strict KEX,120,True,False,False,accepted,12
Clean strict KEX,121,True,False,False,accepted,12
Clean strict KEX,122,True,False,False,accepted,12
Clean strict KEX,123,True,False,False,accepted,12
Clean strict KEX,124,True,False,False,accepted,12
Clean strict KEX,125,True,False,False,accepted,12
Clean strict KEX,126,True,False,False,accepted,12
Clean strict KEX,127,True,False,False,accepted,12
Clean strict KEX,128,True,False,False,accepted,12
Clean strict KEX,129,True,False,False,accepted,12
Clean strict KEX,130,True,False,False,accepted,12
Clean strict KEX,131,True,False,False,accepted,12
Clean strict KEX,132,True,False,False,accepted,12
Clean strict KEX,133,True,False,False,accepted,12
Clean strict KEX,134,True,False,False,accepted,12
Clean strict KEX,135,True,False,False,accepted,12
Clean strict KEX,136,True,False,False,accepted,12
Clean strict KEX,137,True,False,False,accepted,12
Clean strict KEX,138,True,False,False,accepted,12
Clean strict KEX,139,True,False,False,accepted,12
Clean strict KEX,140,True,False,False,accepted,12
Clean strict KEX,141,True,False,False,accepted,12
Clean strict KEX,142,True,False,False,accepted,12
Clean strict KEX,143,True,False,False,accepted,12
Clean strict KEX,144,True,False,False,accepted,12
Clean strict KEX,145,True,False,False,accepted,12
Clean strict KEX,146,True,False,False,accepted,12
Clean strict KEX,147,True,False,False,accepted,12
Clean strict KEX,148,True,False,False,accepted,12
Clean strict KEX,149,True,False,False,accepted,12
Clean strict KEX,150,True,False,False,accepted,12
Clean strict KEX,151,True,False,False,accepted,12
Clean strict KEX,152,True,False,False,accepted,12
Clean strict KEX,153,True,False,False,accepted,12
Clean strict KEX,154,True,False,False,accepted,12
Clean strict KEX,155,True,False,False,accepted,12
Clean strict KEX,156,True,False,False,accepted,12
Clean strict KEX,157,True,False,False,accepted,12
Clean strict KEX,158,True,False,False,accepted,12
Clean strict KEX,159,True,False,False,accepted,12
Clean strict KEX,160,True,False,False,accepted,12
Clean strict KEX,161,True,False,False,accepted,12
Clean strict KEX,162,True,False,False,accepted,12
Clean strict KEX,163,True,False,False,accepted,12
Clean strict KEX,164,True,False,False,accepted,12
Clean strict KEX,165,True,False,False,accepted,12
Clean strict KEX,166,True,False,False,accepted,12
Clean strict KEX,167,True,False,False,accepted,12
Clean strict KEX,168,True,False,False,accepted,12
Clean strict KEX,169,True,False,False,accepted,12
Clean strict KEX,170,True,False,False,accepted,12
Clean strict KEX,171,True,False,False,accepted,12
Clean strict KEX,172,True,False,False,accepted,12
Clean strict KEX,173,True,False,False,accepted,12
Clean strict KEX,174,True,False,False,accepted,12
Clean strict KEX,175,True,False,False,accepted,12
Clean strict KEX,176,True,False,False,accepted,12
Clean strict KEX,177,True,False,False,accepted,12
Clean strict KEX,178,True,False,False,accepted,12
Clean strict KEX,179,True,False,False,accepted,12
Clean strict KEX,180,True,False,False,accepted,12
Clean strict KEX,181,True,False,False,accepted,12
Clean strict KEX,182,True,False,False,accepted,12
Clean strict KEX,183,True,False,False,accepted,12
Clean strict KEX,184,True,False,False,accepted,12
Clean strict KEX,185,True,False,False,accepted,12
Clean strict KEX,186,True,False,False,accepted,12
Clean strict KEX,187,True,False,False,accepted,12
Clean strict KEX,188,True,False,False,accepted,12
Clean strict KEX,189,True,False,False,accepted,12
Clean strict KEX,190,True,False,False,accepted,12
Clean strict KEX,191,True,False,False,accepted,12
Clean strict KEX,192,True,False,False,accepted,12
Clean strict KEX,193,True,False,False,accepted,12
Clean strict KEX,194,True,False,False,accepted,12
Clean strict KEX,195,True,False,False,accepted,12
Clean strict KEX,196,True,False,False,accepted,12
Clean strict KEX,197,True,False,False,accepted,12
Clean strict KEX,198,True,False,False,accepted,12
Clean strict KEX,199,True,False,False,accepted,12
Clean strict KEX,200,True,False,False,accepted,12
Clean strict KEX,201,True,False,False,accepted,12
Clean strict KEX,202,True,False,False,accepted,12
Clean strict KEX,203,True,False,False,accepted,12
Clean strict KEX,204,True,False,False,accepted,12
Clean strict KEX,205,True,False,False,accepted,12
Clean strict KEX,206,True,False,False,accepted,12
Clean strict KEX,207,True,False,False,accepted,12
Clean strict KEX,208,True,False,False,accepted,12
Clean strict KEX,209,True,False,False,accepted,12
Clean strict KEX,210,True,False,False,accepted,12
Clean strict KEX,211,True,False,False,accepted,12
Clean strict KEX,212,True,False,False,accepted,12
Clean strict KEX,213,True,False,False,accepted,12
Clean strict KEX,214,True,False,False,accepted,12
Clean strict KEX,215,True,False,False,accepted,12
Clean strict KEX,216,True,False,False,accepted,12
Clean strict KEX,217,True,False,False,accepted,12
Clean strict KEX,218,True,False,False,accepted,12
Clean strict KEX,219,True,False,False,accepted,12
Clean strict KEX,220,True,False,False,accepted,12
Clean strict KEX,221,True,False,False,accepted,12
Clean strict KEX,222,True,False,False,accepted,12
Clean strict KEX,223,True,False,False,accepted,12
Clean strict KEX,224,True,False,False,accepted,12
Clean strict KEX,225,True,False,False,accepted,12
Clean strict KEX,226,True,False,False,accepted,12
Clean strict KEX,227,True,False,False,accepted,12
Clean strict KEX,228,True,False,False,accepted,12
Clean strict KEX,229,True,False,False,accepted,12
Clean strict KEX,230,True,False,False,accepted,12
Clean strict KEX,231,True,False,False,accepted,12
Clean strict KEX,232,True,False,False,accepted,12
Clean strict KEX,233,True,False,False,accepted,12
Clean strict KEX,234,True,False,False,accepted,12
Clean strict KEX,235,True,False,False,accepted,12
Clean strict KEX,236,True,False,False,accepted,12
Clean strict KEX,237,True,False,False,accepted,12
Clean strict KEX,238,True,False,False,accepted,12
Clean strict KEX,239,True,False,False,accepted,12
Clean strict KEX,240,True,False,False,accepted,12
Clean strict KEX,241,True,False,False,accepted,12
Clean strict KEX,242,True,False,False,accepted,12
Clean strict KEX,243,True,False,False,accepted,12
Clean strict KEX,244,True,False,False,accepted,12
Clean strict KEX,245,True,False,False,accepted,12
Clean strict KEX,246,True,False,False,accepted,12
Clean strict KEX,247,True,False,False,accepted,12
Clean strict KEX,248,True,False,False,accepted,12
Clean strict KEX,249,True,False,False,accepted,12
Clean strict KEX,250,True,False,False,accepted,12
Clean strict KEX,251,True,False,False,accepted,12
Clean strict KEX,252,True,False,False,accepted,12
Clean strict KEX,253,True,False,False,accepted,12
Clean strict KEX,254,True,False,False,accepted,12
Clean strict KEX,255,True,False,False,accepted,12
Clean strict KEX,256,True,False,False,accepted,12
Clean strict KEX,257,True,False,False,accepted,12
Clean strict KEX,258,True,False,False,accepted,12
Clean strict KEX,259,True,False,False,accepted,12
Clean strict KEX,260,True,False,False,accepted,12
Clean strict KEX,261,True,False,False,accepted,12
Clean strict KEX,262,True,False,False,accepted,12
Clean strict KEX,263,True,False,False,accepted,12
Clean strict KEX,264,True,False,False,accepted,12
Clean strict KEX,265,True,False,False,accepted,12
Clean strict KEX,266,True,False,False,accepted,12
Clean strict KEX,267,True,False,False,accepted,12
Clean strict KEX,268,True,False,False,accepted,12
Clean strict KEX,269,True,False,False,accepted,12
Clean strict KEX,270,True,False,False,accepted,12
Clean strict KEX,271,True,False,False,accepted,12
Clean strict KEX,272,True,False,False,accepted,12
Clean strict KEX,273,True,False,False,accepted,12
Clean strict KEX,274,True,False,False,accepted,12
Clean strict KEX,275,True,False,False,accepted,12
Clean strict KEX,276,True,False,False,accepted,12
Clean strict KEX,277,True,False,False,accepted,12
Clean strict KEX,278,True,False,False,accepted,12
Clean strict KEX,279,True,False,False,accepted,12
Clean strict KEX,280,True,False,False,accepted,12
Clean strict KEX,281,True,False,False,accepted,12
Clean strict KEX,282,True,False,False,accepted,12
Clean strict KEX,283,True,False,False,accepted,12
Clean strict KEX,284,True,False,False,accepted,12
Clean strict KEX,285,True,False,False,accepted,12
Clean strict KEX,286,True,False,False,accepted,12
Clean strict KEX,287,True,False,False,accepted,12
Clean strict KEX,288,True,False,False,accepted,12
Clean strict KEX,289,True,False,False,accepted,12
Clean strict KEX,290,True,False,False,accepted,12
Clean strict KEX,291,True,False,False,accepted,12
Clean strict KEX,292,True,False,False,accepted,12
Clean strict KEX,293,True,False,False,accepted,12
Clean strict KEX,294,True,False,False,accepted,12
Clean strict KEX,295,True,False,False,accepted,12
Clean strict KEX,296,True,False,False,accepted,12
Clean strict KEX,297,True,False,False,accepted,12
Clean strict KEX,298,True,False,False,accepted,12
Clean strict KEX,299,True,False,False,accepted,12
Clean strict KEX,300,True,False,False,accepted,12
Clean strict KEX,301,True,False,False,accepted,12
Clean strict KEX,302,True,False,False,accepted,12
Clean strict KEX,303,True,False,False,accepted,12
Clean strict KEX,304,True,False,False,accepted,12
Clean strict KEX,305,True,False,False,accepted,12
Clean strict KEX,306,True,False,False,accepted,12
Clean strict KEX,307,True,False,False,accepted,12
Clean strict KEX,308,True,False,False,accepted,12
Clean strict KEX,309,True,False,False,accepted,12
Clean strict KEX,310,True,False,False,accepted,12
Clean strict KEX,311,True,False,False,accepted,12
Clean strict KEX,312,True,False,False,accepted,12
Clean strict KEX,313,True,False,False,accepted,12
Clean strict KEX,314,True,False,False,accepted,12
Clean strict KEX,315,True,False,False,accepted,12
Clean strict KEX,316,True,False,False,accepted,12
Clean strict KEX,317,True,False,False,accepted,12
Clean strict KEX,318,True,False,False,accepted,12
Clean strict KEX,319,True,False,False,accepted,12
Clean strict KEX,320,True,False,False,accepted,12
Clean strict KEX,321,True,False,False,accepted,12
Clean strict KEX,322,True,False,False,accepted,12
Clean strict KEX,323,True,False,False,accepted,12
Clean strict KEX,324,True,False,False,accepted,12
Clean strict KEX,325,True,False,False,accepted,12
Clean strict KEX,326,True,False,False,accepted,12
Clean strict KEX,327,True,False,False,accepted,12
Clean strict KEX,328,True,False,False,accepted,12
Clean strict KEX,329,True,False,False,accepted,12
Clean strict KEX,330,True,False,False,accepted,12
Clean strict KEX,331,True,False,False,accepted,12
Clean strict KEX,332,True,False,False,accepted,12
Clean strict KEX,333,True,False,False,accepted,12
Clean strict KEX,334,True,False,False,accepted,12
Clean strict KEX,335,True,False,False,accepted,12
Clean strict KEX,336,True,False,False,accepted,12
Clean strict KEX,337,True,False,False,accepted,12
Clean strict KEX,338,True,False,False,accepted,12
Clean strict KEX,339,True,False,False,accepted,12
Clean strict KEX,340,True,False,False,accepted,12
Clean strict KEX,341,True,False,False,accepted,12
Clean strict KEX,342,True,False,False,accepted,12
Clean strict KEX,343,True,False,False,accepted,12
Clean strict KEX,344,True,False,False,accepted,12
Clean strict KEX,345,True,False,False,accepted,12
Clean strict KEX,346,True,False,False,accepted,12
Clean strict KEX,347,True,False,False,accepted,12
Clean strict KEX,348,True,False,False,accepted,12
Clean strict KEX,349,True,False,False,accepted,12
Clean strict KEX,350,True,False,False,accepted,12
Clean strict KEX,351,True,False,False,accepted,12
Clean strict KEX,352,True,False,False,accepted,12
Clean strict KEX,353,True,False,False,accepted,12
Clean strict KEX,354,True,False,False,accepted,12
Clean strict KEX,355,True,False,False,accepted,12
Clean strict KEX,356,True,False,False,accepted,12
Clean strict KEX,357,True,False,False,accepted,12
Clean strict KEX,358,True,False,False,accepted,12
Clean strict KEX,359,True,False,False,accepted,12
Clean strict KEX,360,True,False,False,accepted,12
Clean strict KEX,361,True,False,False,accepted,12
Clean strict KEX,362,True,False,False,accepted,12
Clean strict KEX,363,True,False,False,accepted,12
Clean strict KEX,364,True,False,False,accepted,12
Clean strict KEX,365,True,False,False,accepted,12
Clean strict KEX,366,True,False,False,accepted,12
Clean strict KEX,367,True,False,False,accepted,12
Clean strict KEX,368,True,False,False,accepted,12
Clean strict KEX,369,True,False,False,accepted,12
Clean strict KEX,370,True,False,False,accepted,12
Clean strict KEX,371,True,False,False,accepted,12
Clean strict KEX,372,True,False,False,accepted,12
Clean strict KEX,373,True,False,False,accepted,12
Clean strict KEX,374,True,False,False,accepted,12
Clean strict KEX,375,True,False,False,accepted,12
Clean strict KEX,376,True,False,False,accepted,12
Clean strict KEX,377,True,False,False,accepted,12
Clean strict KEX,378,True,False,False,accepted,12
Clean strict KEX,379,True,False,False,accepted,12
Clean strict KEX,380,True,False,False,accepted,12
Clean strict KEX,381,True,False,False,accepted,12
Clean strict KEX,382,True,False,False,accepted,12
Clean strict KEX,383,True,False,False,accepted,12
Clean strict KEX,384,True,False,False,accepted,12
Clean strict KEX,385,True,False,False,accepted,12
Clean strict KEX,386,True,False,False,accepted,12
Clean strict KEX,387,True,False,False,accepted,12
Clean strict KEX,388,True,False,False,accepted,12
Clean strict KEX,389,True,False,False,accepted,12
Clean strict KEX,390,True,False,False,accepted,12
Clean strict KEX,391,True,False,False,accepted,12
Clean strict KEX,392,True,False,False,accepted,12
Clean strict KEX,393,True,False,False,accepted,12
Clean strict KEX,394,True,False,False,accepted,12
Clean strict KEX,395,True,False,False,accepted,12
Clean strict KEX,396,True,False,False,accepted,12
Clean strict KEX,397,True,False,False,accepted,12
Clean strict KEX,398,True,False,False,accepted,12
Clean strict KEX,399,True,False,False,accepted,12
Clean strict KEX,400,True,False,False,accepted,12
Clean strict KEX,401,True,False,False,accepted,12
Clean strict KEX,402,True,False,False,accepted,12
Clean strict KEX,403,True,False,False,accepted,12
Clean strict KEX,404,True,False,False,accepted,12
Clean strict KEX,405,True,False,False,accepted,12
Clean strict KEX,406,True,False,False,accepted,12
Clean strict KEX,407,True,False,False,accepted,12
Clean strict KEX,408,True,False,False,accepted,12
Clean strict KEX,409,True,False,False,accepted,12
Clean strict KEX,410,True,False,False,accepted,12
Clean strict KEX,411,True,False,False,accepted,12
Clean strict KEX,412,True,False,False,accepted,12
Clean strict KEX,413,True,False,False,accepted,12
Clean strict KEX,414,True,False,False,accepted,12
Clean strict KEX,415,True,False,False,accepted,12
Clean strict KEX,416,True,False,False,accepted,12
Clean strict KEX,417,True,False,False,accepted,12
Clean strict KEX,418,True,False,False,accepted,12
Clean strict KEX,419,True,False,False,accepted,12
Clean strict KEX,420,True,False,False,accepted,12
Clean strict KEX,421,True,False,False,accepted,12
Clean strict KEX,422,True,False,False,accepted,12
Clean strict KEX,423,True,False,False,accepted,12
Clean strict KEX,424,True,False,False,accepted,12
Clean strict KEX,425,True,False,False,accepted,12
Clean strict KEX,426,True,False,False,accepted,12
Clean strict KEX,427,True,False,False,accepted,12
Clean strict KEX,428,True,False,False,accepted,12
Clean strict KEX,429,True,False,False,accepted,12
Clean strict KEX,430,True,False,False,accepted,12
Clean strict KEX,431,True,False,False,accepted,12
Clean strict KEX,432,True,False,False,accepted,12
Clean strict KEX,433,True,False,False,accepted,12
Clean strict KEX,434,True,False,False,accepted,12
Clean strict KEX,435,True,False,False,accepted,12
Clean strict KEX,436,True,False,False,accepted,12
Clean strict KEX,437,True,False,False,accepted,12
Clean strict KEX,438,True,False,False,accepted,12
Clean strict KEX,439,True,False,False,accepted,12
Clean strict KEX,440,True,False,False,accepted,12
Clean strict KEX,441,True,False,False,accepted,12
Clean strict KEX,442,True,False,False,accepted,12
Clean strict KEX,443,True,False,False,accepted,12
Clean strict KEX,444,True,False,False,accepted,12
Clean strict KEX,445,True,False,False,accepted,12
Clean strict KEX,446,True,False,False,accepted,12
Clean strict KEX,447,True,False,False,accepted,12
Clean strict KEX,448,True,False,False,accepted,12
Clean strict KEX,449,True,False,False,accepted,12
Clean strict KEX,450,True,False,False,accepted,12
Clean strict KEX,451,True,False,False,accepted,12
Clean strict KEX,452,True,False,False,accepted,12
Clean strict KEX,453,True,False,False,accepted,12
Clean strict KEX,454,True,False,False,accepted,12
Clean strict KEX,455,True,False,False,accepted,12
Clean strict KEX,456,True,False,False,accepted,12
Clean strict KEX,457,True,False,False,accepted,12
Clean strict KEX,458,True,False,False,accepted,12
Clean strict KEX,459,True,False,False,accepted,12
Clean strict KEX,460,True,False,False,accepted,12
Clean strict KEX,461,True,False,False,accepted,12
Clean strict KEX,462,True,False,False,accepted,12
Clean strict KEX,463,True,False,False,accepted,12
Clean strict KEX,464,True,False,False,accepted,12
Clean strict KEX,465,True,False,False,accepted,12
Clean strict KEX,466,True,False,False,accepted,12
Clean strict KEX,467,True,False,False,accepted,12
Clean strict KEX,468,True,False,False,accepted,12
Clean strict KEX,469,True,False,False,accepted,12
Clean strict KEX,470,True,False,False,accepted,12
Clean strict KEX,471,True,False,False,accepted,12
Clean strict KEX,472,True,False,False,accepted,12
Clean strict KEX,473,True,False,False,accepted,12
Clean strict KEX,474,True,False,False,accepted,12
Clean strict KEX,475,True,False,False,accepted,12
Clean strict KEX,476,True,False,False,accepted,12
Clean strict KEX,477,True,False,False,accepted,12
Clean strict KEX,478,True,False,False,accepted,12
Clean strict KEX,479,True,False,False,accepted,12
Clean strict KEX,480,True,False,False,accepted,12
Clean strict KEX,481,True,False,False,accepted,12
Clean strict KEX,482,True,False,False,accepted,12
Clean strict KEX,483,True,False,False,accepted,12
Clean strict KEX,484,True,False,False,accepted,12
Clean strict KEX,485,True,False,False,accepted,12
Clean strict KEX,486,True,False,False,accepted,12
Clean strict KEX,487,True,False,False,accepted,12
Clean strict KEX,488,True,False,False,accepted,12
Clean strict KEX,489,True,False,False,accepted,12
Clean strict KEX,490,True,False,False,accepted,12
Clean strict KEX,491,True,False,False,accepted,12
Clean strict KEX,492,True,False,False,accepted,12
Clean strict KEX,493,True,False,False,accepted,12
Clean strict KEX,494,True,False,False,accepted,12
Clean strict KEX,495,True,False,False,accepted,12
Clean strict KEX,496,True,False,False,accepted,12
Clean strict KEX,497,True,False,False,accepted,12
Clean strict KEX,498,True,False,False,accepted,12
Clean strict KEX,499,True,False,False,accepted,12
Clean strict KEX,500,True,False,False,accepted,12
Clean strict KEX,501,True,False,False,accepted,12
Clean strict KEX,502,True,False,False,accepted,12
Clean strict KEX,503,True,False,False,accepted,12
Clean strict KEX,504,True,False,False,accepted,12
Clean strict KEX,505,True,False,False,accepted,12
Clean strict KEX,506,True,False,False,accepted,12
Clean strict KEX,507,True,False,False,accepted,12
Clean strict KEX,508,True,False,False,accepted,12
Clean strict KEX,509,True,False,False,accepted,12
Clean strict KEX,510,True,False,False,accepted,12
Clean strict KEX,511,True,False,False,accepted,12
Clean strict KEX,512,True,False,False,accepted,12
Clean strict KEX,513,True,False,False,accepted,12
Clean strict KEX,514,True,False,False,accepted,12
Clean strict KEX,515,True,False,False,accepted,12
Clean strict KEX,516,True,False,False,accepted,12
Clean strict KEX,517,True,False,False,accepted,12
Clean strict KEX,518,True,False,False,accepted,12
Clean strict KEX,519,True,False,False,accepted,12
Clean strict KEX,520,True,False,False,accepted,12
Clean strict KEX,521,True,False,False,accepted,12
Clean strict KEX,522,True,False,False,accepted,12
Clean strict KEX,523,True,False,False,accepted,12
Clean strict KEX,524,True,False,False,accepted,12
Clean strict KEX,525,True,False,False,accepted,12
Clean strict KEX,526,True,False,False,accepted,12
Clean strict KEX,527,True,False,False,accepted,12
Clean strict KEX,528,True,False,False,accepted,12
Clean strict KEX,529,True,False,False,accepted,12
Clean strict KEX,530,True,False,False,accepted,12
Clean strict KEX,531,True,False,False,accepted,12
Clean strict KEX,532,True,False,False,accepted,12
Clean strict KEX,533,True,False,False,accepted,12
Clean strict KEX,534,True,False,False,accepted,12
Clean strict KEX,535,True,False,False,accepted,12
Clean strict KEX,536,True,False,False,accepted,12
Clean strict KEX,537,True,False,False,accepted,12
Clean strict KEX,538,True,False,False,accepted,12
Clean strict KEX,539,True,False,False,accepted,12
Clean strict KEX,540,True,False,False,accepted,12
Clean strict KEX,541,True,False,False,accepted,12
Clean strict KEX,542,True,False,False,accepted,12
Clean strict KEX,543,True,False,False,accepted,12
Clean strict KEX,544,True,False,False,accepted,12
Clean strict KEX,545,True,False,False,accepted,12
Clean strict KEX,546,True,False,False,accepted,12
Clean strict KEX,547,True,False,False,accepted,12
Clean strict KEX,548,True,False,False,accepted,12
Clean strict KEX,549,True,False,False,accepted,12
Clean strict KEX,550,True,False,False,accepted,12
Clean strict KEX,551,True,False,False,accepted,12
Clean strict KEX,552,True,False,False,accepted,12
Clean strict KEX,553,True,False,False,accepted,12
Clean strict KEX,554,True,False,False,accepted,12
Clean strict KEX,555,True,False,False,accepted,12
Clean strict KEX,556,True,False,False,accepted,12
Clean strict KEX,557,True,False,False,accepted,12
Clean strict KEX,558,True,False,False,accepted,12
Clean strict KEX,559,True,False,False,accepted,12
Clean strict KEX,560,True,False,False,accepted,12
Clean strict KEX,561,True,False,False,accepted,12
Clean strict KEX,562,True,False,False,accepted,12
Clean strict KEX,563,True,False,False,accepted,12
Clean strict KEX,564,True,False,False,accepted,12
Clean strict KEX,565,True,False,False,accepted,12
Clean strict KEX,566,True,False,False,accepted,12
Clean strict KEX,567,True,False,False,accepted,12
Clean strict KEX,568,True,False,False,accepted,12
Clean strict KEX,569,True,False,False,accepted,12
Clean strict KEX,570,True,False,False,accepted,12
Clean strict KEX,571,True,False,False,accepted,12
Clean strict KEX,572,True,False,False,accepted,12
Clean strict KEX,573,True,False,False,accepted,12
Clean strict KEX,574,True,False,False,accepted,12
Clean strict KEX,575,True,False,False,accepted,12
Clean strict KEX,576,True,False,False,accepted,12
Clean strict KEX,577,True,False,False,accepted,12
Clean strict KEX,578,True,False,False,accepted,12
Clean strict KEX,579,True,False,False,accepted,12
Clean strict KEX,580,True,False,False,accepted,12
Clean strict KEX,581,True,False,False,accepted,12
Clean strict KEX,582,True,False,False,accepted,12
Clean strict KEX,583,True,False,False,accepted,12
Clean strict KEX,584,True,False,False,accepted,12
Clean strict KEX,585,True,False,False,accepted,12
Clean strict KEX,586,True,False,False,accepted,12
Clean strict KEX,587,True,False,False,accepted,12
Clean strict KEX,588,True,False,False,accepted,12
Clean strict KEX,589,True,False,False,accepted,12
Clean strict KEX,590,True,False,False,accepted,12
Clean strict KEX,591,True,False,False,accepted,12
Clean strict KEX,592,True,False,False,accepted,12
Clean strict KEX,593,True,False,False,accepted,12
Clean strict KEX,594,True,False,False,accepted,12
Clean strict KEX,595,True,False,False,accepted,12
Clean strict KEX,596,True,False,False,accepted,12
Clean strict KEX,597,True,False,False,accepted,12
Clean strict KEX,598,True,False,False,accepted,12
Clean strict KEX,599,True,False,False,accepted,12
Clean strict KEX,600,True,False,False,accepted,12
Clean strict KEX,601,True,False,False,accepted,12
Clean strict KEX,602,True,False,False,accepted,12
Clean strict KEX,603,True,False,False,accepted,12
Clean strict KEX,604,True,False,False,accepted,12
Clean strict KEX,605,True,False,False,accepted,12
Clean strict KEX,606,True,False,False,accepted,12
Clean strict KEX,607,True,False,False,accepted,12
Clean strict KEX,608,True,False,False,accepted,12
Clean strict KEX,609,True,False,False,accepted,12
Clean strict KEX,610,True,False,False,accepted,12
Clean strict KEX,611,True,False,False,accepted,12
Clean strict KEX,612,True,False,False,accepted,12
Clean strict KEX,613,True,False,False,accepted,12
Clean strict KEX,614,True,False,False,accepted,12
Clean strict KEX,615,True,False,False,accepted,12
Clean strict KEX,616,True,False,False,accepted,12
Clean strict KEX,617,True,False,False,accepted,12
Clean strict KEX,618,True,False,False,accepted,12
Clean strict KEX,619,True,False,False,accepted,12
Clean strict KEX,620,True,False,False,accepted,12
Clean strict KEX,621,True,False,False,accepted,12
Clean strict KEX,622,True,False,False,accepted,12
Clean strict KEX,623,True,False,False,accepted,12
Clean strict KEX,624,True,False,False,accepted,12
Clean strict KEX,625,True,False,False,accepted,12
Clean strict KEX,626,True,False,False,accepted,12
Clean strict KEX,627,True,False,False,accepted,12
Clean strict KEX,628,True,False,False,accepted,12
Clean strict KEX,629,True,False,False,accepted,12
Clean strict KEX,630,True,False,False,accepted,12
Clean strict KEX,631,True,False,False,accepted,12
Clean strict KEX,632,True,False,False,accepted,12
Clean strict KEX,633,True,False,False,accepted,12
Clean strict KEX,634,True,False,False,accepted,12
Clean strict KEX,635,True,False,False,accepted,12
Clean strict KEX,636,True,False,False,accepted,12
Clean strict KEX,637,True,False,False,accepted,12
Clean strict KEX,638,True,False,False,accepted,12
Clean strict KEX,639,True,False,False,accepted,12
Clean strict KEX,640,True,False,False,accepted,12
Clean strict KEX,641,True,False,False,accepted,12
Clean strict KEX,642,True,False,False,accepted,12
Clean strict KEX,643,True,False,False,accepted,12
Clean strict KEX,644,True,False,False,accepted,12
Clean strict KEX,645,True,False,False,accepted,12
Clean strict KEX,646,True,False,False,accepted,12
Clean strict KEX,647,True,False,False,accepted,12
Clean strict KEX,648,True,False,False,accepted,12
Clean strict KEX,649,True,False,False,accepted,12
Clean strict KEX,650,True,False,False,accepted,12
Clean strict KEX,651,True,False,False,accepted,12
Clean strict KEX,652,True,False,False,accepted,12
Clean strict KEX,653,True,False,False,accepted,12
Clean strict KEX,654,True,False,False,accepted,12
Clean strict KEX,655,True,False,False,accepted,12
Clean strict KEX,656,True,False,False,accepted,12
Clean strict KEX,657,True,False,False,accepted,12
Clean strict KEX,658,True,False,False,accepted,12
Clean strict KEX,659,True,False,False,accepted,12
Clean strict KEX,660,True,False,False,accepted,12
Clean strict KEX,661,True,False,False,accepted,12
Clean strict KEX,662,True,False,False,accepted,12
Clean strict KEX,663,True,False,False,accepted,12
Clean strict KEX,664,True,False,False,accepted,12
Clean strict KEX,665,True,False,False,accepted,12
Clean strict KEX,666,True,False,False,accepted,12
Clean strict KEX,667,True,False,False,accepted,12
Clean strict KEX,668,True,False,False,accepted,12
Clean strict KEX,669,True,False,False,accepted,12
Clean strict KEX,670,True,False,False,accepted,12
Clean strict KEX,671,True,False,False,accepted,12
Clean strict KEX,672,True,False,False,accepted,12
Clean strict KEX,673,True,False,False,accepted,12
Clean strict KEX,674,True,False,False,accepted,12
Clean strict KEX,675,True,False,False,accepted,12
Clean strict KEX,676,True,False,False,accepted,12
Clean strict KEX,677,True,False,False,accepted,12
Clean strict KEX,678,True,False,False,accepted,12
Clean strict KEX,679,True,False,False,accepted,12
Clean strict KEX,680,True,False,False,accepted,12
Clean strict KEX,681,True,False,False,accepted,12
Clean strict KEX,682,True,False,False,accepted,12
Clean strict KEX,683,True,False,False,accepted,12
Clean strict KEX,684,True,False,False,accepted,12
Clean strict KEX,685,True,False,False,accepted,12
Clean strict KEX,686,True,False,False,accepted,12
Clean strict KEX,687,True,False,False,accepted,12
Clean strict KEX,688,True,False,False,accepted,12
Clean strict KEX,689,True,False,False,accepted,12
Clean strict KEX,690,True,False,False,accepted,12
Clean strict KEX,691,True,False,False,accepted,12
Clean strict KEX,692,True,False,False,accepted,12
Clean strict KEX,693,True,False,False,accepted,12
Clean strict KEX,694,True,False,False,accepted,12
Clean strict KEX,695,True,False,False,accepted,12
Clean strict KEX,696,True,False,False,accepted,12
Clean strict KEX,697,True,False,False,accepted,12
Clean strict KEX,698,True,False,False,accepted,12
Clean strict KEX,699,True,False,False,accepted,12
Clean strict KEX,700,True,False,False,accepted,12
Clean strict KEX,701,True,False,False,accepted,12
Clean strict KEX,702,True,False,False,accepted,12
Clean strict KEX,703,True,False,False,accepted,12
Clean strict KEX,704,True,False,False,accepted,12
Clean strict KEX,705,True,False,False,accepted,12
Clean strict KEX,706,True,False,False,accepted,12
Clean strict KEX,707,True,False,False,accepted,12
Clean strict KEX,708,True,False,False,accepted,12
Clean strict KEX,709,True,False,False,accepted,12
Clean strict KEX,710,True,False,False,accepted,12
Clean strict KEX,711,True,False,False,accepted,12
Clean strict KEX,712,True,False,False,accepted,12
Clean strict KEX,713,True,False,False,accepted,12
Clean strict KEX,714,True,False,False,accepted,12
Clean strict KEX,715,True,False,False,accepted,12
Clean strict KEX,716,True,False,False,accepted,12
Clean strict KEX,717,True,False,False,accepted,12
Clean strict KEX,718,True,False,False,accepted,12
Clean strict KEX,719,True,False,False,accepted,12
Clean strict KEX,720,True,False,False,accepted,12
Clean strict KEX,721,True,False,False,accepted,12
Clean strict KEX,722,True,False,False,accepted,12
Clean strict KEX,723,True,False,False,accepted,12
Clean strict KEX,724,True,False,False,accepted,12
Clean strict KEX,725,True,False,False,accepted,12
Clean strict KEX,726,True,False,False,accepted,12
Clean strict KEX,727,True,False,False,accepted,12
Clean strict KEX,728,True,False,False,accepted,12
Clean strict KEX,729,True,False,False,accepted,12
Clean strict KEX,730,True,False,False,accepted,12
Clean strict KEX,731,True,False,False,accepted,12
Clean strict KEX,732,True,False,False,accepted,12
Clean strict KEX,733,True,False,False,accepted,12
Clean strict KEX,734,True,False,False,accepted,12
Clean strict KEX,735,True,False,False,accepted,12
Clean strict KEX,736,True,False,False,accepted,12
Clean strict KEX,737,True,False,False,accepted,12
Clean strict KEX,738,True,False,False,accepted,12
Clean strict KEX,739,True,False,False,accepted,12
Clean strict KEX,740,True,False,False,accepted,12
Clean strict KEX,741,True,False,False,accepted,12
Clean strict KEX,742,True,False,False,accepted,12
Clean strict KEX,743,True,False,False,accepted,12
Clean strict KEX,744,True,False,False,accepted,12
Clean strict KEX,745,True,False,False,accepted,12
Clean strict KEX,746,True,False,False,accepted,12
Clean strict KEX,747,True,False,False,accepted,12
Clean strict KEX,748,True,False,False,accepted,12
Clean strict KEX,749,True,False,False,accepted,12
Clean strict KEX,750,True,False,False,accepted,12
Clean strict KEX,751,True,False,False,accepted,12
Clean strict KEX,752,True,False,False,accepted,12
Clean strict KEX,753,True,False,False,accepted,12
Clean strict KEX,754,True,False,False,accepted,12
Clean strict KEX,755,True,False,False,accepted,12
Clean strict KEX,756,True,False,False,accepted,12
Clean strict KEX,757,True,False,False,accepted,12
Clean strict KEX,758,True,False,False,accepted,12
Clean strict KEX,759,True,False,False,accepted,12
Clean strict KEX,760,True,False,False,accepted,12
Clean strict KEX,761,True,False,False,accepted,12
Clean strict KEX,762,True,False,False,accepted,12
Clean strict KEX,763,True,False,False,accepted,12
Clean strict KEX,764,True,False,False,accepted,12
Clean strict KEX,765,True,False,False,accepted,12
Clean strict KEX,766,True,False,False,accepted,12
Clean strict KEX,767,True,False,False,accepted,12
Clean strict KEX,768,True,False,False,accepted,12
Clean strict KEX,769,True,False,False,accepted,12
Clean strict KEX,770,True,False,False,accepted,12
Clean strict KEX,771,True,False,False,accepted,12
Clean strict KEX,772,True,False,False,accepted,12
Clean strict KEX,773,True,False,False,accepted,12
Clean strict KEX,774,True,False,False,accepted,12
Clean strict KEX,775,True,False,False,accepted,12
Clean strict KEX,776,True,False,False,accepted,12
Clean strict KEX,777,True,False,False,accepted,12
Clean strict KEX,778,True,False,False,accepted,12
Clean strict KEX,779,True,False,False,accepted,12
Clean strict KEX,780,True,False,False,accepted,12
Clean strict KEX,781,True,False,False,accepted,12
Clean strict KEX,782,True,False,False,accepted,12
Clean strict KEX,783,True,False,False,accepted,12
Clean strict KEX,784,True,False,False,accepted,12
Clean strict KEX,785,True,False,False,accepted,12
Clean strict KEX,786,True,False,False,accepted,12
Clean strict KEX,787,True,False,False,accepted,12
Clean strict KEX,788,True,False,False,accepted,12
Clean strict KEX,789,True,False,False,accepted,12
Clean strict KEX,790,True,False,False,accepted,12
Clean strict KEX,791,True,False,False,accepted,12
Clean strict KEX,792,True,False,False,accepted,12
Clean strict KEX,793,True,False,False,accepted,12
Clean strict KEX,794,True,False,False,accepted,12
Clean strict KEX,795,True,False,False,accepted,12
Clean strict KEX,796,True,False,False,accepted,12
Clean strict KEX,797,True,False,False,accepted,12
Clean strict KEX,798,True,False,False,accepted,12
Clean strict KEX,799,True,False,False,accepted,12
Clean strict KEX,800,True,False,False,accepted,12
Clean strict KEX,801,True,False,False,accepted,12
Clean strict KEX,802,True,False,False,accepted,12
Clean strict KEX,803,True,False,False,accepted,12
Clean strict KEX,804,True,False,False,accepted,12
Clean strict KEX,805,True,False,False,accepted,12
Clean strict KEX,806,True,False,False,accepted,12
Clean strict KEX,807,True,False,False,accepted,12
Clean strict KEX,808,True,False,False,accepted,12
Clean strict KEX,809,True,False,False,accepted,12
Clean strict KEX,810,True,False,False,accepted,12
Clean strict KEX,811,True,False,False,accepted,12
Clean strict KEX,812,True,False,False,accepted,12
Clean strict KEX,813,True,False,False,accepted,12
Clean strict KEX,814,True,False,False,accepted,12
Clean strict KEX,815,True,False,False,accepted,12
Clean strict KEX,816,True,False,False,accepted,12
Clean strict KEX,817,True,False,False,accepted,12
Clean strict KEX,818,True,False,False,accepted,12
Clean strict KEX,819,True,False,False,accepted,12
Clean strict KEX,820,True,False,False,accepted,12
Clean strict KEX,821,True,False,False,accepted,12
Clean strict KEX,822,True,False,False,accepted,12
Clean strict KEX,823,True,False,False,accepted,12
Clean strict KEX,824,True,False,False,accepted,12
Clean strict KEX,825,True,False,False,accepted,12
Clean strict KEX,826,True,False,False,accepted,12
Clean strict KEX,827,True,False,False,accepted,12
Clean strict KEX,828,True,False,False,accepted,12
Clean strict KEX,829,True,False,False,accepted,12
Clean strict KEX,830,True,False,False,accepted,12
Clean strict KEX,831,True,False,False,accepted,12
Clean strict KEX,832,True,False,False,accepted,12
Clean strict KEX,833,True,False,False,accepted,12
Clean strict KEX,834,True,False,False,accepted,12
Clean strict KEX,835,True,False,False,accepted,12
Clean strict KEX,836,True,False,False,accepted,12
Clean strict KEX,837,True,False,False,accepted,12
Clean strict KEX,838,True,False,False,accepted,12
Clean strict KEX,839,True,False,False,accepted,12
Clean strict KEX,840,True,False,False,accepted,12
Clean strict KEX,841,True,False,False,accepted,12
Clean strict KEX,842,True,False,False,accepted,12
Clean strict KEX,843,True,False,False,accepted,12
Clean strict KEX,844,True,False,False,accepted,12
Clean strict KEX,845,True,False,False,accepted,12
Clean strict KEX,846,True,False,False,accepted,12
Clean strict KEX,847,True,False,False,accepted,12
Clean strict KEX,848,True,False,False,accepted,12
Clean strict KEX,849,True,False,False,accepted,12
Clean strict KEX,850,True,False,False,accepted,12
Clean strict KEX,851,True,False,False,accepted,12
Clean strict KEX,852,True,False,False,accepted,12
Clean strict KEX,853,True,False,False,accepted,12
Clean strict KEX,854,True,False,False,accepted,12
Clean strict KEX,855,True,False,False,accepted,12
Clean strict KEX,856,True,False,False,accepted,12
Clean strict KEX,857,True,False,False,accepted,12
Clean strict KEX,858,True,False,False,accepted,12
Clean strict KEX,859,True,False,False,accepted,12
Clean strict KEX,860,True,False,False,accepted,12
Clean strict KEX,861,True,False,False,accepted,12
Clean strict KEX,862,True,False,False,accepted,12
Clean strict KEX,863,True,False,False,accepted,12
Clean strict KEX,864,True,False,False,accepted,12
Clean strict KEX,865,True,False,False,accepted,12
Clean strict KEX,866,True,False,False,accepted,12
Clean strict KEX,867,True,False,False,accepted,12
Clean strict KEX,868,True,False,False,accepted,12
Clean strict KEX,869,True,False,False,accepted,12
Clean strict KEX,870,True,False,False,accepted,12
Clean strict KEX,871,True,False,False,accepted,12
Clean strict KEX,872,True,False,False,accepted,12
Clean strict KEX,873,True,False,False,accepted,12
Clean strict KEX,874,True,False,False,accepted,12
Clean strict KEX,875,True,False,False,accepted,12
Clean strict KEX,876,True,False,False,accepted,12
Clean strict KEX,877,True,False,False,accepted,12
Clean strict KEX,878,True,False,False,accepted,12
Clean strict KEX,879,True,False,False,accepted,12
Clean strict KEX,880,True,False,False,accepted,12
Clean strict KEX,881,True,False,False,accepted,12
Clean strict KEX,882,True,False,False,accepted,12
Clean strict KEX,883,True,False,False,accepted,12
Clean strict KEX,884,True,False,False,accepted,12
Clean strict KEX,885,True,False,False,accepted,12
Clean strict KEX,886,True,False,False,accepted,12
Clean strict KEX,887,True,False,False,accepted,12
Clean strict KEX,888,True,False,False,accepted,12
Clean strict KEX,889,True,False,False,accepted,12
Clean strict KEX,890,True,False,False,accepted,12
Clean strict KEX,891,True,False,False,accepted,12
Clean strict KEX,892,True,False,False,accepted,12
Clean strict KEX,893,True,False,False,accepted,12
Clean strict KEX,894,True,False,False,accepted,12
Clean strict KEX,895,True,False,False,accepted,12
Clean strict KEX,896,True,False,False,accepted,12
Clean strict KEX,897,True,False,False,accepted,12
Clean strict KEX,898,True,False,False,accepted,12
Clean strict KEX,899,True,False,False,accepted,12
Clean strict KEX,900,True,False,False,accepted,12
Clean strict KEX,901,True,False,False,accepted,12
Clean strict KEX,902,True,False,False,accepted,12
Clean strict KEX,903,True,False,False,accepted,12
Clean strict KEX,904,True,False,False,accepted,12
Clean strict KEX,905,True,False,False,accepted,12
Clean strict KEX,906,True,False,False,accepted,12
Clean strict KEX,907,True,False,False,accepted,12
Clean strict KEX,908,True,False,False,accepted,12
Clean strict KEX,909,True,False,False,accepted,12
Clean strict KEX,910,True,False,False,accepted,12
Clean strict KEX,911,True,False,False,accepted,12
Clean strict KEX,912,True,False,False,accepted,12
Clean strict KEX,913,True,False,False,accepted,12
Clean strict KEX,914,True,False,False,accepted,12
Clean strict KEX,915,True,False,False,accepted,12
Clean strict KEX,916,True,False,False,accepted,12
Clean strict KEX,917,True,False,False,accepted,12
Clean strict KEX,918,True,False,False,accepted,12
Clean strict KEX,919,True,False,False,accepted,12
Clean strict KEX,920,True,False,False,accepted,12
Clean strict KEX,921,True,False,False,accepted,12
Clean strict KEX,922,True,False,False,accepted,12
Clean strict KEX,923,True,False,False,accepted,12
Clean strict KEX,924,True,False,False,accepted,12
Clean strict KEX,925,True,False,False,accepted,12
Clean strict KEX,926,True,False,False,accepted,12
Clean strict KEX,927,True,False,False,accepted,12
Clean strict KEX,928,True,False,False,accepted,12
Clean strict KEX,929,True,False,False,accepted,12
Clean strict KEX,930,True,False,False,accepted,12
Clean strict KEX,931,True,False,False,accepted,12
Clean strict KEX,932,True,False,False,accepted,12
Clean strict KEX,933,True,False,False,accepted,12
Clean strict KEX,934,True,False,False,accepted,12
Clean strict KEX,935,True,False,False,accepted,12
Clean strict KEX,936,True,False,False,accepted,12
Clean strict KEX,937,True,False,False,accepted,12
Clean strict KEX,938,True,False,False,accepted,12
Clean strict KEX,939,True,False,False,accepted,12
Clean strict KEX,940,True,False,False,accepted,12
Clean strict KEX,941,True,False,False,accepted,12
Clean strict KEX,942,True,False,False,accepted,12
Clean strict KEX,943,True,False,False,accepted,12
Clean strict KEX,944,True,False,False,accepted,12
Clean strict KEX,945,True,False,False,accepted,12
Clean strict KEX,946,True,False,False,accepted,12
Clean strict KEX,947,True,False,False,accepted,12
Clean strict KEX,948,True,False,False,accepted,12
Clean strict KEX,949,True,False,False,accepted,12
Clean strict KEX,950,True,False,False,accepted,12
Clean strict KEX,951,True,False,False,accepted,12
Clean strict KEX,952,True,False,False,accepted,12
Clean strict KEX,953,True,False,False,accepted,12
Clean strict KEX,954,True,False,False,accepted,12
Clean strict KEX,955,True,False,False,accepted,12
Clean strict KEX,956,True,False,False,accepted,12
Clean strict KEX,957,True,False,False,accepted,12
Clean strict KEX,958,True,False,False,accepted,12
Clean strict KEX,959,True,False,False,accepted,12
Clean strict KEX,960,True,False,False,accepted,12
Clean strict KEX,961,True,False,False,accepted,12
Clean strict KEX,962,True,False,False,accepted,12
Clean strict KEX,963,True,False,False,accepted,12
Clean strict KEX,964,True,False,False,accepted,12
Clean strict KEX,965,True,False,False,accepted,12
Clean strict KEX,966,True,False,False,accepted,12
Clean strict KEX,967,True,False,False,accepted,12
Clean strict KEX,968,True,False,False,accepted,12
Clean strict KEX,969,True,False,False,accepted,12
Clean strict KEX,970,True,False,False,accepted,12
Clean strict KEX,971,True,False,False,accepted,12
Clean strict KEX,972,True,False,False,accepted,12
Clean strict KEX,973,True,False,False,accepted,12
Clean strict KEX,974,True,False,False,accepted,12
Clean strict KEX,975,True,False,False,accepted,12
Clean strict KEX,976,True,False,False,accepted,12
Clean strict KEX,977,True,False,False,accepted,12
Clean strict KEX,978,True,False,False,accepted,12
Clean strict KEX,979,True,False,False,accepted,12
Clean strict KEX,980,True,False,False,accepted,12
Clean strict KEX,981,True,False,False,accepted,12
Clean strict KEX,982,True,False,False,accepted,12
Clean strict KEX,983,True,False,False,accepted,12
Clean strict KEX,984,True,False,False,accepted,12
Clean strict KEX,985,True,False,False,accepted,12
Clean strict KEX,986,True,False,False,accepted,12
Clean strict KEX,987,True,False,False,accepted,12
Clean strict KEX,988,True,False,False,accepted,12
Clean strict KEX,989,True,False,False,accepted,12
Clean strict KEX,990,True,False,False,accepted,12
Clean strict KEX,991,True,False,False,accepted,12
Clean strict KEX,992,True,False,False,accepted,12
Clean strict KEX,993,True,False,False,accepted,12
Clean strict KEX,994,True,False,False,accepted,12
Clean strict KEX,995,True,False,False,accepted,12
Clean strict KEX,996,True,False,False,accepted,12
Clean strict KEX,997,True,False,False,accepted,12
Clean strict KEX,998,True,False,False,accepted,12
Clean strict KEX,999,True,False,False,accepted,12
